<?xml version="1.0" encoding="UTF-8"?>
<kml xmlns="http://www.opengis.net/kml/2.2" xmlns:gx="http://www.google.com/kml/ext/2.2" xmlns:xsi="http://www.w3.org/2001/XMLSchema-instance"
 xsi:schemaLocation="http://www.opengis.net/kml/2.2 http://schemas.opengis.net/kml/2.2.0/ogckml22.xsd http://www.google.com/kml/ext/2.2 http://code.google.com/apis/kml/schema/kml22gx.xsd">
<Document id="GJ_Blocks">
  <name>GJ_Blocks</name>
  <Snippet></Snippet>
  <Style id="PolyStyle00">
    <LabelStyle>
      <color>00000000</color>
      <scale>0.000000</scale>
    </LabelStyle>
    <LineStyle>
      <color>ffc5ff00</color>
      <width>2.000000</width>
    </LineStyle>
    <PolyStyle>
      <color>ff73ffff</color>
      <outline>1</outline>
    </PolyStyle>
  </Style>
  <Style id="PolyStyle10">
    <LabelStyle>
      <color>00000000</color>
      <scale>0.000000</scale>
    </LabelStyle>
    <LineStyle>
      <color>ffff7000</color>
      <width>2.000000</width>
    </LineStyle>
    <PolyStyle>
      <color>ff00a838</color>
      <outline>1</outline>
    </PolyStyle>
  </Style>
  <Style id="PolyStyle20">
    <LabelStyle>
      <color>00000000</color>
      <scale>0.000000</scale>
    </LabelStyle>
    <LineStyle>
      <color>ffe65c00</color>
      <width>2.000000</width>
    </LineStyle>
    <PolyStyle>
      <color>ff00a838</color>
      <outline>1</outline>
    </PolyStyle>
  </Style>
  <Style id="PolyStyle40">
    <LabelStyle>
      <color>00000000</color>
      <scale>0.000000</scale>
    </LabelStyle>
    <LineStyle>
      <color>ffc5ff00</color>
      <width>2.000000</width>
    </LineStyle>
    <PolyStyle>
      <color>ffbeffff</color>
      <outline>1</outline>
    </PolyStyle>
  </Style>
  <Style id="PolyStyle80">
    <LabelStyle>
      <color>00000000</color>
      <scale>0.000000</scale>
    </LabelStyle>
    <LineStyle>
      <color>ffc5ff00</color>
      <width>2.000000</width>
    </LineStyle>
    <PolyStyle>
      <color>ff00ffff</color>
      <outline>1</outline>
    </PolyStyle>
  </Style>
  <Style id="PolyStyle110">
    <LabelStyle>
      <color>00000000</color>
      <scale>0.000000</scale>
    </LabelStyle>
    <LineStyle>
      <color>ff000000</color>
      <width>2.000000</width>
    </LineStyle>
    <PolyStyle>
      <color>ff0000ff</color>
      <outline>1</outline>
    </PolyStyle>
  </Style>
  <Style id="PolyStyle200">
    <LabelStyle>
      <color>00000000</color>
      <scale>0.000000</scale>
    </LabelStyle>
    <LineStyle>
      <color>ff000000</color>
      <width>2.000000</width>
    </LineStyle>
    <PolyStyle>
      <color>00f0f0f0</color>
      <outline>1</outline>
    </PolyStyle>
  </Style>
  <Folder id="FeatureLayer0">
    <name>shoreline25km buffer</name>
    <Snippet></Snippet>
    <Placemark id="ID_00000">
      <name>Shoreline-Block-4</name>
      <Snippet></Snippet>
      <description><![CDATA[<html xmlns:fo="http://www.w3.org/1999/XSL/Format" xmlns:msxsl="urn:schemas-microsoft-com:xslt">
<head>
<META http-equiv="Content-Type" content="text/html">
<meta http-equiv="content-type" content="text/html; charset=UTF-8">
</head>
<body style="margin:0px 0px 0px 0px;overflow:auto;background:#FFFFFF;">
<table style="font-family:Arial,Verdana,Times;font-size:12px;text-align:left;width:100%;border-collapse:collapse;padding:3px 3px 3px 3px">
<tr style="text-align:center;font-weight:bold;background:#9CBCE2">
<td>Shoreline-Block-4</td>
</tr>
<tr>
<td>
<table style="font-family:Arial,Verdana,Times;font-size:12px;text-align:left;width:100%;border-spacing:0px; padding:3px 3px 3px 3px">
<tr>
<td>FID</td>
<td>0</td>
</tr>
<tr bgcolor="#D4E4F3">
<td>NAME</td>
<td>Shoreline-Block-4</td>
</tr>
<tr>
<td>LAYER</td>
<td>Ocean&lt;BR&gt;&lt;BR&gt;&lt;B&gt;KML_STYLE&lt;/B&gt; = inline0&lt;BR&gt;&lt;B&gt;tessellate&lt;/B&gt; = 1&lt;BR&gt;&lt;B&gt;PERIMETER&lt;/B&gt; = 406.91 km&lt;BR&gt;&lt;B&gt;ENCLOSED_AREA&lt;/B&gt; = 4479.7 sq km</td>
</tr>
<tr bgcolor="#D4E4F3">
<td>GM_TYPE</td>
<td>Ocean</td>
</tr>
<tr>
<td>KML_STYLE</td>
<td>area1</td>
</tr>
<tr bgcolor="#D4E4F3">
<td>tessellate</td>
<td>1</td>
</tr>
<tr>
<td>PERIMETER</td>
<td>406.91 km</td>
</tr>
<tr bgcolor="#D4E4F3">
<td>ENCLOSED_A</td>
<td>4479.7 sq km</td>
</tr>
</table>
</td>
</tr>
</table>
</body>
</html>
]]></description>
      <styleUrl>#PolyStyle00</styleUrl>
      <MultiGeometry>
        <Polygon>
          <extrude>0</extrude><altitudeMode>clampToGround</altitudeMode>
          <outerBoundaryIs><LinearRing><coordinates> 69.9163143742,21.3025001557,0 70.16642677919999,21.0437988798,0 70.37184555739999,20.8965644869,0 70.496582731,20.8238536961,0 70.6403618204,20.7603238299,0 70.8327085488,20.6962909083,0 70.94898975700001,20.7077245406,0 71.0754143976,20.7358079102,0 71.1408465168,20.7596941273,0 71.14253029770001,20.9854928077,0 71.12106782799999,20.9847318667,0 71.0539151464,20.9701967374,0 71.00397251059999,20.9519616301,0 70.907059606,20.9304326653,0 70.8950580651,20.9292775627,0 70.8694102785,20.9268090609,0 70.8561813192,20.925535824,0 70.8317719474,20.9324843348,0 70.8171057424,20.9366593002,0 70.69103876050001,20.9846549973,0 70.6783136249,20.989499658,0 70.5729383843,21.0410921145,0 70.49985239599999,21.0878917449,0 70.4820171217,21.0993123232,0 70.3408604299,21.1994459062,0 70.3197686451,21.2212888096,0 70.2511916447,21.2923079676,0 70.2289755251,21.3153152455,0 69.90392474479999,21.3153152455,0 69.9163143742,21.3025001557,0</coordinates></LinearRing></outerBoundaryIs>
        </Polygon>
      </MultiGeometry>
    </Placemark>
  </Folder>
  <Folder id="FeatureLayer1">
    <name>GJ_Blocks_Intersect2</name>
    <Snippet></Snippet>
    <Placemark id="ID_10000">
      <name>Kutch</name>
      <Snippet></Snippet>
      <description><![CDATA[<html xmlns:fo="http://www.w3.org/1999/XSL/Format" xmlns:msxsl="urn:schemas-microsoft-com:xslt">
<head>
<META http-equiv="Content-Type" content="text/html">
<meta http-equiv="content-type" content="text/html; charset=UTF-8">
</head>
<body style="margin:0px 0px 0px 0px;overflow:auto;background:#FFFFFF;">
<table style="font-family:Arial,Verdana,Times;font-size:12px;text-align:left;width:100%;border-collapse:collapse;padding:3px 3px 3px 3px">
<tr style="text-align:center;font-weight:bold;background:#9CBCE2">
<td>Kutch</td>
</tr>
<tr>
<td>
<table style="font-family:Arial,Verdana,Times;font-size:12px;text-align:left;width:100%;border-spacing:0px; padding:3px 3px 3px 3px">
<tr>
<td>FID</td>
<td>1</td>
</tr>
<tr bgcolor="#D4E4F3">
<td>FID_GJ_Blocks</td>
<td>0</td>
</tr>
<tr>
<td>Id</td>
<td>0</td>
</tr>
<tr bgcolor="#D4E4F3">
<td>Blocks</td>
<td>Block 1</td>
</tr>
<tr>
<td>Block_Name</td>
<td>Kutch</td>
</tr>
<tr bgcolor="#D4E4F3">
<td>FID_Gujarat</td>
<td>0</td>
</tr>
<tr>
<td>STATE</td>
<td>GUJARAT</td>
</tr>
<tr bgcolor="#D4E4F3">
<td>area</td>
<td>187413</td>
</tr>
</table>
</td>
</tr>
</table>
</body>
</html>
]]></description>
      <styleUrl>#PolyStyle10</styleUrl>
      <MultiGeometry>
        <Polygon>
          <extrude>0</extrude><altitudeMode>clampToGround</altitudeMode>
          <outerBoundaryIs><LinearRing><coordinates> 70.68834059274423,24.22069436825052,0 70.66914159231067,24.22073911851555,0 70.65859339906615,24.22255170659605,0 70.64427234209495,24.22501261863749,0 70.60901028259855,24.23992942070623,0 70.60228909226782,24.24268361785471,0 70.59650884190961,24.24521786781042,0 70.59268784197036,24.24613486782994,0 70.58156984187474,24.24888336867258,0 70.57563359241641,24.25264386851978,0 70.57386834195046,24.25548611828975,0 70.57484289588297,24.2605145066392,0 70.57516934259115,24.26219886848304,0 70.57651909188263,24.26508011825291,0 70.57787209222334,24.26795236850705,0 70.58128009200271,24.27276861847702,0 70.58147040923205,24.27675154404858,0 70.58083227818713,24.28151378163574,0 70.576851841939,24.29469286868101,0 70.57707959254924,24.30425311798706,0 70.57426259214498,24.30804136821462,0 70.57350634234388,24.31280736856525,0 70.5727475924275,24.31853761841643,0 70.56887909209649,24.32327386829445,0 70.56708384204575,24.32802436793031,0 70.56421784207981,24.33563436813165,0 70.56023959208358,24.34897586824178,0 70.55949409187889,24.35279211796194,0 70.56189609203108,24.35472536808135,0 70.5643028424023,24.35666111831603,0 70.57266059201277,24.36028186801383,0 70.57960109191691,24.36679361793119,0 70.58065241018062,24.36888906347957,0 70.59870776704986,24.40550153956445,0 70.52489326431277,24.40621679646802,0 70.52134259248669,24.40535161808276,0 70.50860009212062,24.40223711834841,0 70.46884259241176,24.39019186865988,0 70.46256284240133,24.38783886806937,0 70.45676359206618,24.38685786869576,0 70.44849284197113,24.38493186801134,0 70.44368559241622,24.38396161823414,0 70.41271661757787,24.37552098980188,0 70.39700479233733,24.36683118261305,0 70.3927755919201,24.36410686813753,0 70.38741484202137,24.36070761876164,0 70.38641984200217,24.36037311862458,0 70.38467134230865,24.36000986806101,0 70.37204109172308,24.35410336817597,0 70.30365459198589,24.34852661820889,0 70.28270358270424,24.34015599390403,0 70.27109034214561,24.33551611807445,0 70.26865309216652,24.3345448682511,0 70.25836009234445,24.33192611799598,0 70.24562509232419,24.32497536851849,0 70.22415097618665,24.3230412379628,0 70.21253341348631,24.31992936245018,0 70.2007640919893,24.31535061803663,0 70.18717434212226,24.31085736857273,0 70.18289159157376,24.3094668683014,0 70.17579551974751,24.3076858077539,0 70.1713045914338,24.3065586181857,0 70.14965484219726,24.30239236851304,0 70.1251004949919,24.29912518368036,0 70.11997984159649,24.29825836852893,0 70.110613342232,24.29573986840023,0 70.10890134152373,24.29498561869138,0 70.10773859186259,24.29402911864895,0 70.10374134188947,24.28289836796534,0 70.10157359174792,24.27903411783035,0 70.09991809184652,24.27629911850954,0 70.09822344805372,24.27298660874504,0 70.08830934160289,24.24720561864444,0 70.07597459205385,24.22443961829379,0 70.07002230948206,24.21062206835381,0 70.06739759132586,24.20279286829629,0 70.06524259177223,24.19849711804761,0 70.06440909200603,24.19759161855842,0 70.05120159178011,24.19060161817021,0 70.04322409171851,24.18330386797919,0 70.04194334201168,24.18213136786841,0 70.03810284207253,24.17857036822795,0 70.03177868084151,24.17547401591315,0 70.02471659169743,24.17201636816094,0 70.01711984210709,24.17049036793617,0 70.01612309200715,24.17033761808665,0 69.8873709156353,24.17120417693127,0 69.87820634194918,24.17114386839484,0 69.86823106091481,24.17133299672048,0 69.77995960465211,24.17192710235395,0 69.77184184182761,24.17180211817328,0 69.7297748417356,24.17226486792936,0 69.71471159136689,24.18452636859706,0 69.60393534104321,24.28164461860433,0 69.56310209118863,24.28320036840233,0 69.53959909102531,24.27784411871119,0 69.53518259150343,24.27753136867778,0 69.51130234103027,24.27210136828359,0 69.48415784111154,24.26821636809098,0 69.48093859104318,24.26866511810078,0 69.46711509118859,24.27069661825436,0 69.45996226584595,24.27423330202532,0 69.43707909102727,24.27992386839185,0 69.40109209072745,24.27267961797003,0 69.37479684130125,24.27082136861134,0 69.36451559112169,24.27212886865243,0 69.35265109077528,24.27360961858909,0 69.35221502840091,24.27391615880373,0 69.33237209089936,24.27679936819635,0 69.19251384124084,24.23835436785981,0 69.09177284054419,24.27275886802738,0 69.02193234120466,24.22995636819189,0 69.00767634119023,24.22390386786924,0 69.00495859086635,24.22361911822776,0 68.98934709039594,24.22806086801472,0 68.98333759115695,24.23244336866657,0 68.9828958801408,24.23370748631152,0 68.98185384108194,24.23380761862677,0 68.94295084030909,24.30254411831646,0 68.93343159109509,24.29604361801859,0 68.91422159105366,24.28489186816523,0 68.88531066075842,24.22907828273662,0 68.88434084085719,24.22559411847385,0 68.87817784083472,24.21530811807526,0 68.87527334089202,24.21366336777027,0 68.8733643409916,24.21302836816471,0 68.87117559078092,24.21242386816704,0 68.86770209067902,24.21235636865157,0 68.86612259068505,24.21257186779752,0 68.85857409062186,24.21350611861254,0 68.85855459062191,24.21419961821783,0 68.85422684069619,24.21638111809415,0 68.85255159078332,24.21726386833291,0 68.85081659081305,24.22149036808605,0 68.84181684037492,24.25722736854829,0 68.8418480909167,24.25794336829188,0 68.84185221880489,24.2580382584589,0 68.82732809041909,24.31725336854817,0 68.81700809025119,24.31192486833805,0 68.77026081498468,24.29558012632179,0 68.76932523946829,24.27774639747832,0 68.76926493093185,24.27659680849598,0 68.76939584074552,24.2730308679802,0 68.76848609016099,24.25632636836724,0 68.76547934089893,24.19592061794219,0 68.76269809034466,24.13552836813972,0 68.76240534033423,24.12953036853173,0 68.76221059034651,24.12835686837485,0 68.7617563409824,24.1276791176972,0 68.76137034026902,24.12043911837065,0 68.7605443408487,24.10531036767935,0 68.75971859054056,24.09020936826778,0 68.75955459017223,24.08692261778464,0 68.75931429132152,24.08691981010122,0 68.75907794049459,24.08241454749344,0 68.75913384055434,24.08204911787254,0 68.7591288403238,24.08127061794471,0 68.75405209093128,23.98661286808942,0 68.75316509049657,23.9700658676457,0 68.75245309093748,23.96961411839692,0 68.75235059070724,23.96781911835768,0 68.39552958981875,23.96563061815857,0 68.39131034039997,23.96752111810514,0 68.38645209029181,23.96628386770635,0 68.38460908983768,23.9669893678651,0 68.38329609044229,23.96744636825537,0 68.37721833985455,23.96965011825841,0 68.3718395900251,23.96070886782002,0 68.37669258989115,23.94923286830226,0 68.37763534019882,23.94682811802329,0 68.37652909044522,23.94370436786232,0 68.37530409061134,23.94204061758046,0 68.37458184057954,23.94202261764974,0 68.37431383991185,23.94268361755496,0 68.36920333986228,23.94166236812384,0 68.3637310902177,23.94357211805885,0 68.36072108990641,23.95433336789068,0 68.36120908992763,23.95477486756613,0 68.36046758990739,23.96813861780299,0 68.3600768398743,23.97554211837411,0 68.34447059054537,23.97582536794641,0 68.34046559021488,23.95928611786007,0 68.3403035899388,23.95712561805288,0 68.33973508980262,23.95384611790405,0 68.33949450586681,23.95340240050041,0 68.33716408995087,23.93928261809839,0 68.346543735605,23.93864948638475,0 68.3504118402343,23.9396061177282,0 68.3521935905618,23.93826811807924,0 68.35033959049974,23.933384617706,0 68.34694134027069,23.9298526176043,0 68.34044509016883,23.9296878681007,0 68.33360721819861,23.93271371536571,0 68.32806984055077,23.93390186817675,0 68.32145971199617,23.92516889083169,0 68.32163558971075,23.92301136778048,0 68.31819209009296,23.92085186801933,0 68.30869784023321,23.92061136772048,0 68.30211958994715,23.92321536819475,0 68.29697709022059,23.92791536819971,0 68.29406608997812,23.93336336762536,0 68.29344058991137,23.93749436837044,0 68.29127859003495,23.9429651179459,0 68.27304959026645,23.93352036767089,0 68.26386534031326,23.91441436792877,0 68.27952881800059,23.90111235974763,0 68.28281158988301,23.89970211755872,0 68.2843975901767,23.89697761782287,0 68.28323159036563,23.89395936803044,0 68.27901684025505,23.8927006175395,0 68.27348009033398,23.89394386821499,0 68.26789784011328,23.89679111821556,0 68.26127584050766,23.90076436798125,0 68.23160584013749,23.88787111785786,0 68.218458589992,23.88299361776131,0 68.20175509042514,23.84899661749995,0 68.20157609026438,23.79002386750756,0 68.19948233993807,23.77772486780844,0 68.19587508996347,23.76674786791983,0 68.19071709042146,23.75844361807856,0 68.18840815661122,23.75599310130065,0 68.18036134040358,23.74440311810946,0 68.17634334037291,23.71968511767409,0 68.1774903402071,23.71311836791841,0 68.17918734022362,23.70437411757155,0 68.17994058988637,23.69516186812575,0 68.17784384032103,23.68587411789628,0 68.17288634013255,23.6765173680821,0 68.16498458996693,23.66972061761248,0 68.15570759023313,23.66156661750546,0 68.14772709003324,23.65740086785581,0 68.13832283982725,23.65320461769898,0 68.1289223397942,23.64900136811872,0 68.12302659040489,23.64571711775085,0 68.11682009017505,23.64199736798417,0 68.10731533983113,23.63683936754285,0 68.10599409005528,23.63615436743015,0 68.12843483979606,23.60899161756913,0 68.20031295827647,23.59184613539088,0 68.23078759017523,23.59526086749509,0 68.2641358401969,23.58593836746172,0 68.26930491758793,23.59072431117806,0 68.26999983992073,23.59467086726676,0 68.27098759050494,23.59491786786538,0 68.27392058996332,23.59499786795732,0 68.27465409051393,23.59464761799325,0 68.28806059002426,23.58811911730345,0 68.29917734006227,23.59335686782526,0 68.30093834033221,23.59184036803862,0 68.30130384010022,23.58959761803567,0 68.29973094023075,23.58621115162339,0 68.29997934017445,23.58300486798032,0 68.31000434022815,23.5788418675582,0 68.32623883975072,23.49629111754109,0 68.40469483979507,23.48740661792112,0 68.40558084018369,23.48682486717394,0 68.4073673398309,23.48619836796036,0 68.40889083994034,23.48607636773022,0 68.40921352208642,23.48601330097313,0 68.41295509030522,23.48602286796103,0 68.41780834018283,23.48770361722819,0 68.41997684035897,23.48899811756911,0 68.4228787592474,23.49036017318349,0 68.42314708996628,23.49048611784013,0 68.42532034036145,23.49147586761723,0 68.42799534051261,23.49248036717523,0 68.4352765899427,23.49828111757955,0 68.44148984048383,23.50592886772313,0 68.44182484064396,23.51812686726117,0 68.43876384067875,23.52461636795107,0 68.43675566893904,23.52833304563359,0 68.43591559063208,23.52969911762023,0 68.43501609052021,23.5315526176592,0 68.43462634053327,23.53342411762895,0 68.43475759029059,23.53467436772792,0 68.43490209065902,23.53561161778197,0 68.43503184034722,23.53702111713091,0 68.43566884004497,23.53844611719461,0 68.43633209005395,23.53893061795372,0 68.43767834008338,23.53911586750331,0 68.4382035900237,23.53850686729811,0 68.43838559032281,23.53804011735758,0 68.43843146294171,23.53782421621463,0 68.43949934042229,23.53462511725542,0 68.44596233989012,23.53353511735185,0 68.44776384022907,23.53560961768977,0 68.44906483997045,23.53751211729042,0 68.45073933984872,23.53817711738009,0 68.45193834028225,23.53773911786607,0 68.45197809031669,23.536335367883,0 68.45066083982596,23.53489586715062,0 68.44955334001469,23.53205886762271,0 68.44860309026046,23.5298478672853,0 68.44780734043644,23.52795361716574,0 68.44763034036799,23.52232511751021,0 68.44919009035044,23.52095561730795,0 68.45042634070313,23.5191138678108,0 68.45201734032804,23.51680211732389,0 68.45326784043851,23.51448986771328,0 68.45622133994294,23.51158861792044,0 68.46114084017768,23.51108086788781,0 68.46464859815433,23.5133124977736,0 68.46662659044483,23.51464886785101,0 68.4682903407267,23.5156293672016,0 68.47013809050054,23.51614561762619,0 68.47366059016417,23.51731986781772,0 68.47584384012117,23.51783586733148,0 68.47853809026071,23.51821511773358,0 68.48023684035797,23.5180963676533,0 68.48145409073373,23.5168833674735,0 68.48115659050433,23.51546811785943,0 68.47802559000905,23.51242511782499,0 68.47521959011203,23.51001161714248,0 68.47139059070327,23.50758111747461,0 68.46807808993196,23.50514786768002,0 68.46490709029007,23.50351736713282,0 68.46155809053352,23.50233986769081,0 68.45911303803632,23.50181203399825,0 68.45267403517863,23.50023737415552,0 68.44545708997276,23.49727211781402,0 68.43738130840075,23.48896249991947,0 68.43614084022767,23.4876081173208,0 68.43202052522713,23.48514430856306,0 68.42545159011883,23.48046561709458,0 68.41815433995089,23.47289611786158,0 68.41657383991082,23.4699603673771,0 68.41758658984929,23.46840436756759,0 68.4229865906587,23.46830411744111,0 68.4330065904818,23.47448861755572,0 68.43874833996398,23.47715536732642,0 68.43948159050308,23.47671211757023,0 68.43946833989202,23.47365761790479,0 68.44054208994555,23.47352186793989,0 68.44289634059368,23.47284361723922,0 68.44258359056033,23.47160486767058,0 68.43139834006138,23.46444586758275,0 68.42675283987171,23.46350161720591,0 68.4238190903788,23.46343811787489,0 68.41317359048884,23.4601483672534,0 68.41170609026392,23.44700911747685,0 68.40952984062972,23.44222636725311,0 68.40891859032075,23.4418678678079,0 68.40718009018906,23.44271961751639,0 68.40602609003207,23.44484711760043,0 68.40428234055764,23.44405136777647,0 68.40019609007754,23.43904436710392,0 68.39973337179771,23.42358770920549,0 68.39992684025151,23.42232136753711,0 68.39963484027572,23.42029636768325,0 68.40793358986332,23.41168411712835,0 68.41835334013462,23.40697011737706,0 68.42488809021324,23.40960561750529,0 68.42679509002147,23.41519036784126,0 68.43326858997352,23.41568436723981,0 68.43777709014063,23.42059061776285,0 68.4408528039138,23.42392086125881,0 68.44573734030604,23.42920961772973,0 68.44685362379573,23.43281049151102,0 68.44749134025318,23.43486761784635,0 68.44774459024069,23.43556611768224,0 68.4496698399912,23.43696861760765,0 68.45028109030011,23.43643036706783,0 68.45066383996431,23.43609461777243,0 68.45270034034849,23.43343561745985,0 68.45267484007189,23.43209161753418,0 68.4524700905223,23.43112911721505,0 68.45126159055002,23.42918511749923,0 68.44853184057206,23.42402811710394,0 68.44483259085143,23.41831438600019,0 68.44235153399615,23.4106798001327,0 68.44332181345101,23.40119927752471,0 68.44745240320589,23.39725290219974,0 68.45321883997752,23.39355711756696,0 68.4591340902661,23.391679367309,0 68.45845609047626,23.36739636714867,0 68.47435084051892,23.36356486762458,0 68.48000334038193,23.36211711741112,0 68.4826305901297,23.36422836764513,0 68.48717609020446,23.36256961759381,0 68.48501259025886,23.35960186743227,0 68.48493834043211,23.35161161768207,0 68.48705183987056,23.34975486749317,0 68.48901409042799,23.3497993677467,0 68.49187834031324,23.35747411733672,0 68.49218609011604,23.36023886713008,0 68.4905043399034,23.36363186711702,0 68.50051734030308,23.36958061715183,0 68.50477245918171,23.36873968358958,0 68.50836114714929,23.36898652680679,0 68.51263334055625,23.37069136711295,0 68.51550459076429,23.36926111770646,0 68.51711309029696,23.36499386697341,0 68.52136234019991,23.36314086785683,0 68.52890483998641,23.36065361737059,0 68.54062370591936,23.35669419648002,0 68.5504730899612,23.35584686783875,0 68.55617809044656,23.3571093676033,0 68.55908059029707,23.36274836774305,0 68.56072236564472,23.3659363438872,0 68.56240883999601,23.36921111719937,0 68.56316459067335,23.37062836780495,0 68.56648609006106,23.37362161734382,0 68.56907634080056,23.37429411777936,0 68.57096409062035,23.3742488674913,0 68.5763253405421,23.37365786721682,0 68.58074033999475,23.37107886699619,0 68.5787818009394,23.37087934070905,0 68.57670109078276,23.37066736780486,0 68.57233209075343,23.37150136759408,0 68.56916144274646,23.36969054668145,0 68.56446059018413,23.36406711740358,0 68.56317604893559,23.35840606228999,0 68.56221333997371,23.35408236740739,0 68.56140464530819,23.35192531560091,0 68.55975931673913,23.34600118270845,0 68.55918904134126,23.34022040984411,0 68.5638510899559,23.33515311772226,0 68.56444284026492,23.33527836720293,0 68.56654384002627,23.33567636757033,0 68.57198703617286,23.3362060511684,0 68.57848234018792,23.33683811718544,0 68.58214909020842,23.33624011748748,0 68.58750534079888,23.33750561739038,0 68.59763284018351,23.3338853677156,0 68.60788534083588,23.32578636744694,0 68.60940284066862,23.32718861736083,0 68.61199434056641,23.32866436706695,0 68.61461259079846,23.329525367202,0 68.61852084026464,23.33007411732672,0 68.61948958997266,23.3300933673151,0 68.62050009070668,23.32855211728645,0 68.61542909068004,23.32411986703829,0 68.61533309074957,23.32302011758441,0 68.61431334048831,23.32209861735737,0 68.61254599909864,23.3216406573905,0 68.61041559060709,23.32108861754574,0 68.58227184047314,23.32338261721407,0 68.58009859007791,23.32196086730022,0 68.58158460014926,23.31622905622601,0 68.58175509002547,23.31577986734703,0 68.58187359009418,23.31511436723429,0 68.58144884029178,23.31329011764484,0 68.57872859075189,23.31391061748104,0 68.57648378759677,23.31529924626324,0 68.57289159047457,23.31752136761708,0 68.57240784064936,23.31705311760732,0 68.56976409014072,23.31563511696714,0 68.57233134071885,23.31340286744842,0 68.57327934036931,23.3123213670375,0 68.57468334036395,23.30906861722298,0 68.57499834050105,23.30659786749766,0 68.57665934065608,23.30494186757318,0 68.57693009055129,23.30405236702319,0 68.57595534056657,23.30336461768303,0 68.57002734058938,23.30579986756987,0 68.561742590748,23.31386386712381,0 68.55690883997102,23.31173386692444,0 68.55611584027389,23.31017511698809,0 68.55414334014307,23.30801286710016,0 68.55166709016413,23.30560936777817,0 68.54793384067426,23.30294261710816,0 68.5453802094292,23.30168609153992,0 68.54195534016685,23.29857336706726,0 68.54103234076996,23.29526336731061,0 68.54022707432006,23.29346671341813,0 68.53911459046606,23.29098461694656,0 68.53839259044577,23.28956061692895,0 68.53493234005549,23.28596261738096,0 68.53398209030127,23.28358361739009,0 68.53302602732936,23.28218013450567,0 68.53208283995116,23.27884661747748,0 68.53428284068059,23.27255911710961,0 68.53718259040426,23.26862486734382,0 68.53807459017025,23.26707311773026,0 68.53749684050683,23.26628336728362,0 68.5352863401925,23.26365486747818,0 68.53584959008657,23.26154936750936,0 68.53996158995545,23.25976661713571,0 68.54408509035471,23.25751336754792,0 68.54437409019215,23.25610536736883,0 68.54265659012958,23.25395511713498,0 68.54044209053012,23.25131711689147,0 68.54000959037035,23.24848511759416,0 68.54105559004353,23.24733761773695,0 68.55014083992785,23.24924336748745,0 68.55181459067086,23.24746861748275,0 68.55301884044718,23.24523336692641,0 68.56236009044585,23.24363311687489,0 68.56539884028433,23.24596786752312,0 68.56561209022584,23.25004661765735,0 68.55220409064634,23.26332811769851,0 68.5577445907403,23.26345836740978,0 68.56210983879805,23.2632299944687,0 68.56210994042146,23.26322998907278,0 68.56379434003679,23.26314186720344,0 68.56934759071879,23.26281761753904,0 68.57542659046482,23.26114486774151,0 68.58172159027924,23.25766786747818,0 68.5899573405589,23.25468511752422,0 68.59714083997784,23.25440361713328,0 68.6037193402754,23.25862636761281,0 68.61019809046957,23.26646761768643,0 68.61214117377619,23.27549394309108,0 68.61279184047112,23.27976611761227,0 68.61117384050038,23.28325011729913,0 68.6123143400348,23.28820636742995,0 68.61724059058082,23.29395836738479,0 68.62298559021286,23.29761911712859,0 68.62608032734528,23.29898529073864,0 68.628004840551,23.29983486768504,0 68.6322805907767,23.30134836733333,0 68.63432859079188,23.30068836747421,0 68.63338615614623,23.29869405608588,0 68.63264509049856,23.29712586776463,0 68.63016734045044,23.29495711757698,0 68.62851075956394,23.29418501902347,0 68.62215784071185,23.29054311727111,0 68.6179923401744,23.28481111733925,0 68.61785309004813,23.28058111742467,0 68.61996234018989,23.27348461752115,0 68.62218059086166,23.26990911721202,0 68.62248534052611,23.26448836724438,0 68.62319734008526,23.2622388669302,0 68.62414409057737,23.25727961756036,0 68.62579784039809,23.25640761691801,0 68.62890559072048,23.25602561728846,0 68.62860559037574,23.2551118674188,0 68.62741010269411,23.25420064824135,0 68.62492684070122,23.25230786761404,0 68.62074934050969,23.24994911765771,0 68.6109405905359,23.24460086743613,0 68.60576234005998,23.23693111717739,0 68.60250234081042,23.23685536728141,0 68.59721359063474,23.23945236743288,0 68.59142584082997,23.2424921173174,0 68.58445359036097,23.24097136733479,0 68.58171634003713,23.23955561769765,0 68.5808030901905,23.23387936763874,0 68.58188059041697,23.22986761699696,0 68.5837370905943,23.22384286705471,0 68.58991085460229,23.21646656198232,0 68.59939296091648,23.20838997012106,0 68.60263559066004,23.20588036698541,0 68.60587534077439,23.20258736711332,0 68.60916634055422,23.19727936694926,0 68.61460109026814,23.19336511720644,0 68.62457966461989,23.18630939796037,0 68.63230033719088,23.18327793622785,0 68.63524309069612,23.18238936737544,0 68.64222884088838,23.18389036734663,0 68.64679909030582,23.18533786754858,0 68.64848934001111,23.18537636752541,0 68.65023884065005,23.18339361692193,0 68.65051809003791,23.18205661731906,0 68.64862959018348,23.1799963676383,0 68.6453368735979,23.17899095886571,0 68.6431038407697,23.17830911717209,0 68.64316759011223,23.17583561731993,0 68.64815409073873,23.17056611713264,0 68.65213109067736,23.16661336741305,0 68.6524425906531,23.16393236698519,0 68.65549785923889,23.15904792592107,0 68.65627134005035,23.15781136710098,0 68.65721809054253,23.15574811728186,0 68.65791534032076,23.15282336730462,0 68.65419107955472,23.15596042113657,0 68.6520055902858,23.15772411757399,0 68.64484086241595,23.16458459220524,0 68.63336634048426,23.17516811711494,0 68.63429559016942,23.16728361684551,0 68.63477534070944,23.16691061763095,0 68.63478493197908,23.16690103805252,0 68.65448458499566,23.15149939168361,0 68.66644184051859,23.14248236706766,0 68.67187684024401,23.1394348668257,0 68.67417359003923,23.13792461732726,0 68.67454234085642,23.13701436761903,0 68.68309002998097,23.13169673301786,0 68.69602859064702,23.12517761675366,0 68.70266945173387,23.12132427359637,0 68.71797784020521,23.11244161758663,0 68.72856134083327,23.10564286702476,0 68.72924259077303,23.1051551170151,0 68.73022094524049,23.10431013560435,0 68.73411334055828,23.10094836727336,0 68.73606909081593,23.09912111754556,0 68.73902667234313,23.0964303450844,0 68.74461284090995,23.09134811702205,0 68.75096134049352,23.08551161676775,0 68.75581834054401,23.08231011751798,0 68.7570342635205,23.08132710456226,0 68.76141609058016,23.07778461746619,0 68.76909491230043,23.07462887392342,0 68.78986754015489,23.0689755439862,0 68.79650059062982,23.06727236742586,0 68.81089990390751,23.05709860691525,0 68.81089999114175,23.05709854576133,0 68.81567934102884,23.05375161714346,0 68.81646029160925,23.05319364087387,0 68.83469834035617,23.04038536679127,0 68.84941873588599,23.03477592916585,0 68.85045809046858,23.03437986683741,0 68.85762323202658,23.03026185230271,0 68.87010909106175,23.02308586671944,0 68.87220415979419,23.02168735258931,0 68.88408127313232,23.01561873281833,0 68.88408130460857,23.01561871932847,0 68.88542009026503,23.01504186718847,0 68.89465909094434,23.01090086688157,0 68.90581706410626,23.00356462750563,0 68.90581709108596,23.00356460951917,0 68.91152409076426,22.99983486738529,0 68.91240659099145,22.9992551167303,0 68.9185200905298,22.99529561669942,0 68.93332059047293,22.98549461708296,0 68.93359009031047,22.98458361734009,0 68.96327302383105,22.96727323367287,0 68.9632731407429,22.96727316622372,0 68.98142539956257,22.95687600872088,0 68.98870759058292,22.95270861690921,0 69.01599045119843,22.94197423792082,0 69.02742684097598,22.9374746167602,0 69.04082734110898,22.92934311679147,0 69.04270959067514,22.92818386729169,0 69.04424394560164,22.92724917311091,0 69.05803138444088,22.91885017969207,0 69.06679134054798,22.91559361675206,0 69.06915884090785,22.91916061666916,0 69.07303984091595,22.91957386684055,0 69.07873884112468,22.91608436690007,0 69.07855284064112,22.91336736661071,0 69.08139859057258,22.90573136700903,0 69.08335884103775,22.90553761706741,0 69.09349180470309,22.89987692707859,0 69.10266059081368,22.89475486714343,0 69.10943384109896,22.89296461732329,0 69.11507009111187,22.89347986680247,0 69.1168010908977,22.89238711677206,0 69.12108124780138,22.88926797383795,0 69.12136670430999,22.88905994895754,0 69.91234288371714,22.88442532337001,0 69.91684034200824,22.88891436670468,0 69.91886834200045,22.89038986729861,0 69.92097559205001,22.89151761714436,0 69.93450659190574,22.89663386655974,0 69.94411734174196,22.89759161665984,0 69.94434784157966,22.89860836678275,0 69.94530184150682,22.89928561653801,0 69.94592184132,22.89915811695357,0 69.95202384122734,22.89845886708309,0 69.98020934148798,22.90327336697237,0 69.98316109181098,22.90392261723503,0 69.98657159170563,22.90466461727834,0 69.99330809209482,22.90604811722687,0 70.00089209199649,22.91012236715358,0 70.01365534152086,22.91221311734154,0 70.02795434171958,22.9173896168374,0 70.04066759163612,22.91643336680647,0 70.05024709182987,22.91955361680601,0 70.05572034152061,22.9208906173082,0 70.06649034175592,22.92255086742864,0 70.09412959200711,22.92482236695872,0 70.10242159218279,22.92493861692367,0 70.12058534164026,22.93039036742158,0 70.12345609182523,22.93356761735168,0 70.12245934172529,22.93560736698646,0 70.10977884152038,22.93599111669675,0 70.09394384153512,22.93522911663047,0 70.08710734193033,22.9371598666346,0 70.08599884207297,22.93849761717132,0 70.08747484179059,22.94552586662547,0 70.08523834207585,22.94754211697517,0 70.08424259202206,22.94798936691581,0 70.08050209219783,22.94658686699034,0 70.07875359160505,22.94288186700459,0 70.0777698421046,22.94241836721392,0 70.0770485921189,22.94086436659728,0 70.07608634181128,22.94064011704779,0 70.07435784214078,22.94197386740012,0 70.07641209154485,22.9501363669998,0 70.07566184202045,22.95216661709577,0 70.06957359184781,22.95188161744272,0 70.06208909203804,22.94769061662868,0 70.05618684144963,22.94986811721986,0 70.05324284148401,22.95278836698958,0 70.05308084210725,22.9552701172222,0 70.06200609180775,22.96092661726965,0 70.06209834156527,22.96285486715846,0 70.06179359190082,22.96345111677567,0 70.06001809186148,22.96627711669561,0 70.05877584213147,22.96818511744925,0 70.05992959137757,22.9716483670785,0 70.06343634211356,22.97079536731241,0 70.06418359149961,22.96897036678905,0 70.06986309170838,22.96521111699951,0 70.0722215916532,22.96474211695516,0 70.07622184176466,22.96391661665859,0 70.07790784217326,22.96550136689461,0 70.08103184144636,22.96692161673928,0 70.08576434205082,22.96983361702786,0 70.08624184158776,22.97096086685059,0 70.08761909214746,22.97153061704438,0 70.08852709175193,22.97200986666206,0 70.08896684134669,22.97405786667724,0 70.08868409179746,22.9763008666917,0 70.0894205915871,22.97677336689742,0 70.10327434193738,22.97920886679583,0 70.10835709160654,22.98221436689954,0 70.1170640920343,22.9960266171347,0 70.11848434187891,22.99836436702196,0 70.12068134157073,23.0016686174128,0 70.12321534151488,23.00378786711644,0 70.12639434152572,23.00591436715439,0 70.12893809191945,23.00744361752896,0 70.13180134175855,23.00956086714035,0 70.13463609208202,23.01287861725444,0 70.1352450913879,23.01527186700309,0 70.13648184176367,23.01826211730292,0 70.13866934191662,23.02246086667571,0 70.13993409178494,23.0236691175358,0 70.1431163419457,23.02549986742497,0 70.14757359154805,23.02823961696481,0 70.15067259146696,23.0291281174687,0 70.15163684186683,23.02936836685672,0 70.15371684155906,23.02939236706413,0 70.15742534170619,23.02650586705215,0 70.15797359180789,23.02129861703759,0 70.15512584178424,23.01629811666481,0 70.15486034213114,23.01087211735438,0 70.15546834229025,23.00998611696576,0 70.15902684181538,23.00881361685498,0 70.16524984190676,23.00659036685198,0 70.16580384227353,23.00436961696431,0 70.16517984227596,23.0029631168544,0 70.162450092298,23.00009586683086,0 70.1591683420454,22.99932261714514,0 70.15357609226288,22.99897861746928,0 70.15237209159881,22.99832136683767,0 70.14932684146061,22.99653186705206,0 70.14443134143329,22.99920036690344,0 70.1371205915421,22.99798286741543,0 70.13419784165711,22.99635561701814,0 70.13483284216198,22.98708586671944,0 70.13552759182494,22.9870293668119,0 70.13700459158866,22.98592286704672,0 70.14265634141708,22.98537586700269,0 70.14368559211641,22.98290661734654,0 70.14287234148543,22.98087411714681,0 70.13941584216747,22.97708461686165,0 70.13700884178468,22.97569611668251,0 70.13411034211867,22.97260486712099,0 70.13390959185426,22.9711751168382,0 70.13399309210757,22.97046736747507,0 70.14268409179743,22.9672933667955,0 70.14368934139003,22.96616086673066,0 70.14424659190672,22.96189111678166,0 70.14718409157263,22.96081036730465,0 70.14864584153241,22.96082211694721,0 70.15041009195221,22.95900961700028,0 70.15089934203104,22.95586861694318,0 70.15300734211519,22.95573761719731,0 70.15414834167268,22.95554161715194,0 70.15942959150249,22.95664511677876,0 70.16857859162877,22.96425036676106,0 70.17298084229208,22.96469436745116,0 70.18394584162735,22.96306561698469,0 70.19098884176168,22.95739436715638,0 70.19718684159949,22.95850511711751,0 70.20099384179241,22.95728536662642,0 70.20219184217984,22.95821886740686,0 70.2027438415551,22.96128411666871,0 70.20101859203447,22.96238886725246,0 70.20087184156228,22.96397386660072,0 70.20103834204588,22.96441161700255,0 70.20287709230405,22.96918436676515,0 70.2027145920049,22.97177686670909,0 70.1964348419944,22.9761113669461,0 70.1941703418878,22.98219311681896,0 70.18554284152896,22.98774161728187,0 70.18567284212804,22.99587036712381,0 70.18469259188964,22.99654311667155,0 70.18141659190223,22.99549611695227,0 70.17948184171365,22.99411561714209,0 70.17880059177395,22.99323161684572,0 70.17504009192675,22.98783811723536,0 70.17337034226756,22.98691336685846,0 70.16822234228732,22.98841486685268,0 70.16793859179262,22.99088861671635,0 70.16848559183666,22.99239161677974,0 70.17757534192856,22.99916836722639,0 70.1778098419507,22.99985961672797,0 70.17584209203898,23.00073386747408,0 70.17532184142988,23.00237536672984,0 70.17555259217846,23.00351186697912,0 70.17503059148868,23.00524561689178,0 70.17601384186537,23.00592311665855,0 70.18342659196372,23.00682436685111,0 70.18956684183632,23.01220736687651,0 70.19372159187805,23.01949736671014,0 70.19688509207339,23.02009386723824,0 70.19853059151365,23.01595411698895,0 70.20368834194346,23.0137668668475,0 70.21108709229554,23.00922261683036,0 70.21207309189975,23.00787611678942,0 70.21502634229194,23.00436986697582,0 70.21796159185402,23.00142986719464,0 70.22088934196961,22.99848686727518,0 70.22265184230872,22.99642436749059,0 70.22488784200038,22.99681986684345,0 70.22463659210507,22.99884111742369,0 70.22536709161807,22.99976736697045,0 70.22665109147476,23.00341486700256,0 70.22671434169359,23.00596186664689,0 70.22638259168332,23.0117761167744,0 70.21604434157314,23.01931861746027,0 70.21625159213733,23.02203411678113,0 70.21697359215761,23.02181286736999,0 70.21733484172961,23.02420586710713,0 70.21765009187828,23.02634686691442,0 70.22438984151802,23.03141161755218,0 70.22437009150656,23.03277186732788,0 70.22167384217414,23.03454811740176,0 70.22014284171883,23.03926311719914,0 70.21949884169823,23.0494601170908,0 70.21432109214476,23.0543533670143,0 70.21510834157675,23.05990286752336,0 70.21519859214135,23.06059411702495,0 70.21433184174117,23.06217186693817,0 70.20367759144773,23.063940867577,0 70.19949984214406,23.06659986699032,0 70.19970534172819,23.06976761738167,0 70.20101009164244,23.07171611730502,0 70.21156134168262,23.07556636679442,0 70.21197009164649,23.07799261716559,0 70.21126284230638,23.07897161734633,0 70.20805884204196,23.08118111671524,0 70.2000708414962,23.07859211693273,0 70.19993709162355,23.0791741167921,0 70.19907659151153,23.07881186717395,0 70.19266409167454,23.07487461726981,0 70.18262684195525,23.06656336710574,0 70.1819395917388,23.06591911707363,0 70.18029309225244,23.06318436686507,0 70.17982784148177,23.06138461750612,0 70.17626384170296,23.05597136698503,0 70.16970509141692,23.04554411726724,0 70.16547659157152,23.04312686731112,0 70.16205559209197,23.04161086754755,0 70.15965409196281,23.04158236713261,0 70.1579038421886,23.0426368671977,0 70.15593609227687,23.04343461711392,0 70.15589034196574,23.0463808671833,0 70.15812984181878,23.05079486748917,0 70.16359684212063,23.06140586668744,0 70.16518884179169,23.06264661724765,0 70.17604334142715,23.07092186755023,0 70.17866709191281,23.07290036705837,0 70.1799858415734,23.07829761684161,0 70.17456659167493,23.07822661716472,0 70.18635934230986,23.09319836691117,0 70.19335759217921,23.10598611756535,0 70.20196059230756,23.11620211743383,0 70.20397559170027,23.11982336715471,0 70.20640784144877,23.1265888670826,0 70.20901409202679,23.13972961692832,0 70.21306434174602,23.14065261722453,0 70.21034234212544,23.14970061718981,0 70.20950859234773,23.15818961745691,0 70.2129045915737,23.16376861752775,0 70.21797159231517,23.16677811691659,0 70.2236040921552,23.16721411723779,0 70.23605184151933,23.16539661706025,0 70.24011434180346,23.16696786757308,0 70.2395140920018,23.16964536694019,0 70.23980709202374,23.17451936687536,0 70.24249409182892,23.17702911749984,0 70.24856084190941,23.17717336695739,0 70.25311259227237,23.18111086687304,0 70.25890534230774,23.17968211753572,0 70.26631809150678,23.17968336759338,0 70.26999509199993,23.18264611752437,0 70.27345784160616,23.18747536719451,0 70.28314909155739,23.19713986681148,0 70.28930609220242,23.19849286715214,0 70.29274084231605,23.20187086734671,0 70.29577209180866,23.21564136745519,0 70.29795434171956,23.22059161730937,0 70.30247059224411,23.22557986711723,0 70.30644409202131,23.22523061719926,0 70.32325009181835,23.21938686750997,0 70.32590959215401,23.22672511687068,0 70.32790059223862,23.22825461725682,0 70.33257009173639,23.22562761752056,0 70.33641684196374,23.22493286695828,0 70.34223859243713,23.2218136170049,0 70.35610609162291,23.22246886754425,0 70.3634525922634,23.22170911758178,0 70.36560884187463,23.2224938668985,0 70.36544234229029,23.22632511731035,0 70.3679068417274,23.22692886727344,0 70.37534034188332,23.23366136747819,0 70.38046559171374,23.23549411745961,0 70.38543859171767,23.23587536705458,0 70.39101984189227,23.23305736750353,0 70.41227784194888,23.23799486766904,0 70.4207328424468,23.23791811772702,0 70.43376359171646,23.23635861685671,0 70.43739109172554,23.23375086710888,0 70.43413509176111,23.2306668669824,0 70.42786009196971,23.21799511718098,0 70.4418878422502,23.21160611752833,0 70.45151759206328,23.20587711683555,0 70.46063634169388,23.20519386770286,0 70.4723993418562,23.20221361696491,0 70.48059159192849,23.19818786747618,0 70.48930559177967,23.19292536761168,0 70.49369784198188,23.18634486722192,0 70.50133709173343,23.17972036750103,0 70.51105859218035,23.17867936715913,0 70.52065759237405,23.18037586715258,0 70.52850909202101,23.18081861688569,0 70.55307059243393,23.1801673674301,0 70.56552659217851,23.18064261686334,0 70.56882834245408,23.18036511755616,0 70.57325859260999,23.18101111766902,0 70.59010059226858,23.18094611736944,0 70.5980713420189,23.18260611747837,0 70.60472634224698,23.18378761710488,0 70.6356505920013,23.18840911708713,0 70.63954934192867,23.1900308672308,0 70.64026209242166,23.19070236762025,0 70.6397740924005,23.19425986709922,0 70.63947034188283,23.19681586715859,0 70.64233534270198,23.20416936722256,0 70.6433225923638,23.20810836720744,0 70.64384709226954,23.21125961683788,0 70.64405934216495,23.2122278674222,0 70.64511934248372,23.21494861698511,0 70.64624584227187,23.21628886763716,0 70.64825559232179,23.2182651170416,0 70.65142759200984,23.21959261710566,0 70.65232534204097,23.21977936762374,0 70.65403934194211,23.22013836709203,0 70.65811309274511,23.22132036764089,0 70.66124359231799,23.22243061757899,0 70.66336784225217,23.22416911771069,0 70.66642484203288,23.22668661689391,0 70.66896809240359,23.22909411729972,0 70.66973484268891,23.22957486698658,0 70.67075784220071,23.22982686691643,0 70.67000409251489,23.22815411711883,0 70.67130834240612,23.22625686686098,0 70.67107534245315,23.22435536730643,0 70.67211634189573,23.2231388669652,0 70.68030634276357,23.21617486687666,0 70.69105584205352,23.21267086716682,0 70.70006434199587,23.21270236772017,0 70.7044885927744,23.21212586721504,0 70.70783609246178,23.21281711761594,0 70.71848959272057,23.21326636764877,0 70.72763584272002,23.20950736697148,0 70.73050034261678,23.2082238671378,0 70.73008959256072,23.21185086712387,0 70.72579334228897,23.21721361711479,0 70.7257795925542,23.21856236725949,0 70.7255263425667,23.21899661749995,0 70.72771934207401,23.22016611747239,0 70.72772834248906,23.21948161738277,0 70.73369659252376,23.22011036759943,0 70.73556059214769,23.22187311705073,0 70.73683484245407,23.22283661741602,0 70.7404300927746,23.22286161766959,0 70.74274484250054,23.22288461693159,0 70.74687134213877,23.22102011728464,0 70.74791134243458,23.21983986771579,0 70.7505015922747,23.21514786718035,0 70.74855534245512,23.20872011753943,0 70.74576759250044,23.19987636710073,0 70.74553034235146,23.19507511692314,0 70.7427173421317,23.18863136744369,0 70.74006009279913,23.18634486722192,0 70.73328609247926,23.18888336737353,0 70.73180809266938,23.19022586723003,0 70.73111834233771,23.18992311765783,0 70.72769259263907,23.18816411748008,0 70.72434109276725,23.18847911761725,0 70.72224559236025,23.18951636688689,0 70.72050859229773,23.19056861684822,0 70.71965309241637,23.18975736720876,0 70.72142934249024,23.18549861686773,0 70.7246858424777,23.17752111680613,0 70.72792309247677,23.17113886746483,0 70.73113309211857,23.16716336759538,0 70.73522534197599,23.16159211698266,0 70.73582509265395,23.15919486704951,0 70.73644659253625,23.15519536697263,0 70.73531134234463,23.15358761747461,0 70.72899584248421,23.15192011701981,0 70.72353509247057,23.15027011737209,0 70.71749384266678,23.14941486750217,0 70.71262659214358,23.14696536695817,0 70.70919734228357,23.1442621173029,0 70.70549534243617,23.14230586702217,0 70.69849834262448,23.13608761714988,0 70.69631634272508,23.13394711736561,0 70.69252634241684,23.13040236757524,0 70.68905184226878,23.12757586763223,0 70.6868268421851,23.125241116984,0 70.68610034195729,23.12291261752335,0 70.68461109252797,23.12173011695137,0 70.68242109225963,23.11922436741065,0 70.68330159239463,23.11810636711522,0 70.68417134203389,23.11783911738144,0 70.68496234253814,23.11814811724184,0 70.68630534241765,23.11774836679376,0 70.697846842258,23.12199586751535,0 70.70252584219389,23.12370986741649,0 70.70495259258814,23.12416736693046,0 70.70592434243451,23.12351836757864,0 70.70534784192944,23.12181286717015,0 70.70483359249636,23.12129486756413,0 70.7005135920287,23.11724486695709,0 70.69686459192741,23.1153931169988,0 70.68948009223254,23.11067786718985,0 70.68587409231554,23.10736111712191,0 70.68453609266658,23.10595036681605,0 70.68469559192806,23.10410511715747,0 70.68395809209233,23.10364011729763,0 70.68382734235803,23.1042158668688,0 70.67921759201829,23.10189411682006,0 70.67718209257959,23.09994911705815,0 70.66134309240982,23.09560886745533,0 70.65739959221747,23.09315436758004,0 70.65616534195703,23.09151886680229,0 70.65019834197994,23.08821061712632,0 70.64621659272166,23.08608561715755,0 70.64441084218669,23.08557086680213,0 70.63855209270497,23.08125361736063,0 70.63295184255355,23.07660386697495,0 70.62534759261735,23.06170461697457,0 70.62007584232634,23.06064561670189,0 70.60706459215726,23.06256936728255,0 70.59847859191353,23.06052286733649,0 70.59430684198725,23.05666361743204,0 70.59491959236533,23.04870036712828,0 70.60018659243735,23.03572586685533,0 70.59432984214857,23.0329481173618,0 70.5875443421977,23.03164436749364,0 70.57067384212417,23.03501461733077,0 70.56304984217655,23.03165986730909,0 70.5535680919939,23.01869786671324,0 70.54847934204804,23.00137811750619,0 70.5423353420025,22.96727711694547,0 70.5402653418721,22.95982561685878,0 70.53512034203021,22.96188611745043,0 70.53470309257369,22.96217836743773,0 70.52369259203954,22.9542106169265,0 70.51771459245452,22.95487811713144,0 70.51174759247749,22.95481486691261,0 70.49877059208922,22.95467286665951,0 70.48734659227148,22.9545553666369,0 70.47667784220869,22.95661161703254,0 70.46835709250587,22.95796561741935,0 70.46157384175945,22.9607768666591,0 70.4540078417885,22.96358936685584,0 70.45035459239057,22.96499336685042,0 70.44750409224014,22.96495936708118,0 70.44622909189911,22.96277736718179,0 70.44888184192354,22.95847061732519,0 70.45386234227334,22.95418536666142,0 70.45882509180461,22.95207686745351,0 70.46144584215193,22.94993661678149,0 70.46640884169477,22.94781861713551,0 70.47837384217911,22.94577961663606,0 70.4871690921799,22.94804486677725,0 70.49366459224717,22.94738336684895,0 70.51108284239933,22.94540386729471,0 70.51914384181492,22.94403861728841,0 70.52641209244416,22.94411586725352,0 70.52900809254947,22.94414636686139,0 70.53084284262314,22.94272411692452,0 70.53347009237092,22.93985411677414,0 70.53377184189702,22.93624836686871,0 70.533305341968,22.93190511712749,0 70.53671884200099,22.92904236731147,0 70.54012634175734,22.92619536732241,0 70.54096309257272,22.92286761674717,0 70.54121559252565,22.92186136710848,0 70.54232434239452,22.91608886710759,0 70.54182934205056,22.91391711678159,0 70.53977984196621,22.91171986707826,0 70.53771409203176,22.91098211723096,0 70.53485734249244,22.91095186673533,0 70.52861334233194,22.91232736721429,0 70.52497209258809,22.9130138673961,0 70.52264009206664,22.91299286732703,0 70.52031609191414,22.9117658674009,0 70.51825859236021,22.91053686738258,0 70.51672159252752,22.9083531174025,0 70.51366509187056,22.9039816172579,0 70.51154884230527,22.90384011702781,0 70.51044859192905,22.90383136662433,0 70.50109484225322,22.90065336665958,0 70.49673309255826,22.89599236665447,0 70.49737859174866,22.88829911711059,0 70.49631659223701,22.88520811666132,0 70.49133130839323,22.88103281261425,0 71.71511515184284,22.87386220407751,0 71.75080706659293,24.39433778645974,0 71.11567172097318,24.40049219885594,0 71.11453334293947,24.39901511815322,0 71.11159534235122,24.39695161832259,0 71.11097084233057,24.3968046187382,0 71.10607969771991,24.39557872947483,0 71.09382000918612,24.39250603022919,0 71.08279434248499,24.389742618627,0 71.07765509290829,24.38765911877334,0 71.06639159239813,24.3785283685894,0 71.06469959261216,24.37467736816603,0 71.06155409144822,24.37001709930973,0 71.05706409303355,24.36336486809427,0 71.05654059227459,24.36310611875246,0 71.05565009257776,24.3619333686301,0 71.04747495030875,24.35890941084068,0 71.04005542381879,24.3554323970875,0 71.03632534264051,24.35368436863877,0 71.03371863071027,24.35332038692638,0 71.02548987535749,24.35217138699994,0 71.02278084306153,24.35179311865755,0 71.01813609290645,24.35160686816249,0 71.01444234254012,24.35157536850852,0 71.00570134234312,24.352436118632,0 71.00200309266864,24.35333336864011,0 70.9982808427867,24.35608611877939,0 70.99354284282799,24.35975486799282,0 70.99183434228115,24.36251486846646,0 70.98742884236725,24.36711161820665,0 70.98106084278373,24.3652041183754,0 70.9763800927671,24.36239411829399,0 70.97071009299646,24.35865186838907,0 70.9630125923573,24.35488686833435,0 70.95630834255604,24.35390636808449,0 70.94858734263181,24.3529256187224,0 70.9415963421975,24.3463896185861,0 70.93325584248322,24.34076286811194,0 70.92657659293548,24.33608036801462,0 70.91769534256605,24.33003561804941,0 70.9155040922401,24.32622911787956,0 70.91463431921852,24.32560619796772,0 70.9134988423977,24.3239631186031,0 70.90983184236569,24.32256036866613,0 70.90984284287293,24.32165686836981,0 70.90614084212621,24.3189671184378,0 70.90396434248049,24.31635161833259,0 70.90026109257542,24.31418311815645,0 70.89837509283632,24.31262286815087,0 70.89509695246244,24.31098198313208,0 70.89392409262285,24.30989061805764,0 70.89090469889277,24.30888353564671,0 70.88153784249749,24.30516036845631,0 70.87621784267935,24.30048936799,0 70.87355659226296,24.29769211849651,0 70.87312134287572,24.2936711183275,0 70.87265284285445,24.28788111841891,0 70.8755180927858,24.27928836786396,0 70.87745309208657,24.27577036840785,0 70.88015110498958,24.27393535843009,0 70.89062634253173,24.26914136847944,0 70.90679059241199,24.26371486824661,0 70.90613309266814,24.26186761849584,0 70.90421184220281,24.25992911813432,0 70.89664059288913,24.25715511791441,0 70.89099339632821,24.25389929421709,0 70.88075309228145,24.24799536819177,0 70.87975109283872,24.24821936862901,0 70.87854109279726,24.24682811832304,0 70.87351354621325,24.24591584514019,0 70.86778084211221,24.24487561821525,0 70.86695709279564,24.24471361793917,0 70.86317834210683,24.24514136787985,0 70.85442934244026,24.24495011805357,0 70.8497775928617,24.24279036828091,0 70.84637334235595,24.23893111837646,0 70.84494284293788,24.23732336797912,0 70.84064187032612,24.23369051340654,0 70.83921834245263,24.23248811803228,0 70.83347284279751,24.2292638686327,0 70.80154914137984,24.22494229165346,0 70.79479918173689,24.22392796070687,0 70.78243209256709,24.22163136829306,0 70.77754652015585,24.22133536453549,0 70.76191373363196,24.22016130949686,0 70.75876984225448,24.21983411815006,0 70.74865984277756,24.21973911826575,0 70.74101709196526,24.22006486799933,0 70.73408734255685,24.22069136811223,0 70.72160334242039,24.21694711811506,0 70.71124634234491,24.21776461804274,0 70.71075134200089,24.21730311834426,0 70.68834059274423,24.22069436825052,0</coordinates></LinearRing></outerBoundaryIs>
        </Polygon>
        <Polygon>
          <extrude>0</extrude><altitudeMode>clampToGround</altitudeMode>
          <outerBoundaryIs><LinearRing><coordinates> 70.38125909233332,22.88698136659684,0 70.38217409226058,22.89081161696259,0 70.38248259209803,22.89176111668223,0 70.3842125918377,22.89575611655158,0 70.38627809176057,22.90438436694501,0 70.38695959171184,22.9090558674344,0 70.38811659200718,22.91504736674261,0 70.38867334250079,22.91790211708906,0 70.38619484241809,22.91817436705344,0 70.38183709200825,22.91819136693806,0 70.37787484185054,22.91272136739724,0 70.37510409178049,22.90892336672005,0 70.37359634239732,22.90509461732279,0 70.37153434173655,22.8997656170896,0 70.36811109215324,22.89304436740366,0 70.3667008418704,22.89123586674191,0 70.36286534216185,22.88558186680973,0 70.36183184216583,22.88490961728508,0 70.36094509174262,22.88373411703594,0 70.36012459167659,22.88267386670566,0 70.35941999353793,22.88180573045014,0 70.38081356369509,22.88168037754741,0 70.38125909233332,22.88698136659684,0</coordinates></LinearRing></outerBoundaryIs>
        </Polygon>
      </MultiGeometry>
    </Placemark>
  </Folder>
  <Folder id="FeatureLayer2">
    <name>NOC not required from MoD(Subject to the conditions - Refer Attached Pdf provided by MoD)</name>
    <Snippet></Snippet>
    <Placemark id="ID_20000">
      <name>Rajkot</name>
      <Snippet></Snippet>
      <description><![CDATA[<html xmlns:fo="http://www.w3.org/1999/XSL/Format" xmlns:msxsl="urn:schemas-microsoft-com:xslt">
<head>
<META http-equiv="Content-Type" content="text/html">
<meta http-equiv="content-type" content="text/html; charset=UTF-8">
</head>
<body style="margin:0px 0px 0px 0px;overflow:auto;background:#FFFFFF;">
<table style="font-family:Arial,Verdana,Times;font-size:12px;text-align:left;width:100%;border-collapse:collapse;padding:3px 3px 3px 3px">
<tr style="text-align:center;font-weight:bold;background:#9CBCE2">
<td>Rajkot</td>
</tr>
<tr>
<td>
<table style="font-family:Arial,Verdana,Times;font-size:12px;text-align:left;width:100%;border-spacing:0px; padding:3px 3px 3px 3px">
<tr>
<td>FID</td>
<td>1</td>
</tr>
<tr bgcolor="#D4E4F3">
<td>Id</td>
<td>0</td>
</tr>
<tr>
<td>Blocks</td>
<td>Block 2</td>
</tr>
<tr bgcolor="#D4E4F3">
<td>Block_Name</td>
<td>Rajkot</td>
</tr>
</table>
</td>
</tr>
</table>
</body>
</html>
]]></description>
      <styleUrl>#PolyStyle20</styleUrl>
      <MultiGeometry>
        <Polygon>
          <extrude>0</extrude><altitudeMode>clampToGround</altitudeMode>
          <outerBoundaryIs><LinearRing><coordinates> 70.79426374252051,22.79533999112857,0 70.78485011420935,21.75984087690296,0 71.57007224613335,21.75270249388547,0 71.57948587444452,22.78820160811108,0 70.79426374252051,22.79533999112857,0</coordinates></LinearRing></outerBoundaryIs>
        </Polygon>
      </MultiGeometry>
    </Placemark>
    <Placemark id="ID_20001">
      <name>Amreli</name>
      <Snippet></Snippet>
      <description><![CDATA[<html xmlns:fo="http://www.w3.org/1999/XSL/Format" xmlns:msxsl="urn:schemas-microsoft-com:xslt">
<head>
<META http-equiv="Content-Type" content="text/html">
<meta http-equiv="content-type" content="text/html; charset=UTF-8">
</head>
<body style="margin:0px 0px 0px 0px;overflow:auto;background:#FFFFFF;">
<table style="font-family:Arial,Verdana,Times;font-size:12px;text-align:left;width:100%;border-collapse:collapse;padding:3px 3px 3px 3px">
<tr style="text-align:center;font-weight:bold;background:#9CBCE2">
<td>Amreli</td>
</tr>
<tr>
<td>
<table style="font-family:Arial,Verdana,Times;font-size:12px;text-align:left;width:100%;border-spacing:0px; padding:3px 3px 3px 3px">
<tr>
<td>FID</td>
<td>2</td>
</tr>
<tr bgcolor="#D4E4F3">
<td>Id</td>
<td>0</td>
</tr>
<tr>
<td>Blocks</td>
<td>Block 5</td>
</tr>
<tr bgcolor="#D4E4F3">
<td>Block_Name</td>
<td>Amreli</td>
</tr>
</table>
</td>
</tr>
</table>
</body>
</html>
]]></description>
      <styleUrl>#PolyStyle20</styleUrl>
      <MultiGeometry>
        <Polygon>
          <extrude>0</extrude><altitudeMode>clampToGround</altitudeMode>
          <outerBoundaryIs><LinearRing><coordinates> 71.19280307857059,20.87047818699909,0 71.31185895123468,20.86839251004562,0 71.31202143663069,20.86983737645488,0 71.313741343186,20.8787341153967,0 71.31278309318503,20.8796253653976,0 71.3065328431793,20.88050661539842,0 71.30530659317822,20.88185936539969,0 71.31827059319016,20.88864311540601,0 71.31932084319112,20.8883676154058,0 71.32323809319479,20.89050236540766,0 71.32557434319693,20.89132436540848,0 71.34419266975846,20.89389565185553,0 71.34964009321942,20.89453186541152,0 71.35916434322831,20.89780261541443,0 71.36847470180237,20.90204728175161,0 71.37471216382272,20.90948826112492,0 71.37777221560373,20.91413289546284,0 71.38171734324931,20.91890411543415,0 71.3827496405076,20.92283755779903,0 71.38403934325152,20.93113336544553,0 71.38761134325483,20.9334053654477,0 71.39092139333081,20.9325645788868,0 71.39328434326006,20.93196436544628,0 71.40097734326724,20.93606936545018,0 71.40266309326887,20.93541286544951,0 71.40320334326935,20.930499615445,0 71.4018672247106,20.92780181198185,0 71.3988485932652,20.92363286543866,0 71.39504184326177,20.91931561543458,0 71.38631234325362,20.91280761542851,0 71.38586309325319,20.90227836541868,0 71.38330109325085,20.8935858654105,0 71.37350509324159,20.88245411540021,0 71.37236009324067,20.8774581153956,0 71.37884709324663,20.87455111539293,0 71.38988134325689,20.87731711539544,0 71.39156759325834,20.87709611539532,0 71.39950684326584,20.87125611538977,0 71.41003911958728,20.87025065373234,0 71.42296745415752,20.86994884519902,0 71.4379783646225,20.8701885043244,0 71.45403831585008,20.8785720876233,0 71.47066806999766,20.89006427764866,0 71.47794859333885,20.896265365413,0 71.48121309334198,20.89544211541221,0 71.49643184335611,20.90269061541903,0 71.50391449737145,20.90891993445348,0 71.51696334337521,20.91978311543494,0 71.52486309338258,20.92120486543638,0 71.53887609339574,20.9446893654582,0 71.54041334339718,20.94469536545813,0 71.54348409339991,20.94664511545994,0 71.55011884340615,20.9505396154637,0 71.57038934342495,20.95187061546494,0 71.60429009345665,20.9660716154782,0 71.61275034346443,20.96791161547981,0 71.61885759347024,20.96791236547983,0 71.62324809347433,20.96914636548087,0 71.6332640934836,20.97350236548499,0 71.6479733434972,20.98918686549962,0 71.65390393735282,20.992361812426,0 71.66223334351054,20.99680236550677,0 71.66825959351621,20.99771811550761,0 71.68942359353588,20.99303036550322,0 71.6968655935429,20.99530411550541,0 71.70490634355025,21.00043536551004,0 71.71543934356004,21.01180161552071,0 71.73550659357886,21.0151256155238,0 71.74113280672793,21.01769290765645,0 71.7505528435928,21.02197411553016,0 71.75351209359553,21.02083086552904,0 71.75769515040844,21.02130764296788,0 71.76480290884518,21.02618294564201,0 71.77006134361085,21.03197811553952,0 71.77931309361963,21.03345786554081,0 71.77967284361989,21.03607386554324,0 71.76908909360998,21.0380918655452,0 71.76188534360335,21.03705561554415,0 71.75297634359504,21.03531261554258,0 71.74745034358995,21.03664861554387,0 71.75006559359224,21.04412311555075,0 71.75005434359241,21.04752761555386,0 71.75571809359758,21.04855086555489,0 71.75558959359739,21.05069086555699,0 71.75134709359349,21.05543386556127,0 71.75157584359374,21.06065511556625,0 71.75421209359621,21.06112036556658,0 71.75797734359975,21.06017086556579,0 71.76891309360985,21.05493861556079,0 71.77095559361186,21.05843736556415,0 71.7731023436138,21.05887986556451,0 71.7752480936158,21.04420286555091,0 71.7767435936172,21.04284761554965,0 71.78575634362551,21.04411786555085,0 71.79343371132177,21.04145503316084,0 71.79878259363767,21.04058761554757,0 71.80442484364301,21.04180161554871,0 71.80466384364325,21.04427961555086,0 71.79876484363763,21.04731811555376,0 71.79766309363674,21.04787061555436,0 71.78390684903655,21.05169344814533,0 71.77986609362011,21.05280961555889,0 71.77824584361855,21.06232061556761,0 71.78077359362095,21.06705736557211,0 71.78521209362509,21.0703578655752,0 71.79849759363753,21.07186386557652,0 71.79039459362986,21.0607401155662,0 71.7908990936304,21.05554286556139,0 71.79449409363366,21.05397036555991,0 71.79617634363518,21.05533186556119,0 71.79787309363684,21.05986386556543,0 71.80235821419376,21.06326344878465,0 71.81290699727799,21.07032629153264,0 71.8236451742103,21.07367968896187,0 71.83234211827886,21.07592908956934,0 71.83314559366966,21.07986211558409,0 71.82473659366184,21.08231811558636,0 71.82382821142716,21.08797275770695,0 71.8236020936609,21.09477486559797,0 71.827079093664,21.10043361560327,0 71.83191634366864,21.10113261560389,0 71.8350255936715,21.09956261560239,0 71.83647484367276,21.09593461559905,0 71.84166259367765,21.09314136559641,0 71.84826634368386,21.10025761560308,0 71.85367009368883,21.09969186560244,0 71.85487084368992,21.09857286560151,0 71.85260859368788,21.09369736559694,0 71.84449232559916,21.08925916277497,0 71.84088109367696,21.08385636558774,0 71.84230684367822,21.08124086558536,0 71.84976209368523,21.07943911558374,0 71.85879908887864,21.08229453988781,0 71.87220695092788,21.08898415804805,0 71.88499480233639,21.09703717295895,0 71.89805884373015,21.10526411560767,0 71.91425246718444,21.11015618799826,0 71.93147434376135,21.11311961561495,0 71.94177884377086,21.11729486561882,0 71.96311652823414,21.11916869011191,0 71.96853186053352,21.12023164694915,0 71.9730540938001,21.12199186562327,0 71.97924557476716,21.12706356700761,0 71.98587084381199,21.13205561563257,0 71.98651030531687,21.13313712561569,0 71.98889059381474,21.13716286563738,0 71.98961334381539,21.1446356156444,0 71.98638798194679,21.1500896519081,0 71.98479656987871,21.15484749233354,0 71.98406684381035,21.15841511565725,0 71.98714084381317,21.16004911565869,0 71.99122534381695,21.16028561565906,0 71.9917350938174,21.1621258656607,0 71.99582984382118,21.1722411156702,0 72.00291234382792,21.1759038656736,0 72.00855109383315,21.17972686567708,0 72.01889334384265,21.18202111567916,0 72.02300409384651,21.18041286567774,0 72.02386284384738,21.17859711567598,0 72.02252584384615,21.17251561567036,0 72.01459209383864,21.16395436566245,0 72.01291034383718,21.16078036565932,0 72.00187884382677,21.14917861564868,0 72.00022959382534,21.1401246156401,0 72.00238259382724,21.13968661563979,0 72.00595459383061,21.13710336563742,0 72.00827684383285,21.13460086563515,0 72.01033284383476,21.1338166156342,0 72.01373356766652,21.14407405784203,0 72.01517446142282,21.1471504964602,0 72.01752184384139,21.15035036564973,0 72.02882909385204,21.15675686565578,0 72.02934084385242,21.15698436565594,0 72.0303933438534,21.1564343656554,0 72.04824310601327,21.16438706256827,0 72.05970591453843,21.17099400573915,0 72.07908984389871,21.18252911567964,0 72.08605584390523,21.18818111568493,0 72.09326384391204,21.19090861568748,0 72.10602984392381,21.19160361568811,0 72.11274940822631,21.19619705879808,0 72.11662095209385,21.20106675536726,0 72.1169703439341,21.20423386569985,0 72.10611371355861,21.21457266456258,0 72.09642679424445,21.2229771847185,0 72.09057836191897,21.22897770308265,0 72.08406684390337,21.24473686573765,0 72.07706184389684,21.25151586574395,0 72.0785273438982,21.25534836574752,0 72.08500909390426,21.25360986574583,0 72.0904368439094,21.25842286575039,0 72.09245984391123,21.26554911575704,0 72.09223134391101,21.27506111576582,0 72.08187184390135,21.28860786577843,0 72.07754759389741,21.30191286579088,0 72.08474134390411,21.30375036579267,0 72.08791084394682,21.29860928382237,0 72.0905235939095,21.29518511578459,0 72.09366034391235,21.29247736578202,0 72.09655209391502,21.2865981157766,0 72.10210909392021,21.2845591157747,0 72.10728848009632,21.2894367757836,0 72.10862743274146,21.29269262520302,0 72.1100453439276,21.30265586579162,0 72.11142618279399,21.30644951648247,0 72.11817269024056,21.32200107832767,0 72.12685609394327,21.3374993658241,0 72.13159605703748,21.34238153943596,0 72.14067966656444,21.35080841167985,0 72.14681934396185,21.35640186584158,0 72.15153651740468,21.36242800940084,0 72.16371195897142,21.37798201852667,0 72.17383109398702,21.39090911587374,0 72.17777712525805,21.39443354870463,0 72.1794147801682,21.39615367909477,0 72.17912309399202,21.39612436587856,0 72.17973796106747,21.39649313601137,0 72.18026031045969,21.39704179193279,0 72.1862484309313,21.73885930453997,0 71.20831591314641,21.75599118782179,0 71.19280307857059,20.87047818699909,0</coordinates></LinearRing></outerBoundaryIs>
        </Polygon>
      </MultiGeometry>
    </Placemark>
    <Placemark id="ID_20002">
      <name>Surat</name>
      <Snippet></Snippet>
      <description><![CDATA[<html xmlns:fo="http://www.w3.org/1999/XSL/Format" xmlns:msxsl="urn:schemas-microsoft-com:xslt">
<head>
<META http-equiv="Content-Type" content="text/html">
<meta http-equiv="content-type" content="text/html; charset=UTF-8">
</head>
<body style="margin:0px 0px 0px 0px;overflow:auto;background:#FFFFFF;">
<table style="font-family:Arial,Verdana,Times;font-size:12px;text-align:left;width:100%;border-collapse:collapse;padding:3px 3px 3px 3px">
<tr style="text-align:center;font-weight:bold;background:#9CBCE2">
<td>Surat</td>
</tr>
<tr>
<td>
<table style="font-family:Arial,Verdana,Times;font-size:12px;text-align:left;width:100%;border-spacing:0px; padding:3px 3px 3px 3px">
<tr>
<td>FID</td>
<td>4</td>
</tr>
<tr bgcolor="#D4E4F3">
<td>Id</td>
<td>0</td>
</tr>
<tr>
<td>Blocks</td>
<td>Block 6</td>
</tr>
<tr bgcolor="#D4E4F3">
<td>Block_Name</td>
<td>Surat</td>
</tr>
</table>
</td>
</tr>
</table>
</body>
</html>
]]></description>
      <styleUrl>#PolyStyle20</styleUrl>
      <MultiGeometry>
        <Polygon>
          <extrude>0</extrude><altitudeMode>clampToGround</altitudeMode>
          <outerBoundaryIs><LinearRing><coordinates> 72.63140809441325,21.08204461558614,0 72.64576859442656,21.07771511558212,0 72.64805284442866,21.0752913655798,0 72.65345784443377,21.07627236558068,0 72.65787959443776,21.08315386558712,0 72.66288259444246,21.0900566155936,0 72.6648855944444,21.0996776156025,0 72.70198084447895,21.09565811559872,0 72.69711123600996,21.08937867022297,0 72.69216709446971,21.07840536558274,0 72.69284207202708,21.07041488530746,0 72.69408559447157,21.06443011556968,0 72.69703809447429,21.06205911556748,0 72.71140884448772,21.06528461557059,0 72.72799659450305,21.06684511557199,0 72.73695509451136,21.06316861556854,0 72.74408184451806,21.06116461556667,0 72.75441209452777,21.05249861555859,0 72.75427959452765,21.05102286555729,0 72.74156059451565,21.05159386555778,0 72.72776159450279,21.05328586555942,0 72.72129709449695,21.04852511555487,0 72.72670109450195,21.01215836552109,0 72.73412134450871,20.99580211550574,0 72.73350160838584,20.99374494462216,0 73.64057499769484,20.96854846158578,0 73.65009284171816,21.31119084642535,0 72.6571762817822,21.33877186197913,0 72.66890684444814,21.33656961582318,0 72.66394709444347,21.33044236581748,0 72.66475934444424,21.32299811581049,0 72.66959209444872,21.31756086580543,0 72.6744523444533,21.30126436579036,0 72.6733730944523,21.29967536578874,0 72.66352759444305,21.30466061579335,0 72.66160209444132,21.31351286580161,0 72.65969709443948,21.31554361580351,0 72.65660034443658,21.32030536580794,0 72.65331459443365,21.32682011581409,0 72.64970984443028,21.32427336581173,0 72.64695484442757,21.31940986580724,0 72.64200957272823,21.32081754524586,0 72.63848984441972,21.32216461580975,0 72.63751284441884,21.3146976158028,0 72.63269959441442,21.3154013658035,0 72.62685334440891,21.31656111580457,0 72.6243085944065,21.31511861580316,0 72.62275234440511,21.31156161579986,0 72.62583209440805,21.3076981157962,0 72.62488534440718,21.30286961579174,0 72.62205434440438,21.29890486578807,0 72.62302584440539,21.29506661578455,0 72.62950534441143,21.29254686578213,0 72.63325284441487,21.29559161578499,0 72.63361234441516,21.29954336578868,0 72.63579184441733,21.30043336578944,0 72.63821284441957,21.29999461578905,0 72.64023653751372,21.29433378901905,0 72.64482509442558,21.2856163657757,0 72.64622772016969,21.28084640112593,0 72.6470565944278,21.27802761576862,0 72.65149534443179,21.2747553657656,0 72.65090834443134,21.27236586576345,0 72.64633159442712,21.2703566157615,0 72.64408153432021,21.26570099420923,0 72.64314859442419,21.26085386575261,0 72.6388000566202,21.25402707076796,0 72.63444459441598,21.2470888657399,0 72.63468259441629,21.24414286573716,0 72.63661484441809,21.24368261573659,0 72.64578359442658,21.24977036574234,0 72.65171284443204,21.24437611573728,0 72.65454209443465,21.24328936573636,0 72.66285234444246,21.24724486574002,0 72.66456359444408,21.24655936573942,0 72.66537984444477,21.24292086573587,0 72.66477534444414,21.23894586573226,0 72.66666809444604,21.23207336572585,0 72.66978034444884,21.22756586572166,0 72.67339884445227,21.226860365721,0 72.67905784445759,21.2294418657234,0 72.68926009446704,21.22162886571607,0 72.7007873444777,21.21683961571171,0 72.70103034447794,21.21479911570981,0 72.69788384447514,21.21209411570715,0 72.69787809447502,21.20869211570403,0 72.69956609447667,21.2077908657032,0 72.71016859448656,21.20664086570218,0 72.72614784450144,21.20744361570286,0 72.72631734450164,21.20477086570043,0 72.7071478763803,21.20450964272152,0 72.7016213444785,21.2048666157005,0 72.69907784447605,21.2044043657001,0 72.68940084446712,21.21012911570534,0 72.68015859445859,21.21162936570676,0 72.67322809445199,21.22232136571671,0 72.66290934444254,21.22863286572272,0 72.65529084443534,21.22815886572221,0 72.64747034442809,21.22002561571469,0 72.62316143031518,21.21903742760878,0 72.62084239953549,21.21923088769302,0 72.62112209440363,21.21907386571377,0 72.6086915943921,21.21343661570847,0 72.61092160431213,21.20867731262348,0 72.61315484439615,21.20391111569961,0 72.61507559439787,21.15201786565126,0 72.61611434439891,21.15038761564978,0 72.61720302476346,21.12546534864146,0 72.62057759440302,21.09920861560209,0 72.62674009440877,21.08535711558915,0 72.63140809441325,21.08204461558614,0</coordinates></LinearRing></outerBoundaryIs>
        </Polygon>
      </MultiGeometry>
    </Placemark>
  </Folder>
  <Folder id="GroupLayer3">
    <name>NOC to be obtained</name>
    <Snippet></Snippet>
  <Folder id="FeatureLayer4">
    <name>Jamnagar-new</name>
    <Snippet></Snippet>
    <Placemark id="ID_40000">
      <name>Jamnagar</name>
      <Snippet></Snippet>
      <description><![CDATA[<html xmlns:fo="http://www.w3.org/1999/XSL/Format" xmlns:msxsl="urn:schemas-microsoft-com:xslt">
<head>
<META http-equiv="Content-Type" content="text/html">
<meta http-equiv="content-type" content="text/html; charset=UTF-8">
</head>
<body style="margin:0px 0px 0px 0px;overflow:auto;background:#FFFFFF;">
<table style="font-family:Arial,Verdana,Times;font-size:12px;text-align:left;width:100%;border-collapse:collapse;padding:3px 3px 3px 3px">
<tr style="text-align:center;font-weight:bold;background:#9CBCE2">
<td>Jamnagar</td>
</tr>
<tr>
<td>
<table style="font-family:Arial,Verdana,Times;font-size:12px;text-align:left;width:100%;border-spacing:0px; padding:3px 3px 3px 3px">
<tr>
<td>FID</td>
<td>1</td>
</tr>
<tr bgcolor="#D4E4F3">
<td>FID_gujarat</td>
<td>1</td>
</tr>
<tr>
<td>STATE</td>
<td>Gujarat</td>
</tr>
<tr bgcolor="#D4E4F3">
<td>DISTRICT</td>
<td>Kutch</td>
</tr>
<tr>
<td>RR</td>
<td>Kutch (183-209)</td>
</tr>
<tr bgcolor="#D4E4F3">
<td>FID_GJ_Blocks</td>
<td>3</td>
</tr>
<tr>
<td>Id</td>
<td>0</td>
</tr>
<tr bgcolor="#D4E4F3">
<td>Blocks</td>
<td>Block 3</td>
</tr>
<tr>
<td>Block_Name</td>
<td>Jamnagar</td>
</tr>
</table>
</td>
</tr>
</table>
</body>
</html>
]]></description>
      <styleUrl>#PolyStyle40</styleUrl>
      <MultiGeometry>
        <Polygon>
          <extrude>0</extrude><altitudeMode>clampToGround</altitudeMode>
          <outerBoundaryIs><LinearRing><coordinates> 69.2421161330103,22.8392669227542,0 69.24242209146158,22.83917236758044,0 69.24306509163625,22.83693486765045,0 69.238544341389,22.83301511751516,0 69.23897809122961,22.83008386730186,0 69.24512034193772,22.82865886756666,0 69.2500003415051,22.82828436766437,0 69.25627234203915,22.82651936768861,0 69.26366684142819,22.82442961723332,0 69.27343234217378,22.82348361740537,0 69.28363084191577,22.82568886747465,0 69.30122609196775,22.83348011726529,0 69.30609409206281,22.83379561723194,0 69.34068534223091,22.82410361733133,0 69.37148584153199,22.81551436785749,0 69.37455434199579,22.81428186753829,0 69.38058909136375,22.8131671174321,0 69.3939950913657,22.81072086788746,0 69.40626059204141,22.80597311720062,0 69.42382559150508,22.79484236766864,0 69.42519409182921,22.79380911776497,0 69.42878334169082,22.7917601176366,0 69.43813009172848,22.78661511773047,0 69.44285534233265,22.78458511711212,0 69.44758334228858,22.78254586724124,0 69.45347009161453,22.77947436774098,0 69.46507559157844,22.77543361744755,0 69.46901934235656,22.77443786732715,0 69.4733300914055,22.77416711764879,0 69.47533909195998,22.77490436728221,0 69.4745900914977,22.77662736705058,0 69.47254559203611,22.77753111726392,0 69.45759909229393,22.78290286765196,0 69.44968784154499,22.78788811764728,0 69.4356080917202,22.79924836753305,0 69.42031834223131,22.80802761756699,0 69.41275409224848,22.81026536712851,0 69.41272259154222,22.81185136733468,0 69.4146433418039,22.8134626173235,0 69.41794709209202,22.81279536759348,0 69.42859109228121,22.80884236790077,0 69.44030734155984,22.81279061739154,0 69.45083984183061,22.81069586792003,0 69.4525353417622,22.81115986730323,0 69.45329984179686,22.81004986736023,0 69.45227259230873,22.80585111711667,0 69.45548859163033,22.80441486744364,0 69.45876634149526,22.80378411776847,0 69.46473309199474,22.80358236721946,0 69.47668734195335,22.79687786749528,0 69.48113759193028,22.79821836769413,0 69.48495934220185,22.80278586724391,0 69.49816084221014,22.80539936779694,0 69.50136684186302,22.80985936727685,0 69.50354809198475,22.81081586785884,0 69.51216559160655,22.80530661738722,0 69.51324809218077,22.80512736791241,0 69.51462159143514,22.80488761786986,0 69.51463609229815,22.8039953671821,0 69.51464859223763,22.80331311786627,0 69.51901609202191,22.80281161754246,0 69.52772184189055,22.80024611749679,0 69.54071509188485,22.80238661712513,0 69.57542484199732,22.81369236766533,0 69.59545009157085,22.81041611793387,0 69.59802209213842,22.80897911728919,0 69.60280959171462,22.80692086707154,0 69.60327584183879,22.8071628676346,0 69.60379109246473,22.80738036734743,0 69.60555809231531,22.81198161718531,0 69.60574784220589,22.81250461742878,0 69.60854509234265,22.81376961756891,0 69.62044334201669,22.80842611715383,0 69.62483234226826,22.8078331173804,0 69.6304105921576,22.80978636726111,0 69.63356684172018,22.81044986740642,0 69.6318753421026,22.80824086774649,0 69.6296558421902,22.80531461788515,0 69.62967534191199,22.80419211713273,0 69.63065209181165,22.80343011736115,0 69.6335900916237,22.80255086775444,0 69.638785592031,22.80493236789208,0 69.6404548423654,22.80560486732445,0 69.6441110922501,22.80586611795148,0 69.64008684202618,22.79880086711769,0 69.65453734223361,22.79450861732013,0 69.66748159183318,22.79937911745935,0 69.67243309235224,22.79777536728587,0 69.67577859246053,22.79746511747364,0 69.67657659225222,22.79838961722792,0 69.6774378418018,22.79999461749789,0 69.67913384179703,22.80045636725537,0 69.68776984175071,22.80045511793568,0 69.68936559167233,22.79969786716857,0 69.68904109198226,22.79845036777211,0 69.68859909200648,22.79686236731742,0 69.67815259173264,22.78665686778538,0 69.67677034243306,22.78518711715066,0 69.69572384212249,22.78312236791141,0 69.69763209254947,22.7829426177476,0 69.70901334235923,22.78406161777039,0 69.71285034228475,22.78795911758619,0 69.71334984169194,22.79995986774286,0 69.71525184218606,22.80292536714822,0 69.71886809179013,22.80388361764685,0 69.7231920920663,22.80151561731487,0 69.72404109181335,22.80103986724093,0 69.72683709222046,22.80097086775522,0 69.72769659243059,22.8013083673881,0 69.73686209204888,22.81288911718691,0 69.74614634183266,22.81810286793392,0 69.76140059225278,22.82263411754459,0 69.7653443372056,22.82495089323466,0 69.2421161330103,22.8392669227542,0</coordinates></LinearRing></outerBoundaryIs>
        </Polygon>
        <Polygon>
          <extrude>0</extrude><altitudeMode>clampToGround</altitudeMode>
          <outerBoundaryIs><LinearRing><coordinates> 69.62331159242756,22.78586686769694,0 69.62446434215286,22.7877113676799,0 69.62419634204174,22.78882636748099,0 69.61606234189489,22.79547336759902,0 69.60595909245008,22.79992386792387,0 69.59051959216934,22.80681186722852,0 69.58806209211667,22.80858911722642,0 69.58686759242809,22.8076483674353,0 69.5866748420089,22.80473161760396,0 69.60317234203971,22.79562886733327,0 69.60488509228915,22.79384686749341,0 69.60419859243443,22.79224861722756,0 69.59847709149635,22.79151261778265,0 69.59536934184497,22.78971361746497,0 69.59539809162631,22.78835611745346,0 69.59783334176356,22.78750311760933,0 69.60578659180463,22.7880043675002,0 69.60744459191211,22.78809486723174,0 69.62066859238357,22.78573436776239,0 69.62136334240711,22.78560661715627,0 69.62331159242756,22.78586686769694,0</coordinates></LinearRing></outerBoundaryIs>
        </Polygon>
        <Polygon>
          <extrude>0</extrude><altitudeMode>clampToGround</altitudeMode>
          <outerBoundaryIs><LinearRing><coordinates> 69.5478280923771,22.78611036790427,0 69.54780959155921,22.78702536771323,0 69.54324784172208,22.79020786773945,0 69.53328884242309,22.79236461711084,0 69.52857084182756,22.79336386735454,0 69.52627634189386,22.79307386726574,0 69.52467309212835,22.79279461781082,0 69.52611534152261,22.7885686176484,0 69.53269259157879,22.78741861739314,0 69.54601759159895,22.78506461736511,0 69.5478280923771,22.78611036790427,0</coordinates></LinearRing></outerBoundaryIs>
        </Polygon>
      </MultiGeometry>
    </Placemark>
    <Placemark id="ID_40001">
      <name>Jamnagar</name>
      <Snippet></Snippet>
      <description><![CDATA[<html xmlns:fo="http://www.w3.org/1999/XSL/Format" xmlns:msxsl="urn:schemas-microsoft-com:xslt">
<head>
<META http-equiv="Content-Type" content="text/html">
<meta http-equiv="content-type" content="text/html; charset=UTF-8">
</head>
<body style="margin:0px 0px 0px 0px;overflow:auto;background:#FFFFFF;">
<table style="font-family:Arial,Verdana,Times;font-size:12px;text-align:left;width:100%;border-collapse:collapse;padding:3px 3px 3px 3px">
<tr style="text-align:center;font-weight:bold;background:#9CBCE2">
<td>Jamnagar</td>
</tr>
<tr>
<td>
<table style="font-family:Arial,Verdana,Times;font-size:12px;text-align:left;width:100%;border-spacing:0px; padding:3px 3px 3px 3px">
<tr>
<td>FID</td>
<td>2</td>
</tr>
<tr bgcolor="#D4E4F3">
<td>FID_gujarat</td>
<td>13</td>
</tr>
<tr>
<td>STATE</td>
<td>Gujarat</td>
</tr>
<tr bgcolor="#D4E4F3">
<td>DISTRICT</td>
<td>Porbandar</td>
</tr>
<tr>
<td>RR</td>
<td>Porbandar (205-213)</td>
</tr>
<tr bgcolor="#D4E4F3">
<td>FID_GJ_Blocks</td>
<td>3</td>
</tr>
<tr>
<td>Id</td>
<td>0</td>
</tr>
<tr bgcolor="#D4E4F3">
<td>Blocks</td>
<td>Block 3</td>
</tr>
<tr>
<td>Block_Name</td>
<td>Jamnagar</td>
</tr>
</table>
</td>
</tr>
</table>
</body>
</html>
]]></description>
      <styleUrl>#PolyStyle40</styleUrl>
      <MultiGeometry>
        <Polygon>
          <extrude>0</extrude><altitudeMode>clampToGround</altitudeMode>
          <outerBoundaryIs><LinearRing><coordinates> 69.81629809182346,21.81977436656119,0 69.81490434259332,21.82305761652154,0 69.81176409204129,21.82388561623316,0 69.79863859208265,21.82357861621417,0 69.78856984250257,21.8241861166876,0 69.76720309231384,21.82090886663255,0 69.75921309260285,21.82195086673923,0 69.75128484203964,21.82751386697267,0 69.73962659205105,21.83198036673509,0 69.7348275919576,21.82860336686669,0 69.73194234189577,21.82438786673691,0 69.72502684230879,21.81888911630647,0 69.7250410919273,21.8092001169021,0 69.72394134181523,21.80465636686248,0 69.71864534241155,21.79767361684955,0 69.71373359203798,21.79348536633619,0 69.70914934233534,21.7967228665635,0 69.7065855918009,21.79586686669021,0 69.70119034195143,21.79567586654558,0 69.69846209186429,21.80624261627321,0 69.69566934247111,21.80852011627296,0 69.69165659237788,21.81019511617274,0 69.69096359165458,21.81581386670196,0 69.68772384175546,21.8191891165562,0 69.68280534255921,21.81986736638688,0 69.67630909226816,21.81924461698038,0 69.67507584191839,21.81563236646825,0 69.67600109199414,21.81112311662154,0 69.66512784236137,21.81228311617949,0 69.65687884240643,21.83489011622522,0 69.65298109196341,21.83715811657407,0 69.64501059222914,21.83685511674732,0 69.63672184209112,21.83306861649397,0 69.63462434186172,21.8296828664469,0 69.63195559229,21.82783561641486,0 69.63287684180835,21.82361686690377,0 69.63301134217467,21.81446411663793,0 69.63285959174341,21.80818486648079,0 69.63182884190326,21.80318361667421,0 69.61804209158134,21.80216211669858,0 69.61606034181658,21.80322761620653,0 69.61558859162392,21.80641361664659,0 69.61323584180836,21.80776486661312,0 69.61247759197443,21.81338386661067,0 69.61314034212299,21.83055861651428,0 69.60958334189154,21.83044936686572,0 69.60919984233703,21.83560486706659,0 69.60906309194964,21.84476686649321,0 69.61092209173826,21.86393711672673,0 69.6153358423837,21.86829061710995,0 69.61850634213592,21.86967911666511,0 69.62625534175329,21.86852386679874,0 69.6303048423394,21.86864336692565,0 69.63207134213914,21.86937161694003,0 69.6352450924519,21.87469611711112,0 69.64702734234569,21.87076461650621,0 69.65716409183351,21.86970261631223,0 69.65879909160132,21.87135161678838,0 69.6663963419026,21.88480711640155,0 69.66787609229685,21.89282936678732,0 69.66702984168546,21.90012461702397,0 69.67202584195653,21.90258286706477,0 69.6725420924799,21.90519561657185,0 69.66700559236911,21.92291661711041,0 69.67077884244924,21.92511811715959,0 69.68169209225418,21.92592786681881,0 69.68516034177006,21.91530936693485,0 69.68597084173427,21.91021961644428,0 69.69121509214526,21.9127381164516,0 69.70739884173344,21.92701161694796,0 69.70711209183264,21.92990836680865,0 69.70854784227123,21.93253961662915,0 69.71894084233354,21.93548461661024,0 69.72307884255996,21.93809486695944,0 69.72230159244214,21.94075736689304,0 69.72546509233931,21.95559411718233,0 69.7213975922695,21.95674961633613,0 69.71628684167665,21.97493336649122,0 69.69456709162678,21.97808811655162,0 69.68904459213296,21.97800611690506,0 69.68372984227098,21.95901786716676,0 69.65136434246818,21.95503686638731,0 69.65678934242203,21.92879636664348,0 69.65670109159886,21.92229286686433,0 69.65157559180494,21.92018311666718,0 69.64203209219588,21.91800461682088,0 69.63336884238872,21.91845886652159,0 69.6287673420577,21.92261611705626,0 69.62063959250075,21.94058486635931,0 69.61731584187395,21.94117511713262,0 69.61549859180943,21.94357411690181,0 69.61202184160392,21.94619111629785,0 69.61080659169926,21.94535986703607,0 69.60737559163233,21.94495961683221,0 69.58992309167996,21.94584136632914,0 69.58066009225857,21.9454113668083,0 69.5651395922816,21.94081211713237,0 69.55236759190255,21.93288961693306,0 69.54751709195706,21.9289861169269,0 69.54342734222624,21.92329836663096,0 69.54172009219106,21.91868511633774,0 69.54076934234507,21.91252736657991,0 69.53525959207131,21.89178636693519,0 69.53217309160945,21.88900861674548,0 69.5252158415641,21.89046561648409,0 69.50523659158183,21.9002943668455,0 69.50224759219709,21.89525211659541,0 69.49890159211509,21.89334586693761,0 69.49446534203283,21.89437286690419,0 69.48771659196585,21.89426661637794,0 69.48693234218845,21.87383711633495,0 69.48448084182841,21.87373511694386,0 69.48918759155468,21.85925686663834,0 69.48924709216118,21.85542586694365,0 69.48613184227189,21.85451161688313,0 69.47633284151151,21.85313536692189,0 69.46639559191311,21.85308461661157,0 69.44869259156245,21.85139561640929,0 69.43603709134831,21.87391386697336,0 69.42793409156482,21.88277386700506,0 69.42368684137199,21.88135686680526,0 69.42059334186575,21.88032261705559,0 69.41334509176606,21.88371786676771,0 69.40711959223373,21.89107086646659,0 69.40348734148817,21.89027536662209,0 69.40232659187048,21.88863386666339,0 69.40032884151148,21.8853896167147,0 69.39438134183895,21.8821306168312,0 69.38953809221452,21.87772361693781,0 69.38581609174142,21.8718678664439,0 69.38452584172697,21.86468111635579,0 69.38477634209657,21.85177186628592,0 69.38102909209782,21.84284511651854,0 69.3804788420906,21.83479686662201,0 69.37807134218937,21.82905661707319,0 69.37121609219737,21.82777011674832,0 69.38124334158995,21.82390836696535,0 69.38275684194178,21.82053536642717,0 69.38254834170471,21.81874386676875,0 69.3897203416257,21.81139686644736,0 69.3909685915594,21.80781361684319,0 69.41035909135456,21.78938736684091,0 69.42273984167345,21.77760361699733,0 69.42351609185187,21.77556986670112,0 69.42431559201412,21.77493611630934,0 69.42498859229701,21.77437186622302,0 69.42619434177392,21.77439911625647,0 69.44222134202379,21.76180411683005,0 69.44506584152093,21.75957161691938,0 69.45096684216429,21.75400436665301,0 69.46203359169337,21.74502186659231,0 69.4668935914263,21.74142561669908,0 69.47124209210631,21.73865661693145,0 69.4741528419718,21.73780561646725,0 69.48098734230331,21.73334811687256,0 69.48566534185557,21.72883211647375,0 69.49440209164334,21.71978386627112,0 69.49467609231708,21.71820861656378,0 69.51015584173521,21.70421986657582,0 69.51474259215125,21.699057616431,0 69.52496809215583,21.6875071163746,0 69.54852634230652,21.66753436622917,0 69.57728734158671,21.6456236161182,0 69.58451034204649,21.64098136655486,0 69.58577209220327,21.64041136680541,0 69.60641584212756,21.63139061644467,0 69.62276109202114,21.62146411679647,0 69.63626659208433,21.60812686610537,0 69.64273984191777,21.59713286627807,0 69.65894309189277,21.58208111605111,0 69.67482234251673,21.56727361617638,0 69.68644809225901,21.55569311677382,0 69.69107184245236,21.55052936618016,0 69.69084509250325,21.54939286665297,0 69.69134434184748,21.54887561664622,0 69.69329609253948,21.54816761651258,0 69.69343634224826,21.5471621163736,0 69.69816859196955,21.54428936620243,0 69.70133359161714,21.54275761663361,0 69.7040330920895,21.54109261628275,0 69.70754834197797,21.54034586601485,0 69.71629784258741,21.54063786610356,0 69.71779409222151,21.54061111634993,0 69.72071259176502,21.53907611595567,0 69.71983534190339,21.5359136165373,0 69.71137134221591,21.53487086626592,0 69.7106820919938,21.53350186614466,0 69.71094184162591,21.53260836638045,0 69.71885584171309,21.52585611663884,0 69.71929684202598,21.52437536663589,0 69.72344384236067,21.51979186648951,0 69.72639834205772,21.51469286619508,0 69.73120859188215,21.50858361616195,0 69.73229059228039,21.5070361167501,0 69.74050759193037,21.49787936670264,0 69.7581545918929,21.48018011646383,0 69.76197659201991,21.47593586615215,0 69.76371059176861,21.47325386614896,0 69.77009109187864,21.46709386646016,0 69.7976030924513,21.43586811648788,0 69.80158484223315,21.4321368665296,0 69.80252984235626,21.43122536635189,0 69.8034755922923,21.43036911632855,0 69.81952134222659,21.41527536597243,0 69.84429734253553,21.38713786614362,0 69.84994524263242,21.37917629274812,0 69.94586795206231,21.37627803584012,0 69.94964909255349,21.38365561659019,0 69.94461384262391,21.38978311649055,0 69.94391709210925,21.39168511586775,0 69.94491509212122,21.39499686623656,0 69.95196809198985,21.39848086651333,0 69.95996509246201,21.39976061641809,0 69.9621808423984,21.40374411618809,0 69.96569834220645,21.40628761615172,0 69.96442834254218,21.41009336651943,0 69.96222209269527,21.410183616586,0 69.95760384208492,21.4125156164334,0 69.96987334218247,21.41536711660833,0 69.98455434238734,21.42142961658181,0 69.98494959280721,21.42416811629437,0 69.98031534226632,21.42751911633433,0 69.98058509235736,21.43064361587617,0 69.98248184226314,21.43572636660546,0 69.98968659202707,21.4373828661436,0 69.99969584259735,21.44074311656638,0 70.0179268426044,21.44269586667217,0 70.02194259249706,21.44239761644936,0 70.02631434261812,21.44071586590395,0 70.02955909199204,21.43511036608199,0 70.03730334214984,21.43751986632144,0 70.04612359273817,21.44385161623478,0 70.04912859202491,21.44685261635342,0 70.05068259221611,21.45083711634197,0 70.05022734270347,21.45493961628059,0 70.0417885928389,21.47303336605388,0 70.03559109196677,21.47506036613202,0 70.02956484231301,21.47472761584782,0 70.02708084235937,21.47652311669619,0 70.02172309219225,21.47676236656668,0 70.00807759267468,21.47546136665061,0 69.99969809233421,21.47325036647683,0 69.99531909189973,21.47828411620598,0 69.99088784240998,21.49304036663349,0 69.9864105924962,21.50158686599398,0 69.98617084215516,21.50554936588046,0 69.99189909245362,21.50732636612133,0 69.98073409249575,21.53090111606847,0 69.98515684275675,21.53478236677575,0 69.99966384223194,21.54088211616499,0 70.00276659199814,21.54362311667186,0 69.99966134238954,21.54649586666565,0 69.99397884281873,21.55404961657124,0 69.99135059260389,21.55865361668201,0 69.98938534200421,21.56439036663656,0 69.98502409190647,21.57073561629129,0 69.9800378421139,21.56750186614348,0 69.97435734220183,21.56632761625466,0 69.97192784215038,21.56960686629203,0 69.96744384257939,21.58081011606029,0 69.96583184280493,21.58720236647608,0 69.96692859228006,21.59248136678304,0 69.97105259223046,21.59571111669146,0 69.98085034255422,21.60109461619745,0 69.98569009250399,21.60102036679546,0 69.98549984252129,21.58696561638124,0 69.98733634191775,21.58217986667684,0 69.99221659203309,21.57874511638552,0 69.99562834188424,21.5801528665747,0 69.99706984248884,21.58259911656068,0 69.99969784227704,21.58436086629322,0 70.00649859233911,21.58663961661719,0 70.01903584276408,21.59320836619657,0 70.01863734235204,21.59638086604313,0 70.02370109244745,21.59741336605141,0 70.03110159210144,21.60155761635219,0 70.03118159245454,21.59578286597088,0 70.03318384249111,21.5949721166872,0 70.03910184236261,21.59560186663126,0 70.04567734219245,21.59500611653955,0 70.04497859227894,21.59143336604454,0 70.04816084225217,21.58535661655633,0 70.05399459248946,21.5838998659664,0 70.0630173421977,21.58422861665908,0 70.06802959246788,21.58652936667312,0 70.07294884200589,21.59218661612189,0 70.07029234262428,21.59513411666656,0 70.0671108420856,21.60859411664582,0 70.05926509277577,21.61022561661822,0 70.0505483421591,21.61006886671871,0 70.04005209263332,21.60800436614266,0 70.03343659223691,21.62679286659781,0 70.03240734228388,21.63568536657131,0 70.0385570924977,21.64243111603744,0 70.03699059200635,21.64474436673119,0 70.03598984241701,21.64925661609207,0 70.0468945920436,21.64854386672186,0 70.04997809273729,21.64564786626386,0 70.05416859232113,21.63587536625138,0 70.05715484276087,21.63576161670256,0 70.06747659215678,21.63879811602255,0 70.07541134244349,21.64022136661404,0 70.08978309218453,21.64632361641856,0 70.1056230926262,21.64496036642455,0 70.10862684272333,21.64720386655597,0 70.10756359255332,21.65130386606394,0 70.10456884289709,21.65749586686245,0 70.10457109240022,21.66516961641362,0 70.10905934207882,21.66989311614658,0 70.11402134201771,21.6729453665125,0 70.11931659215627,21.67958061635367,0 70.12151359249455,21.67957011605443,0 70.13253984234017,21.66453586657834,0 70.13709484264429,21.66232761680168,0 70.14129834271867,21.66174486631784,0 70.14758034280439,21.66230411619874,0 70.14679609236582,21.67033211666648,0 70.14415284207493,21.68182711649594,0 70.14040734288297,21.68593636622611,0 70.13505884227068,21.68837911653403,0 70.12845509203859,21.69324161661231,0 70.11880934207882,21.70596561633468,0 70.10173134265946,21.70548236674671,0 70.08897259242968,21.70366036608919,0 70.08544259230395,21.71868561677889,0 70.08506684257303,21.72504086695879,0 70.08288559232578,21.73451786635363,0 70.08081609196812,21.73514736656055,0 70.07470234242548,21.73297286663512,0 70.07345434260287,21.72962211697415,0 70.06557034225486,21.719419116613,0 70.06005259211285,21.70862686678377,0 70.05549159254448,21.70222461653539,0 70.04997384228749,21.69872086673098,0 70.03996859232774,21.69763911659788,0 70.03467034258163,21.69851086644034,0 70.02835259206724,21.70152711620492,0 70.02453859224684,21.70459361651367,0 70.0207878428355,21.70841611668876,0 70.01913834237178,21.71580311687481,0 70.01986634216289,21.72325111639174,0 70.01924559255963,21.74543461625898,0 70.01244034253578,21.74856086638718,0 70.00823959281935,21.75785961641318,0 70.0081230928435,21.78183011628384,0 70.01102384204822,21.79412361641255,0 70.01124859245074,21.7995478669982,0 70.00949534260307,21.80145686652087,0 69.99969784225362,21.8048158668942,0 69.99013434228567,21.80862561679996,0 69.98561559199159,21.80678661699256,0 69.97521009198962,21.79990536664117,0 69.97001259187955,21.79800236697395,0 69.96277309244184,21.7979028666007,0 69.9590518423181,21.79656136623498,0 69.94931134234255,21.79021386648851,0 69.94577034243758,21.79394761684698,0 69.93299559247333,21.78079436698056,0 69.92781484261695,21.77842936631772,0 69.91541234226393,21.77948411669012,0 69.90838159218067,21.7778018666214,0 69.88085309229858,21.76786436646116,0 69.87894434222484,21.76846986676421,0 69.8755018424163,21.77378861687709,0 69.86952259199059,21.78057711665087,0 69.86510659247784,21.77602836701089,0 69.86716409238029,21.75495736658977,0 69.86680634204426,21.73599886658666,0 69.86318984265928,21.73560536636791,0 69.85991759245266,21.7329583666613,0 69.85313709232733,21.73127411610578,0 69.84614909194651,21.73099661665518,0 69.83900984234172,21.7331541169324,0 69.83374034238142,21.74193811646821,0 69.8172625924485,21.74086361618347,0 69.81664934190712,21.74520986642383,0 69.81386784253115,21.75121336621157,0 69.80983809181799,21.76789211672122,0 69.81306309185928,21.77420511621217,0 69.81546984233832,21.78655111638118,0 69.81712209218455,21.81351111616612,0 69.81629809182346,21.81977436656119,0</coordinates></LinearRing></outerBoundaryIs>
        </Polygon>
      </MultiGeometry>
    </Placemark>
    <Placemark id="ID_40002">
      <name>Jamnagar</name>
      <Snippet></Snippet>
      <description><![CDATA[<html xmlns:fo="http://www.w3.org/1999/XSL/Format" xmlns:msxsl="urn:schemas-microsoft-com:xslt">
<head>
<META http-equiv="Content-Type" content="text/html">
<meta http-equiv="content-type" content="text/html; charset=UTF-8">
</head>
<body style="margin:0px 0px 0px 0px;overflow:auto;background:#FFFFFF;">
<table style="font-family:Arial,Verdana,Times;font-size:12px;text-align:left;width:100%;border-collapse:collapse;padding:3px 3px 3px 3px">
<tr style="text-align:center;font-weight:bold;background:#9CBCE2">
<td>Jamnagar</td>
</tr>
<tr>
<td>
<table style="font-family:Arial,Verdana,Times;font-size:12px;text-align:left;width:100%;border-spacing:0px; padding:3px 3px 3px 3px">
<tr>
<td>FID</td>
<td>3</td>
</tr>
<tr bgcolor="#D4E4F3">
<td>FID_gujarat</td>
<td>22</td>
</tr>
<tr>
<td>STATE</td>
<td>Gujarat</td>
</tr>
<tr bgcolor="#D4E4F3">
<td>DISTRICT</td>
<td>Devbhumi Dwarka</td>
</tr>
<tr>
<td>RR</td>
<td>Devbhumi Dwarka (204-209)</td>
</tr>
<tr bgcolor="#D4E4F3">
<td>FID_GJ_Blocks</td>
<td>3</td>
</tr>
<tr>
<td>Id</td>
<td>0</td>
</tr>
<tr bgcolor="#D4E4F3">
<td>Blocks</td>
<td>Block 3</td>
</tr>
<tr>
<td>Block_Name</td>
<td>Jamnagar</td>
</tr>
</table>
</td>
</tr>
</table>
</body>
</html>
]]></description>
      <styleUrl>#PolyStyle40</styleUrl>
      <MultiGeometry>
        <Polygon>
          <extrude>0</extrude><altitudeMode>clampToGround</altitudeMode>
          <outerBoundaryIs><LinearRing><coordinates> 69.40484534170915,22.52561936716761,0 69.40454309187636,22.52968361744163,0 69.40420234198217,22.53440536707862,0 69.40322009187685,22.5353038675685,0 69.40196234182393,22.53665836745855,0 69.4008830920255,22.53630111760006,0 69.39777484223228,22.53250136698044,0 69.39767259159359,22.53137461747647,0 69.39776009197887,22.52956186723267,0 69.39783959165283,22.52680461734483,0 69.39905459152234,22.52414061713007,0 69.40198934191007,22.52306261706084,0 69.40484534170915,22.52561936716761,0</coordinates></LinearRing></outerBoundaryIs>
        </Polygon>
        <Polygon>
          <extrude>0</extrude><altitudeMode>clampToGround</altitudeMode>
          <outerBoundaryIs><LinearRing><coordinates> 69.32745209136317,22.52489811762431,0 69.32293609134017,22.52479661710027,0 69.32222909151844,22.52554311709543,0 69.31857759207159,22.52680661743645,0 69.3169185915213,22.52585411757606,0 69.31618384182495,22.5195258670677,0 69.31684759148909,22.5173661173753,0 69.31732384205486,22.51697961755346,0 69.32399959132131,22.51153911740592,0 69.3390253413387,22.50712061742113,0 69.34942759221158,22.5040628675327,0 69.35787559206814,22.50855811766776,0 69.36188359129277,22.51175061735513,0 69.36183934147743,22.51400261688672,0 69.35632159138873,22.52318236734242,0 69.34942734137606,22.52692386705215,0 69.34894784208147,22.52622511707725,0 69.33894509157071,22.52542636762731,0 69.33468334170171,22.52506861702112,0 69.32745209136317,22.52489811762431,0</coordinates></LinearRing></outerBoundaryIs>
        </Polygon>
        <Polygon>
          <extrude>0</extrude><altitudeMode>clampToGround</altitudeMode>
          <outerBoundaryIs><LinearRing><coordinates> 69.29895634178635,22.47326486748301,0 69.29376834164893,22.46986236764326,0 69.29239434204162,22.46592886709304,0 69.29068459132766,22.46257636699745,0 69.29034284167135,22.46050461748299,0 69.29021834180193,22.45726661705472,0 69.29351309129514,22.45642411726249,0 69.29619009192288,22.45763836708544,0 69.29775384185294,22.45971111745651,0 69.29937984163331,22.45884036676651,0 69.3020928419047,22.45530661706721,0 69.30515784180676,22.45366061739104,0 69.31288634183758,22.4522863674278,0 69.32090034127114,22.45188511714661,0 69.32542784212924,22.45206161764111,0 69.32692609139949,22.45424011722489,0 69.32810584214091,22.45776711726539,0 69.32767684143026,22.46369211705481,0 69.32633159149255,22.46906311729903,0 69.32164609189992,22.47260811739862,0 69.3124408414396,22.4725583672045,0 69.30997409172231,22.47256411737397,0 69.30411234130223,22.47323461729188,0 69.30145059202175,22.47255936752951,0 69.29895634178635,22.47326486748301,0</coordinates></LinearRing></outerBoundaryIs>
        </Polygon>
        <Polygon>
          <extrude>0</extrude><altitudeMode>clampToGround</altitudeMode>
          <outerBoundaryIs><LinearRing><coordinates> 69.72403784247642,22.46053936686375,0 69.72732009229495,22.46452161749598,0 69.72844459254937,22.46658011686725,0 69.72909259227623,22.46752886750804,0 69.73048959203771,22.46959211703993,0 69.73021159210087,22.47000486708767,0 69.73034759229233,22.4748766169191,0 69.72912559170184,22.47554361723941,0 69.72487009205456,22.4746823669484,0 69.71927834255564,22.46861861680377,0 69.71918109186566,22.46716961722429,0 69.71885334165783,22.46199411744595,0 69.71895334235118,22.4606901170496,0 69.72171059230456,22.45953661745993,0 69.72260634242328,22.45916586701969,0 69.72403784247642,22.46053936686375,0</coordinates></LinearRing></outerBoundaryIs>
        </Polygon>
        <Polygon>
          <extrude>0</extrude><altitudeMode>clampToGround</altitudeMode>
          <outerBoundaryIs><LinearRing><coordinates> 69.6416908421585,22.44907436727713,0 69.63242334214584,22.45407286686672,0 69.62948509207155,22.4583418672313,0 69.62811934190063,22.4601616174975,0 69.61965334153544,22.45889561744604,0 69.61366559171022,22.45450586741991,0 69.61546784164531,22.44775911756157,0 69.61386559242801,22.44364486735002,0 69.6111863420568,22.44452486759339,0 69.61019234183811,22.44497136679044,0 69.60959459204467,22.45058686695074,0 69.60836834198834,22.4514581176124,0 69.58962459207079,22.44192586759572,0 69.58967184216975,22.44130136707914,0 69.58748959169914,22.43974086696704,0 69.58654084203148,22.43765861688768,0 69.58744159211741,22.43560661678033,0 69.58871459229175,22.43355711734499,0 69.5914668414992,22.43119611751544,0 69.59309634179137,22.42984286697695,0 69.59473809238374,22.42780486684621,0 69.59563634167434,22.42575261757925,0 69.59874359151577,22.42441761721559,0 69.60099534166508,22.42338386684803,0 69.60680359238751,22.41867586741538,0 69.61849509248046,22.41538911713932,0 69.62904059205128,22.41027361716747,0 69.63042959238453,22.40965811691799,0 69.6343043418746,22.40793211746399,0 69.64301659170344,22.41576161757526,0 69.64995784197059,22.4219876167475,0 69.6519725921475,22.42378711694914,0 69.65325584181839,22.42642286699929,0 69.65301284228146,22.42754861720401,0 69.65148909243187,22.42876436725535,0 69.64970134201936,22.43077911699765,0 69.64927509192175,22.43111461677787,0 69.64048484251161,22.43412011716308,0 69.63632434183187,22.43768911750596,0 69.63616859207785,22.43949711707991,0 69.644132092305,22.44107386706747,0 69.64471309161988,22.44301536696224,0 69.64440884225007,22.44347236744294,0 69.6440180916096,22.44461336721128,0 69.6416908421585,22.44907436727713,0</coordinates></LinearRing></outerBoundaryIs>
        </Polygon>
        <Polygon>
          <extrude>0</extrude><altitudeMode>clampToGround</altitudeMode>
          <outerBoundaryIs><LinearRing><coordinates> 69.71477934175812,22.44128686696995,0 69.71588409215063,22.44977586725038,0 69.71608634244538,22.45102211707682,0 69.71627459218416,22.45431186709697,0 69.71580934213564,22.45552186702752,0 69.7143358423084,22.459261617658,0 69.71261309206906,22.46036086729684,0 69.70854209225355,22.45915161684806,0 69.70161259167232,22.45063986701798,0 69.70125034191155,22.45019511699716,0 69.70128934224535,22.44815561751252,0 69.7045948418544,22.44665886677516,0 69.70352984250152,22.44010386730567,0 69.70612759184938,22.43958386722225,0 69.70742159193541,22.43967186728412,0 69.70878984178781,22.4397926175892,0 69.71261859244736,22.43943686764016,0 69.71359384229345,22.43991386740984,0 69.71477934175812,22.44128686696995,0</coordinates></LinearRing></outerBoundaryIs>
        </Polygon>
        <Polygon>
          <extrude>0</extrude><altitudeMode>clampToGround</altitudeMode>
          <outerBoundaryIs><LinearRing><coordinates> 69.53031634172839,22.3798968669116,0 69.53256234242644,22.38367786685618,0 69.5396613423604,22.38638936723585,0 69.54027259213726,22.39317536736994,0 69.53585734172253,22.3958148672425,0 69.53548884226304,22.40212461712532,0 69.53343984152443,22.4035361173136,0 69.52886759227914,22.40676461753375,0 69.52853184230267,22.41275586748408,0 69.52810159150044,22.42029836728471,0 69.52672034180875,22.42235611721903,0 69.52586884168905,22.42300811725929,0 69.51588084233248,22.42540636729847,0 69.51538584150344,22.42554061677948,0 69.50995109199371,22.42455686698116,0 69.50633134155608,22.42314036734663,0 69.50600184220252,22.42108861684165,0 69.50727234195892,22.41794111682345,0 69.51527559188862,22.41447086725606,0 69.51714059194238,22.41371861739642,0 69.51766384218951,22.41347561708825,0 69.51772859213172,22.4100988668998,0 69.51693859196602,22.40487436748183,0 69.51624434198669,22.40393761678011,0 69.51612384223566,22.40237611679715,0 69.51589509169773,22.4002113672163,0 69.51723559174306,22.39853886743878,0 69.51901009191582,22.39473136715065,0 69.51961409222795,22.3928298674817,0 69.51992484192954,22.39192361725983,0 69.52191934224955,22.3897053671155,0 69.52314384239226,22.38882561687864,0 69.52326559191147,22.38768011698449,0 69.52371584223008,22.38342086695391,0 69.52418109166543,22.38179586739723,0 69.52583309232482,22.38109111706839,0 69.52713134156696,22.38018861754199,0 69.52986659202776,22.37897236690964,0 69.53031634172839,22.3798968669116,0</coordinates></LinearRing></outerBoundaryIs>
        </Polygon>
        <Polygon>
          <extrude>0</extrude><altitudeMode>clampToGround</altitudeMode>
          <outerBoundaryIs><LinearRing><coordinates> 69.76014684192252,22.42496561709535,0 69.75806884254914,22.4232926172097,0 69.75768409190783,22.42262511728684,0 69.7570860924707,22.42151386757461,0 69.75383609199608,22.41566761740852,0 69.75203734176301,22.41553186727083,0 69.74645184230341,22.41611336693142,0 69.74394809219172,22.41699136710268,0 69.74349534182309,22.41735311686774,0 69.74130434213798,22.41851511677428,0 69.74019884175038,22.42529861672004,0 69.73939759195613,22.42601961728585,0 69.73846359234803,22.42707111713435,0 69.7367100919173,22.42724286710796,0 69.72701534191975,22.42603086688926,0 69.72505109181695,22.4269246171702,0 69.72391684164062,22.42686136727717,0 69.7208110924178,22.43652736698709,0 69.71870984178706,22.43796311744154,0 69.71701709181725,22.43748561713074,0 69.71583184212746,22.43611286762168,0 69.71576659206038,22.43151361744984,0 69.71612309186374,22.42947261698334,0 69.71691434202449,22.42528461681973,0 69.71740509182428,22.42267336713386,0 69.71670084166196,22.4219701175694,0 69.71355234234538,22.4215113675352,0 69.70790284222291,22.42176411760177,0 69.70449984227874,22.42283636738364,0 69.70070809221713,22.42105761750716,0 69.70091359234405,22.41784986761918,0 69.7011618425763,22.41649361675813,0 69.70338934219882,22.41471386711675,0 69.70471609164518,22.41365711717124,0 69.70516084224371,22.40665336746227,0 69.70539884235161,22.40303036704532,0 69.70766109222221,22.39922886696989,0 69.70809409242906,22.39574361716774,0 69.70850159222979,22.39223836737113,0 69.70092759230984,22.38127336690741,0 69.70013809207001,22.3770866173573,0 69.69733834246263,22.37782111718921,0 69.69754334247844,22.38010136713425,0 69.69724184188442,22.38046386703131,0 69.69481634170442,22.38365861694997,0 69.68633459202412,22.38520361721225,0 69.67535209189455,22.39387211689247,0 69.67160934205005,22.39214661750821,0 69.66843209221321,22.39074111708985,0 69.66571959173588,22.39017711749213,0 69.66351309159825,22.38710486737867,0 69.66273784201385,22.3768191167817,0 69.66161309199958,22.37218211724068,0 69.65953409253636,22.36297986705531,0 69.65816784165715,22.35688161695191,0 69.65811409189716,22.35304261681944,0 69.66074559169292,22.34787086701013,0 69.66149784233637,22.34723686728065,0 69.66292434253675,22.34594986695563,0 69.66790859186743,22.34164036702378,0 69.66820459211795,22.33893061705191,0 69.66461284241112,22.33581886726276,0 69.66489309183274,22.33402886732102,0 69.66542559242943,22.3316513672675,0 69.66470034230663,22.33097411666097,0 69.66274259242243,22.33160861678204,0 69.64269034233558,22.34034861733077,0 69.64223459161408,22.34507136737392,0 69.64237159241,22.34562786710958,0 69.64411109166157,22.35029086690787,0 69.64360259172769,22.3511998671678,0 69.64082234229996,22.35485411730484,0 69.6390975923934,22.3562383671701,0 69.63694484247702,22.35798311751672,0 69.63089959194791,22.36103511747788,0 69.61794209227909,22.36708311752158,0 69.61674259153195,22.36659686728149,0 69.61555184227969,22.36568661721109,0 69.61533309206715,22.36409761746804,0 69.61581409211523,22.36081911732674,0 69.61638859194463,22.3594898671762,0 69.61789659203504,22.35621261680383,0 69.61892509188139,22.35388311703433,0 69.61994584219862,22.34527136697608,0 69.61998559167749,22.34317636732569,0 69.62094409205152,22.33791111692877,0 69.62232909177429,22.33499236676678,0 69.62224134215445,22.33165836696961,0 69.61941459157799,22.32729886723298,0 69.61291909171624,22.32381786694178,0 69.61202809203037,22.32148136686913,0 69.61116234223446,22.31360986743403,0 69.60301109236477,22.3158696173661,0 69.59299059207525,22.30869986745816,0 69.59273259238785,22.30798286730186,0 69.59187359215743,22.30649736737993,0 69.59241234164659,22.30364986672773,0 69.5954643424087,22.30129361683006,0 69.59659184197929,22.29830886734603,0 69.59641059201506,22.29650336731124,0 69.59424259161385,22.29766261691742,0 69.59076184155592,22.3000191172207,0 69.58880734177936,22.30098761721228,0 69.58711609157488,22.29955336700091,0 69.58586109220899,22.29752836683473,0 69.58418934210322,22.29510061670859,0 69.582229841822,22.29647486665461,0 69.58197659225121,22.29847436746094,0 69.57841659183993,22.30503011665343,0 69.57618684166954,22.30920336717527,0 69.57144984243732,22.30972836695124,0 69.56608009225096,22.30963686698645,0 69.56393009221871,22.30959936679645,0 69.56364984240744,22.31320786747572,0 69.56397459154937,22.31862136724872,0 69.56405384184157,22.32070836700563,0 69.56530334152886,22.3288328668994,0 69.56528459215878,22.33388811742973,0 69.56446759154927,22.33539161740434,0 69.56340434218212,22.33765161705906,0 69.56055159152081,22.33898686744913,0 69.55753934206895,22.34076361711936,0 69.5542783417505,22.3425186167946,0 69.55275859186536,22.34368736729703,0 69.5518505915357,22.34608036707106,0 69.54968309238961,22.34725061692415,0 69.54690934173315,22.34600636730416,0 69.54475909170087,22.34596611663303,0 69.54004859217105,22.34769436737236,0 69.52618659194624,22.35733936691313,0 69.52442584179397,22.35921836714757,0 69.52019509192633,22.3572403673549,0 69.51122284174802,22.36101711675662,0 69.50368209216346,22.36336961672482,0 69.5014350919225,22.3635436172338,0 69.49712309228822,22.36384411736865,0 69.48875409212211,22.35506711727535,0 69.48810459191515,22.35432036710094,0 69.48756159187644,22.35301786709976,0 69.48685734188838,22.35159111704596,0 69.48825434168974,22.34652761714996,0 69.4899533422151,22.34026436739831,0 69.49165334220042,22.33401936726997,0 69.49499234144984,22.32808711701277,0 69.4974420921763,22.32371311674797,0 69.50090734182045,22.32037661671511,0 69.50562559142924,22.31480511714475,0 69.50597659198779,22.31315186699203,0 69.50551459164994,22.3115803673816,0 69.50570184181541,22.31076236699395,0 69.50502034163301,22.31038286687248,0 69.49875584153342,22.30678811691537,0 69.49265334227557,22.30760336725958,0 69.49162884205413,22.32249211690614,0 69.48777284189413,22.32667586687765,0 69.48445034191504,22.33029911668412,0 69.47881659226668,22.33233486721431,0 69.47776309156011,22.3331271166276,0 69.47680759183129,22.33285286700598,0 69.47260909226574,22.33083186701199,0 69.46864859210154,22.32909036673986,0 69.46812784218542,22.32924111726074,0 69.46745559230777,22.32696011679637,0 69.46549434211762,22.32023211664796,0 69.46493734223206,22.31972461705916,0 69.4625783414852,22.31803011735966,0 69.46027934166908,22.31580661686486,0 69.45974559225921,22.31541161713753,0 69.45881934174301,22.3135791170205,0 69.47311284155907,22.30493036677602,0 69.4866750920185,22.29674661727374,0 69.48645434204205,22.29538811697435,0 69.48347834223696,22.29251786688843,0 69.48104159207227,22.29247286739108,0 69.47339284196252,22.29044236693692,0 69.46898184220262,22.28910561703023,0 69.46328884185591,22.28403986704236,0 69.46111059146504,22.28331336733042,0 69.45888559212999,22.28372136741384,0 69.45307334178986,22.28479061716926,0 69.44327609137308,22.29283286733188,0 69.4417540915333,22.29408361673493,0 69.43596684221576,22.29621786665651,0 69.43308309180091,22.29621011672419,0 69.42458859173435,22.28350361684676,0 69.42095784205829,22.28148161672759,0 69.41749909213178,22.28055386716045,0 69.41555884188215,22.28139211691673,0 69.40062359154219,22.28793136697029,0 69.38290834146378,22.28900286706221,0 69.37747934139647,22.29297636672164,0 69.37673259144786,22.29576061679624,0 69.37457959147133,22.29988586700182,0 69.37224234190667,22.30209436680596,0 69.3713313414445,22.30347736708617,0 69.339485091428,22.2950186169092,0 69.33858134175006,22.29463636703776,0 69.33804384172262,22.29444386705418,0 69.33609859201312,22.29314311669493,0 69.33476034221152,22.29233786723942,0 69.33420809202666,22.28679186727957,0 69.3332510917422,22.28541786688954,0 69.32434509136041,22.27860561663021,0 69.32352334175607,22.27895136693996,0 69.32149134161425,22.27954186712436,0 69.32162309213673,22.28518986681375,0 69.31793834220164,22.28588036676719,0 69.31613934157413,22.28589386680366,0 69.3145130919105,22.28582286743078,0 69.31372509186883,22.2857853673282,0 69.30951159163973,22.28587286711798,0 69.29866359153827,22.2860236169773,0 69.2974610920874,22.28574686672463,0 69.29676359193579,22.28263011746242,0 69.29863884171679,22.28129036702951,0 69.3016830917577,22.27945611660601,0 69.30649984123555,22.2776898673339,0 69.30772459188329,22.27681186670908,0 69.30774334186091,22.27591536663167,0 69.30549484134231,22.27502436706251,0 69.30317434198295,22.27401536720297,0 69.30312434185728,22.27295711685051,0 69.30309309161532,22.27197611737503,0 69.30277534147859,22.26949111666281,0 69.29398084141256,22.27180861716542,0 69.28453184161114,22.27118036689818,0 69.28284934136543,22.27025311711508,0 69.28211659127389,22.26769461701154,0 69.28237559127317,22.26459236718067,0 69.28613484197412,22.25917186677386,0 69.28923209165922,22.25477511673144,0 69.29515184176955,22.23884436666031,0 69.29638834144829,22.23751711693359,0 69.29570934170692,22.23569411702687,0 69.29227434181433,22.23743786738326,0 69.29104359199501,22.23857386678203,0 69.28757234135418,22.24208986659175,0 69.28506734216244,22.24643386697085,0 69.28274284199486,22.25284011673379,0 69.28151384136964,22.25394836689715,0 69.26887534215281,22.25510086684248,0 69.26816784165455,22.25595761680681,0 69.26792034132441,22.25710111727555,0 69.26487109182149,22.26044811668257,0 69.26334909142301,22.26597411741946,0 69.26294359163703,22.2674111170722,0 69.25913734123702,22.26716361708114,0 69.25771109160671,22.26710836689251,0 69.25108634180185,22.26437511673651,0 69.24925609168618,22.26374186738692,0 69.24576509162385,22.25984186709843,0 69.2396263413072,22.25298336742583,0 69.23582259153564,22.24749361690882,0 69.23015284178973,22.24425961713296,0 69.22590509169589,22.24245861662628,0 69.22158087641765,22.24093618762417,0 69.21340741093243,21.96620715247169,0 69.22201384181633,21.95901761666659,0 69.22690984121857,21.95281561630879,0 69.22920634125028,21.95009486639547,0 69.23943434186791,21.9358173670386,0 69.27300334125597,21.90272361689908,0 69.28799634165671,21.89176211687003,0 69.3098473416722,21.87579636624545,0 69.33542209140305,21.85409411660012,0 69.33838534186948,21.85075236667565,0 69.36267984218739,21.83353411680699,0 69.37121609219737,21.82777011674832,0 69.37807134218937,21.82905661707319,0 69.3804788420906,21.83479686662201,0 69.38102909209782,21.84284511651854,0 69.38477634209657,21.85177186628592,0 69.38452584172697,21.86468111635579,0 69.38581609174142,21.8718678664439,0 69.38953809221452,21.87772361693781,0 69.39438134183895,21.8821306168312,0 69.40032884151148,21.8853896167147,0 69.40232659187048,21.88863386666339,0 69.40348734148817,21.89027536662209,0 69.40711959223373,21.89107086646659,0 69.41334509176606,21.88371786676771,0 69.42059334186575,21.88032261705559,0 69.42368684137199,21.88135686680526,0 69.42793409156482,21.88277386700506,0 69.43603709134831,21.87391386697336,0 69.44869259156245,21.85139561640929,0 69.46639559191311,21.85308461661157,0 69.47633284151151,21.85313536692189,0 69.48613184227189,21.85451161688313,0 69.48924709216118,21.85542586694365,0 69.48918759155468,21.85925686663834,0 69.48448084182841,21.87373511694386,0 69.48693234218845,21.87383711633495,0 69.48771659196585,21.89426661637794,0 69.49446534203283,21.89437286690419,0 69.49890159211509,21.89334586693761,0 69.50224759219709,21.89525211659541,0 69.50523659158183,21.9002943668455,0 69.5252158415641,21.89046561648409,0 69.53217309160945,21.88900861674548,0 69.53525959207131,21.89178636693519,0 69.54076934234507,21.91252736657991,0 69.54172009219106,21.91868511633774,0 69.54342734222624,21.92329836663096,0 69.54751709195706,21.9289861169269,0 69.55236759190255,21.93288961693306,0 69.5651395922816,21.94081211713237,0 69.58066009225857,21.9454113668083,0 69.58992309167996,21.94584136632914,0 69.60737559163233,21.94495961683221,0 69.61080659169926,21.94535986703607,0 69.61202184160392,21.94619111629785,0 69.61549859180943,21.94357411690181,0 69.61731584187395,21.94117511713262,0 69.62063959250075,21.94058486635931,0 69.6287673420577,21.92261611705626,0 69.63336884238872,21.91845886652159,0 69.64203209219588,21.91800461682088,0 69.65157559180494,21.92018311666718,0 69.65670109159886,21.92229286686433,0 69.65678934242203,21.92879636664348,0 69.65136434246818,21.95503686638731,0 69.68372984227098,21.95901786716676,0 69.68904459213296,21.97800611690506,0 69.69456709162678,21.97808811655162,0 69.71628684167665,21.97493336649122,0 69.7213975922695,21.95674961633613,0 69.72546509233931,21.95559411718233,0 69.72230159244214,21.94075736689304,0 69.72307884255996,21.93809486695944,0 69.71894084233354,21.93548461661024,0 69.70854784227123,21.93253961662915,0 69.70711209183264,21.92990836680865,0 69.70739884173344,21.92701161694796,0 69.69121509214526,21.9127381164516,0 69.68597084173427,21.91021961644428,0 69.68516034177006,21.91530936693485,0 69.68169209225418,21.92592786681881,0 69.67077884244924,21.92511811715959,0 69.66700559236911,21.92291661711041,0 69.6725420924799,21.90519561657185,0 69.67202584195653,21.90258286706477,0 69.66702984168546,21.90012461702397,0 69.66787609229685,21.89282936678732,0 69.6663963419026,21.88480711640155,0 69.65879909160132,21.87135161678838,0 69.65716409183351,21.86970261631223,0 69.64702734234569,21.87076461650621,0 69.6352450924519,21.87469611711112,0 69.63207134213914,21.86937161694003,0 69.6303048423394,21.86864336692565,0 69.62625534175329,21.86852386679874,0 69.61850634213592,21.86967911666511,0 69.6153358423837,21.86829061710995,0 69.61092209173826,21.86393711672673,0 69.60906309194964,21.84476686649321,0 69.60919984233703,21.83560486706659,0 69.60958334189154,21.83044936686572,0 69.61314034212299,21.83055861651428,0 69.61247759197443,21.81338386661067,0 69.61323584180836,21.80776486661312,0 69.61558859162392,21.80641361664659,0 69.61606034181658,21.80322761620653,0 69.61804209158134,21.80216211669858,0 69.63182884190326,21.80318361667421,0 69.63285959174341,21.80818486648079,0 69.63301134217467,21.81446411663793,0 69.63287684180835,21.82361686690377,0 69.63195559229,21.82783561641486,0 69.63462434186172,21.8296828664469,0 69.63672184209112,21.83306861649397,0 69.64501059222914,21.83685511674732,0 69.65298109196341,21.83715811657407,0 69.65687884240643,21.83489011622522,0 69.66512784236137,21.81228311617949,0 69.67600109199414,21.81112311662154,0 69.67507584191839,21.81563236646825,0 69.67630909226816,21.81924461698038,0 69.68280534255921,21.81986736638688,0 69.68772384175546,21.8191891165562,0 69.69096359165458,21.81581386670196,0 69.69165659237788,21.81019511617274,0 69.69566934247111,21.80852011627296,0 69.69846209186429,21.80624261627321,0 69.70119034195143,21.79567586654558,0 69.7065855918009,21.79586686669021,0 69.70914934233534,21.7967228665635,0 69.71373359203798,21.79348536633619,0 69.71864534241155,21.79767361684955,0 69.72394134181523,21.80465636686248,0 69.7250410919273,21.8092001169021,0 69.72502684230879,21.81888911630647,0 69.73194234189577,21.82438786673691,0 69.7348275919576,21.82860336686669,0 69.73962659205105,21.83198036673509,0 69.75128484203964,21.82751386697267,0 69.75921309260285,21.82195086673923,0 69.76720309231384,21.82090886663255,0 69.78856984250257,21.8241861166876,0 69.79863859208265,21.82357861621417,0 69.81176409204129,21.82388561623316,0 69.81490434259332,21.82305761652154,0 69.81629809182346,21.81977436656119,0 69.82055184248041,21.81838236678764,0 69.82921684252908,21.81751211689171,0 69.83340109268437,21.81640811651617,0 69.83325484242505,21.81373586702314,0 69.83407459248011,21.81189036681444,0 69.8386098418664,21.81224711690741,0 69.83872734223974,21.81718036644233,0 69.85544209233187,21.81956436689779,0 69.86382259248181,21.82154486629802,0 69.86704009233276,21.82390686655598,0 69.87090409238863,21.828487616361,0 69.87474184240514,21.83040436662171,0 69.8842245918913,21.83239561661765,0 69.89002534194672,21.82980436615286,0 69.89454709258332,21.8311481169462,0 69.89580009211078,21.83377911649534,0 69.89882984228089,21.83695136629694,0 69.90467809262798,21.83988086643629,0 69.90971534229125,21.84413786687849,0 69.91252484200291,21.84963886676554,0 69.91257209268103,21.85526611630013,0 69.91220610309416,21.85680047763119,0 69.91036634188394,21.86451236624602,0 69.91178259184701,21.86888661703897,0 69.91651059238896,21.87348686664168,0 69.91378784242303,21.8752448663414,0 69.91543709229722,21.88060811681142,0 69.93088984229607,21.89086011632933,0 69.9310788420685,21.89516361669167,0 69.92409734219642,21.89826361655433,0 69.91921134258406,21.90150111651556,0 69.92067059209222,21.91185561628315,0 69.91818234212971,21.91895136625316,0 69.91754409247395,21.9255528664116,0 69.914692341906,21.92801286678895,0 69.91399359244534,21.9295096163484,0 69.91772984249521,21.93472411646478,0 69.91749009218492,21.9391306163729,0 69.92455059184137,21.93899361679906,0 69.92561984216407,21.94162136639567,0 69.92436384266718,21.94403361659878,0 69.92769984197004,21.94715636649655,0 69.92659309229283,21.95200786698678,0 69.92850384214,21.95614286644844,0 69.93134034190381,21.95965886654282,0 69.92852909224874,21.96367461645787,0 69.92340534258871,21.9656946169675,0 69.90909659178669,21.96583136703906,0 69.90409184240146,21.96822786697782,0 69.88962259195171,21.98051961716494,0 69.88677084183092,21.98699586691644,0 69.88283009203286,21.99213036645596,0 69.87431509264631,22.00087961659775,0 69.87934184185944,22.00546911716271,0 69.87553409194061,22.01056836689503,0 69.87300259185126,22.01243336633577,0 69.86885159247753,22.01370511681995,0 69.86280684239779,22.01303361718296,0 69.85772234204973,22.01283936676369,0 69.85793234220461,22.01678036708341,0 69.86067884231333,22.02122636713912,0 69.8647225925974,22.02435911643854,0 69.86879884235245,22.02633311666972,0 69.87140409235356,22.02880611644628,0 69.87249209240167,22.03397561660111,0 69.87555284191268,22.03529311675716,0 69.87391984197664,22.0378231164613,0 69.86715759219996,22.03957011681568,0 69.86074734247173,22.03912786650217,0 69.86130109195538,22.04393861721816,0 69.86262109212726,22.04917461711475,0 69.86353559195692,22.05312836651227,0 69.86566334215874,22.05742886720308,0 69.86252484251732,22.06405886664933,0 69.86200059200281,22.0661971164499,0 69.86149234250011,22.07030436664223,0 69.86137209268429,22.07592361664275,0 69.86189934237255,22.08229486646873,0 69.8637928422269,22.08713111657189,0 69.86870834249886,22.08935536665268,0 69.87589609225758,22.09300086647362,0 69.87921159235596,22.09652036688944,0 69.88593909212024,22.1045643666493,0 69.89156859261772,22.11298686660443,0 69.89463284242125,22.11685586660349,0 69.89773234258138,22.12460561713582,0 69.89456784200739,22.12803936648294,0 69.88003609190601,22.12752961730057,0 69.87029009186897,22.1270328668021,0 69.86235909248003,22.12951836657496,0 69.85769859252272,22.13211036647662,0 69.85152109265572,22.12918236667145,0 69.84426309220032,22.12332761671575,0 69.83738734247386,22.11644586699977,0 69.82914909255986,22.11631561691026,0 69.82645334178501,22.11499886722114,0 69.82246284184654,22.11434436701031,0 69.82354884254161,22.11726036726972,0 69.82433634263835,22.11987436649218,0 69.82397059177535,22.12276636650262,0 69.82199559199385,22.12418586691607,0 69.81858284219476,22.12772836694821,0 69.81763909247151,22.1319378671,0 69.81730484205185,22.13598536703427,0 69.81725284259822,22.1383101168021,0 69.81805959207348,22.142780866837,0 69.81901659193593,22.1486991168025,0 69.81983484261663,22.15531636730958,0 69.81920384184811,22.15913636707921,0 69.81816959191235,22.16195536701933,0 69.81693234185735,22.16831411659471,0 69.81837734240735,22.17145961650946,0 69.81755109178212,22.17568186693052,0 69.81546434238162,22.17964361693847,0 69.8103648420834,22.18529436666224,0 69.80899234248987,22.18701286680077,0 69.81034809183899,22.18859961665543,0 69.81332784242566,22.19351711734857,0 69.81496309209808,22.19886961674903,0 69.81156234237079,22.20448961739122,0 69.80597484258229,22.21002661711567,0 69.80245259260738,22.21309536663876,0 69.79870459217338,22.21784711740401,0 69.79148709193895,22.21802186716359,0 69.78390334251719,22.21796136711855,0 69.77492634209136,22.22082911717962,0 69.77165309250016,22.22866061723713,0 69.76700309230606,22.2330436171262,0 69.76283159247852,22.23767386672691,0 69.76406709226747,22.2417471170919,0 69.7699965918794,22.24253411712067,0 69.77222684188979,22.24558811657733,0 69.76800384209284,22.24992411707951,0 69.76310584237882,22.25442411668333,0 69.76040859224828,22.2582611166978,0 69.75807709213083,22.26477186666867,0 69.75531959244498,22.27365136722596,0 69.75415059218069,22.27699411680735,0 69.75178084175049,22.28240161726349,0 69.74646809238192,22.29163611712741,0 69.73840609195892,22.30935361722774,0 69.74134634248831,22.31079236727089,0 69.7488513423534,22.31439611685573,0 69.75436609213365,22.31731986664874,0 69.7577950922482,22.32120061711825,0 69.75676409184535,22.32889111690765,0 69.75384109182211,22.33457511688713,0 69.74867984214835,22.33988586733827,0 69.74676884248099,22.34622911729691,0 69.74596484171219,22.35462036703557,0 69.7455138425934,22.35831661678846,0 69.74544659258231,22.36376286671261,0 69.74271209233972,22.36661661729986,0 69.73643309212646,22.36749436713659,0 69.73400259237584,22.37035686754462,0 69.73367084231414,22.37667136687383,0 69.73255734225079,22.38516636670624,0 69.73087059193547,22.39505336754451,0 69.73645259242342,22.3951368668096,0 69.74161709190018,22.39516636681176,0 69.74199609236477,22.39963436723528,0 69.74318059227136,22.40614636696296,0 69.74669284234997,22.40655061755342,0 69.74858009187611,22.40906936746797,0 69.75144509189762,22.41114886744102,0 69.75540959208892,22.41034436737426,0 69.75954034257745,22.41302611732616,0 69.7591628417771,22.41613686695998,0 69.75952884232007,22.41875311719056,0 69.76005659251037,22.42212336748263,0 69.76014684192252,22.42496561709535,0</coordinates></LinearRing></outerBoundaryIs>
        </Polygon>
        <Polygon>
          <extrude>0</extrude><altitudeMode>clampToGround</altitudeMode>
          <outerBoundaryIs><LinearRing><coordinates> 69.33799034137516,22.38043111684971,0 69.33894309194606,22.38564086689077,0 69.33572809157675,22.38854411717484,0 69.33390159162064,22.38862986732596,0 69.33051359141888,22.38677511747943,0 69.3233433417293,22.38288061684934,0 69.32377609183744,22.37994986678071,0 69.33072159187502,22.37655786694084,0 69.33361234136349,22.37513686746082,0 69.33799034137516,22.38043111684971,0</coordinates></LinearRing></outerBoundaryIs>
        </Polygon>
        <Polygon>
          <extrude>0</extrude><altitudeMode>clampToGround</altitudeMode>
          <outerBoundaryIs><LinearRing><coordinates> 69.48442059200551,22.38783186727922,0 69.4848525914239,22.39101011745835,0 69.48444684224167,22.39281436684082,0 69.48314459198224,22.39391711722026,0 69.48300684159877,22.39458136734084,0 69.47803959154757,22.39890961678158,0 69.47540009184104,22.39636261682184,0 69.47503409196912,22.39243186719881,0 69.47476634213859,22.38971286752418,0 69.47461609156612,22.38732536752175,0 69.47972284226876,22.38585511709566,0 69.48442059200551,22.38783186727922,0</coordinates></LinearRing></outerBoundaryIs>
        </Polygon>
        <Polygon>
          <extrude>0</extrude><altitudeMode>clampToGround</altitudeMode>
          <outerBoundaryIs><LinearRing><coordinates> 69.54487384224855,22.36263011718759,0 69.54441984170701,22.36436886667379,0 69.54430509236185,22.36515236721063,0 69.54343934196132,22.36676361749692,0 69.54121334227199,22.36831736713295,0 69.53868134239109,22.36792536740778,0 69.53740984206306,22.36465011722902,0 69.53748084172022,22.36354486702607,0 69.53774759186985,22.3599008670993,0 69.53971559154948,22.35877911725395,0 69.54080259192355,22.35868361692802,0 69.54487384224855,22.36263011718759,0</coordinates></LinearRing></outerBoundaryIs>
        </Polygon>
        <Polygon>
          <extrude>0</extrude><altitudeMode>clampToGround</altitudeMode>
          <outerBoundaryIs><LinearRing><coordinates> 69.45040834233902,22.3593548670319,0 69.44410409223788,22.35759236700193,0 69.44172584152084,22.35693236670329,0 69.43819734176262,22.35705511668703,0 69.43623834182824,22.35768686701379,0 69.43408209170087,22.35698011737953,0 69.4343460921646,22.35493961747541,0 69.43640984220269,22.35390211755526,0 69.44057834189879,22.35261236680111,0 69.44166409227456,22.35256361676653,0 69.44450184214035,22.35244786721215,0 69.45296309148384,22.35213611739394,0 69.45509659231634,22.35534286728188,0 69.45507259177403,22.35646986690141,0 69.45040834233902,22.3593548670319,0</coordinates></LinearRing></outerBoundaryIs>
        </Polygon>
        <Polygon>
          <extrude>0</extrude><altitudeMode>clampToGround</altitudeMode>
          <outerBoundaryIs><LinearRing><coordinates> 69.5665475915126,22.34191186702084,0 69.57039359228466,22.34317886687055,0 69.57272834159804,22.3448238671888,0 69.57398234172486,22.34664586743571,0 69.57493084158943,22.34775886699556,0 69.57606234181833,22.34921936718402,0 69.57646284159388,22.35418811734404,0 69.57499559198658,22.35485311744474,0 69.57038634155046,22.3536328669777,0 69.56652484182335,22.34922836749115,0 69.56451734198299,22.34708661749148,0 69.56304509210941,22.34526561725049,0 69.56289059151977,22.34225711679595,0 69.56393884173572,22.34167861728088,0 69.5665475915126,22.34191186702084,0</coordinates></LinearRing></outerBoundaryIs>
        </Polygon>
        <Polygon>
          <extrude>0</extrude><altitudeMode>clampToGround</altitudeMode>
          <outerBoundaryIs><LinearRing><coordinates> 69.35319209143564,22.32390561681905,0 69.35382359161819,22.32565811746893,0 69.3544603421618,22.32828811730986,0 69.35395584209216,22.32894036670893,0 69.35173859177452,22.33002811693089,0 69.34790059163343,22.32862686728391,0 69.34751759170344,22.32559236676298,0 69.34755034145255,22.32391211712115,0 69.35253209216128,22.32204736716037,0 69.35319209143564,22.32390561681905,0</coordinates></LinearRing></outerBoundaryIs>
        </Polygon>
        <Polygon>
          <extrude>0</extrude><altitudeMode>clampToGround</altitudeMode>
          <outerBoundaryIs><LinearRing><coordinates> 69.42643409197008,22.29663586720497,0 69.42873484161723,22.29695386659102,0 69.43094109180457,22.29727661666488,0 69.43283509138624,22.29796061724063,0 69.43470784151692,22.29967936743157,0 69.43628034186759,22.30149261670663,0 69.43725434214028,22.30319011734525,0 69.43700609183763,22.30571161707723,0 69.43645284157481,22.30823461724736,0 69.43529184163475,22.31103161707103,0 69.43445284144769,22.31269936712316,0 69.43361034214466,22.31465286710614,0 69.43244434158706,22.3177288673238,0 69.43129484153496,22.32004411731967,0 69.42949134184113,22.31983036717743,0 69.4272898422721,22.31941561731452,0 69.4250023419431,22.31825386709508,0 69.42362259132985,22.31681861740186,0 69.42226059192824,22.31454911749656,0 69.42121209150888,22.31171536724413,0 69.42046509169813,22.30890036730964,0 69.41910384176269,22.30662411702792,0 69.41803884214455,22.30464086674528,0 69.41758959149989,22.30182136668004,0 69.41864334171757,22.29931261717527,0 69.42058734136877,22.29766211722532,0 69.42341484210976,22.29686311743462,0 69.42412559220924,22.29650661689467,0 69.42512934155837,22.29651686663825,0 69.42643409197008,22.29663586720497,0</coordinates></LinearRing></outerBoundaryIs>
        </Polygon>
        <Polygon>
          <extrude>0</extrude><altitudeMode>clampToGround</altitudeMode>
          <outerBoundaryIs><LinearRing><coordinates> 69.32759259220535,22.29826911724132,0 69.32921034158811,22.30115086720845,0 69.32422084162056,22.30147236723131,0 69.32427959178271,22.29984011725773,0 69.32433684191454,22.29655511721039,0 69.32759259220535,22.29826911724132,0</coordinates></LinearRing></outerBoundaryIs>
        </Polygon>
      </MultiGeometry>
    </Placemark>
    <Placemark id="ID_40003">
      <name>Jamnagar</name>
      <Snippet></Snippet>
      <description><![CDATA[<html xmlns:fo="http://www.w3.org/1999/XSL/Format" xmlns:msxsl="urn:schemas-microsoft-com:xslt">
<head>
<META http-equiv="Content-Type" content="text/html">
<meta http-equiv="content-type" content="text/html; charset=UTF-8">
</head>
<body style="margin:0px 0px 0px 0px;overflow:auto;background:#FFFFFF;">
<table style="font-family:Arial,Verdana,Times;font-size:12px;text-align:left;width:100%;border-collapse:collapse;padding:3px 3px 3px 3px">
<tr style="text-align:center;font-weight:bold;background:#9CBCE2">
<td>Jamnagar</td>
</tr>
<tr>
<td>
<table style="font-family:Arial,Verdana,Times;font-size:12px;text-align:left;width:100%;border-spacing:0px; padding:3px 3px 3px 3px">
<tr>
<td>FID</td>
<td>4</td>
</tr>
<tr bgcolor="#D4E4F3">
<td>FID_gujarat</td>
<td>27</td>
</tr>
<tr>
<td>STATE</td>
<td>Gujarat</td>
</tr>
<tr bgcolor="#D4E4F3">
<td>DISTRICT</td>
<td>Rajkot</td>
</tr>
<tr>
<td>RR</td>
<td>Rajkot (203-210)</td>
</tr>
<tr bgcolor="#D4E4F3">
<td>FID_GJ_Blocks</td>
<td>3</td>
</tr>
<tr>
<td>Id</td>
<td>0</td>
</tr>
<tr bgcolor="#D4E4F3">
<td>Blocks</td>
<td>Block 3</td>
</tr>
<tr>
<td>Block_Name</td>
<td>Jamnagar</td>
</tr>
</table>
</td>
</tr>
</table>
</body>
</html>
]]></description>
      <styleUrl>#PolyStyle40</styleUrl>
      <MultiGeometry>
        <Polygon>
          <extrude>0</extrude><altitudeMode>clampToGround</altitudeMode>
          <outerBoundaryIs><LinearRing><coordinates> 70.47065051267134,22.46430131247443,0 70.46858009237752,22.46768161738613,0 70.46546259253478,22.46781511692722,0 70.46257484269202,22.4651093669781,0 70.4615008429637,22.45870011750408,0 70.45840084236958,22.4506751167538,0 70.45258509234465,22.44902111683831,0 70.45938234297591,22.43974011690107,0 70.45802609244348,22.43795436691425,0 70.44522709265394,22.43315361692058,0 70.44508234242254,22.42881911754746,0 70.45214184315641,22.42293911709728,0 70.45969559297561,22.41857336717115,0 70.46263834314885,22.4198316175659,0 70.4682280923185,22.42477461750454,0 70.46952640608028,22.42512110079169,0 70.47065051267134,22.46430131247443,0</coordinates></LinearRing></outerBoundaryIs>
        </Polygon>
        <Polygon>
          <extrude>0</extrude><altitudeMode>clampToGround</altitudeMode>
          <outerBoundaryIs><LinearRing><coordinates> 70.45864317835981,22.0532231632326,0 70.45621009309467,22.05287911674821,0 70.45333859294929,22.0511636170907,0 70.45457134280709,22.04364161661017,0 70.45234684234369,22.03769786687144,0 70.44489509237086,22.03443986633187,0 70.43636234271023,22.03216936655452,0 70.41453884272751,22.02920211707239,0 70.41289884258821,22.03024911719072,0 70.41627109301569,22.0342758667995,0 70.41231959262329,22.03597636640371,0 70.4056718427387,22.03472561666602,0 70.39946734232197,22.03573561703277,0 70.39650334248527,22.03945211678894,0 70.38371559254851,22.04112661688664,0 70.37295959289189,22.04683686706202,0 70.36222984291074,22.04641736650665,0 70.35456509248344,22.04805886694185,0 70.3489148431898,22.05127061648477,0 70.3459325926268,22.05208561693234,0 70.32842984283971,22.04915161668566,0 70.32535734289888,22.04256986693509,0 70.32532034252155,22.03384611651558,0 70.32693509257057,22.0263791165342,0 70.32592159307281,22.01811636647294,0 70.31798509290098,22.0133976171145,0 70.30915009278365,22.01395361717814,0 70.29800034288181,22.01312636685624,0 70.29584609277332,22.00984611674363,0 70.30280484244244,22.00114086640603,0 70.30364034241438,21.99756611661231,0 70.30196084286388,21.9942866168951,0 70.29878159232375,21.99406611644591,0 70.2964153428296,21.99562761666388,0 70.29423909242171,21.99799961646765,0 70.29297809235041,22.00113386669072,0 70.29102709223963,22.00396536651953,0 70.28679884242844,22.00484886713512,0 70.2801320928851,22.00111636654029,0 70.27848384252155,21.99845661655785,0 70.27688909303328,21.9974818668216,0 70.27366434264316,21.99910786680726,0 70.27292234290152,22.00110836649077,0 70.26854334289524,22.00302186693306,0 70.26617959282304,22.00364211676577,0 70.2637640928054,22.00289111679605,0 70.26307084300851,22.00110011663744,0 70.25841734227362,21.99465011671963,0 70.25472209233526,21.98495861648513,0 70.25154859259831,21.97214986718408,0 70.25126834251446,21.96823111653584,0 70.24764359248357,21.96569461690299,0 70.23785159251267,21.96312811674031,0 70.23388509254646,21.96366011655343,0 70.22993259258888,21.96563236669709,0 70.21533759258971,21.96549811677674,0 70.206023842767,21.96229386649014,0 70.2056953420979,21.95940536702948,0 70.20943834303557,21.95454361643888,0 70.21207609263888,21.94928261699546,0 70.21610809271233,21.93576186697653,0 70.21682759230475,21.92756936629106,0 70.21488234289745,21.90823311655422,0 70.20540984243766,21.90005461699426,0 70.19743834303409,21.89615261637869,0 70.19473334222988,21.8936191163171,0 70.18990809299994,21.89362811679657,0 70.18759934302419,21.89485486661429,0 70.18381709293554,21.89525911658631,0 70.17752834287478,21.89487711676331,0 70.17610684215326,21.89943936661703,0 70.17338909257153,21.92392536673666,0 70.16641884254267,21.93687286627165,0 70.16075509218237,21.93868086705515,0 70.1442325920797,21.94142861653875,0 70.14172384273542,21.93381386654936,0 70.14087409246882,21.927124116465,0 70.14099559285283,21.92014036674778,0 70.13987659221543,21.91736586702266,0 70.14219609248106,21.91060886708022,0 70.13992584261844,21.90864736693435,0 70.13906859266453,21.89439336689027,0 70.1345173421533,21.88302336674971,0 70.12845059241188,21.88038411682334,0 70.12421734254666,21.87762236692631,0 70.12191784252661,21.87283986657688,0 70.12554909285774,21.86901561703873,0 70.12692509208316,21.865604366729,0 70.11668984239211,21.86031536669144,0 70.11329259278129,21.85564986640878,0 70.10960084278362,21.85213911699641,0 70.09705784288838,21.8481826166017,0 70.09067009243307,21.83601011676127,0 70.09160359252985,21.83080761650561,0 70.10270634283519,21.83015111698485,0 70.1075030928825,21.82753886666792,0 70.1088193421504,21.82436386654903,0 70.10507309277902,21.82142811627289,0 70.10309809219754,21.81865736657654,0 70.10059534202155,21.81820211627526,0 70.09720159244952,21.82121311704073,0 70.0930380921854,21.81971911618741,0 70.08279034225654,21.82008986651568,0 70.08089159228442,21.81876761669563,0 70.08486059291809,21.81194036651594,0 70.09192309229709,21.80286486637111,0 70.08940559281083,21.80061411662821,0 70.07195934258202,21.8008858670286,0 70.05767609278575,21.79992761672485,0 70.04593159275329,21.79584636704742,0 70.03432584252648,21.79401786632026,0 70.02973459244748,21.79183411687426,0 70.03437559286211,21.78466761629575,0 70.04880184289375,21.77344461615598,0 70.05042509247221,21.77072836669637,0 70.05213934264698,21.76367711624442,0 70.05532709194541,21.75813261689038,0 70.06170959243518,21.75546086635432,0 70.06637509261706,21.75152686610874,0 70.07270409220006,21.73458711679399,0 70.07345434260287,21.72962211697415,0 70.07470234242548,21.73297286663512,0 70.08081609196812,21.73514736656055,0 70.08288559232578,21.73451786635363,0 70.08506684257303,21.72504086695879,0 70.08544259230395,21.71868561677889,0 70.08897259242968,21.70366036608919,0 70.10173134265946,21.70548236674671,0 70.11880934207882,21.70596561633468,0 70.12845509203859,21.69324161661231,0 70.13505884227068,21.68837911653403,0 70.14040734288297,21.68593636622611,0 70.14415284207493,21.68182711649594,0 70.14679609236582,21.67033211666648,0 70.14758034280439,21.66230411619874,0 70.15007834247297,21.64802711626739,0 70.13985884265156,21.64320411605131,0 70.13503959244399,21.64269436610325,0 70.12852884271508,21.64375036678354,0 70.12671109248672,21.63786286679853,0 70.13844134250959,21.61266011684961,0 70.14981359265272,21.60979811612375,0 70.16226609228134,21.61236811617701,0 70.18644259274554,21.62454936617064,0 70.19309959215883,21.62650336632906,0 70.20424309278033,21.63207261686322,0 70.21542159296946,21.63539461634251,0 70.21707709270603,21.6362541166659,0 70.22647059229159,21.63691536629166,0 70.22829109218331,21.63628161625185,0 70.24133984241472,21.61683811636108,0 70.24411184248578,21.61371311598998,0 70.25396409267978,21.6114898659779,0 70.26172184292176,21.6136018660424,0 70.26315734233734,21.61076836621621,0 70.26407159277447,21.5977168665348,0 70.26851484245276,21.57748636595706,0 70.26671309290303,21.57367986648056,0 70.24631784253947,21.56843111639372,0 70.24466184231289,21.56632661648047,0 70.25114434216245,21.54987511666302,0 70.25169559250777,21.54362911655207,0 70.25392684229541,21.53473836651742,0 70.25818084299074,21.52674886618882,0 70.26684059254166,21.52822761652498,0 70.27009384230971,21.5309311160739,0 70.27822684230773,21.5407806166727,0 70.29369284292328,21.54674261637835,0 70.29108084254921,21.56691136673567,0 70.29333309287634,21.57307811604682,0 70.29726484243199,21.57773411668439,0 70.30108659234713,21.58766411650752,0 70.30664334249556,21.58915011662401,0 70.31937459272467,21.58887461611966,0 70.32773559286183,21.58994986678535,0 70.36583584280704,21.5983698663668,0 70.36942009288821,21.60343761675043,0 70.37027184257569,21.61561761609814,0 70.36842334226874,21.63190486608453,0 70.36683334259335,21.63751536638933,0 70.37675459245933,21.63666511663573,0 70.38164259260016,21.63734886643122,0 70.38561809263381,21.63877211662276,0 70.39089684300853,21.64862661628654,0 70.41734409254957,21.65419661638292,0 70.41900884290698,21.65609686618141,0 70.42231509231412,21.657644866651,0 70.42707634253729,21.65849186615213,0 70.43194559255734,21.65754711609076,0 70.43641034297076,21.65914536610812,0 70.44011734291959,21.66964061652655,0 70.44418609238231,21.67418361681221,0 70.44709925774265,21.67239955457123,0 70.45864317835981,22.0532231632326,0</coordinates></LinearRing></outerBoundaryIs>
        </Polygon>
      </MultiGeometry>
    </Placemark>
    <Placemark id="ID_40004">
      <name>Jamnagar</name>
      <Snippet></Snippet>
      <description><![CDATA[<html xmlns:fo="http://www.w3.org/1999/XSL/Format" xmlns:msxsl="urn:schemas-microsoft-com:xslt">
<head>
<META http-equiv="Content-Type" content="text/html">
<meta http-equiv="content-type" content="text/html; charset=UTF-8">
</head>
<body style="margin:0px 0px 0px 0px;overflow:auto;background:#FFFFFF;">
<table style="font-family:Arial,Verdana,Times;font-size:12px;text-align:left;width:100%;border-collapse:collapse;padding:3px 3px 3px 3px">
<tr style="text-align:center;font-weight:bold;background:#9CBCE2">
<td>Jamnagar</td>
</tr>
<tr>
<td>
<table style="font-family:Arial,Verdana,Times;font-size:12px;text-align:left;width:100%;border-spacing:0px; padding:3px 3px 3px 3px">
<tr>
<td>FID</td>
<td>5</td>
</tr>
<tr bgcolor="#D4E4F3">
<td>FID_gujarat</td>
<td>29</td>
</tr>
<tr>
<td>STATE</td>
<td>Gujarat</td>
</tr>
<tr bgcolor="#D4E4F3">
<td>DISTRICT</td>
<td>Junagadh</td>
</tr>
<tr>
<td>RR</td>
<td>Junagadh (208-214)</td>
</tr>
<tr bgcolor="#D4E4F3">
<td>FID_GJ_Blocks</td>
<td>3</td>
</tr>
<tr>
<td>Id</td>
<td>0</td>
</tr>
<tr bgcolor="#D4E4F3">
<td>Blocks</td>
<td>Block 3</td>
</tr>
<tr>
<td>Block_Name</td>
<td>Jamnagar</td>
</tr>
</table>
</td>
</tr>
</table>
</body>
</html>
]]></description>
      <styleUrl>#PolyStyle40</styleUrl>
      <MultiGeometry>
        <Polygon>
          <extrude>0</extrude><altitudeMode>clampToGround</altitudeMode>
          <outerBoundaryIs><LinearRing><coordinates> 70.14758034280439,21.66230411619874,0 70.14129834271867,21.66174486631784,0 70.13709484264429,21.66232761680168,0 70.13253984234017,21.66453586657834,0 70.12151359249455,21.67957011605443,0 70.11931659215627,21.67958061635367,0 70.11402134201771,21.6729453665125,0 70.10905934207882,21.66989311614658,0 70.10457109240022,21.66516961641362,0 70.10456884289709,21.65749586686245,0 70.10756359255332,21.65130386606394,0 70.10862684272333,21.64720386655597,0 70.1056230926262,21.64496036642455,0 70.08978309218453,21.64632361641856,0 70.07541134244349,21.64022136661404,0 70.06747659215678,21.63879811602255,0 70.05715484276087,21.63576161670256,0 70.05416859232113,21.63587536625138,0 70.04997809273729,21.64564786626386,0 70.0468945920436,21.64854386672186,0 70.03598984241701,21.64925661609207,0 70.03699059200635,21.64474436673119,0 70.0385570924977,21.64243111603744,0 70.03240734228388,21.63568536657131,0 70.03343659223691,21.62679286659781,0 70.04005209263332,21.60800436614266,0 70.0505483421591,21.61006886671871,0 70.05926509277577,21.61022561661822,0 70.0671108420856,21.60859411664582,0 70.07029234262428,21.59513411666656,0 70.07294884200589,21.59218661612189,0 70.06802959246788,21.58652936667312,0 70.0630173421977,21.58422861665908,0 70.05399459248946,21.5838998659664,0 70.04816084225217,21.58535661655633,0 70.04497859227894,21.59143336604454,0 70.04567734219245,21.59500611653955,0 70.03910184236261,21.59560186663126,0 70.03318384249111,21.5949721166872,0 70.03118159245454,21.59578286597088,0 70.03110159210144,21.60155761635219,0 70.02370109244745,21.59741336605141,0 70.01863734235204,21.59638086604313,0 70.01903584276408,21.59320836619657,0 70.00649859233911,21.58663961661719,0 69.99969784227704,21.58436086629322,0 69.99706984248884,21.58259911656068,0 69.99562834188424,21.5801528665747,0 69.99221659203309,21.57874511638552,0 69.98733634191775,21.58217986667684,0 69.98549984252129,21.58696561638124,0 69.98569009250399,21.60102036679546,0 69.98085034255422,21.60109461619745,0 69.97105259223046,21.59571111669146,0 69.96692859228006,21.59248136678304,0 69.96583184280493,21.58720236647608,0 69.96744384257939,21.58081011606029,0 69.97192784215038,21.56960686629203,0 69.97435734220183,21.56632761625466,0 69.9800378421139,21.56750186614348,0 69.98502409190647,21.57073561629129,0 69.98938534200421,21.56439036663656,0 69.99135059260389,21.55865361668201,0 69.99397884281873,21.55404961657124,0 69.99966134238954,21.54649586666565,0 70.00276659199814,21.54362311667186,0 69.99966384223194,21.54088211616499,0 69.98515684275675,21.53478236677575,0 69.98073409249575,21.53090111606847,0 69.99189909245362,21.50732636612133,0 69.98617084215516,21.50554936588046,0 69.9864105924962,21.50158686599398,0 69.99088784240998,21.49304036663349,0 69.99531909189973,21.47828411620598,0 69.99969809233421,21.47325036647683,0 70.00807759267468,21.47546136665061,0 70.02172309219225,21.47676236656668,0 70.02708084235937,21.47652311669619,0 70.02956484231301,21.47472761584782,0 70.03559109196677,21.47506036613202,0 70.0417885928389,21.47303336605388,0 70.05022734270347,21.45493961628059,0 70.05068259221611,21.45083711634197,0 70.04912859202491,21.44685261635342,0 70.04612359273817,21.44385161623478,0 70.03730334214984,21.43751986632144,0 70.02955909199204,21.43511036608199,0 70.02631434261812,21.44071586590395,0 70.02194259249706,21.44239761644936,0 70.0179268426044,21.44269586667217,0 69.99969584259735,21.44074311656638,0 69.98968659202707,21.4373828661436,0 69.98248184226314,21.43572636660546,0 69.98058509235736,21.43064361587617,0 69.98031534226632,21.42751911633433,0 69.98494959280721,21.42416811629437,0 69.98455434238734,21.42142961658181,0 69.96987334218247,21.41536711660833,0 69.95760384208492,21.4125156164334,0 69.96222209269527,21.410183616586,0 69.96442834254218,21.41009336651943,0 69.96569834220645,21.40628761615172,0 69.9621808423984,21.40374411618809,0 69.95996509246201,21.39976061641809,0 69.95196809198985,21.39848086651333,0 69.94491509212122,21.39499686623656,0 69.94391709210925,21.39168511586775,0 69.94461384262391,21.38978311649055,0 69.94964909255349,21.38365561659019,0 69.94586795206231,21.37627803584012,0 70.43734459189234,21.36052500477899,0 70.44709925774265,21.67239955457123,0 70.44418609238231,21.67418361681221,0 70.44011734291959,21.66964061652655,0 70.43641034297076,21.65914536610812,0 70.43194559255734,21.65754711609076,0 70.42707634253729,21.65849186615213,0 70.42231509231412,21.657644866651,0 70.41900884290698,21.65609686618141,0 70.41734409254957,21.65419661638292,0 70.39089684300853,21.64862661628654,0 70.38561809263381,21.63877211662276,0 70.38164259260016,21.63734886643122,0 70.37675459245933,21.63666511663573,0 70.36683334259335,21.63751536638933,0 70.36842334226874,21.63190486608453,0 70.37027184257569,21.61561761609814,0 70.36942009288821,21.60343761675043,0 70.36583584280704,21.5983698663668,0 70.32773559286183,21.58994986678535,0 70.31937459272467,21.58887461611966,0 70.30664334249556,21.58915011662401,0 70.30108659234713,21.58766411650752,0 70.29726484243199,21.57773411668439,0 70.29333309287634,21.57307811604682,0 70.29108084254921,21.56691136673567,0 70.29369284292328,21.54674261637835,0 70.27822684230773,21.5407806166727,0 70.27009384230971,21.5309311160739,0 70.26684059254166,21.52822761652498,0 70.25818084299074,21.52674886618882,0 70.25392684229541,21.53473836651742,0 70.25169559250777,21.54362911655207,0 70.25114434216245,21.54987511666302,0 70.24466184231289,21.56632661648047,0 70.24631784253947,21.56843111639372,0 70.26671309290303,21.57367986648056,0 70.26851484245276,21.57748636595706,0 70.26407159277447,21.5977168665348,0 70.26315734233734,21.61076836621621,0 70.26172184292176,21.6136018660424,0 70.25396409267978,21.6114898659779,0 70.24411184248578,21.61371311598998,0 70.24133984241472,21.61683811636108,0 70.22829109218331,21.63628161625185,0 70.22647059229159,21.63691536629166,0 70.21707709270603,21.6362541166659,0 70.21542159296946,21.63539461634251,0 70.20424309278033,21.63207261686322,0 70.19309959215883,21.62650336632906,0 70.18644259274554,21.62454936617064,0 70.16226609228134,21.61236811617701,0 70.14981359265272,21.60979811612375,0 70.13844134250959,21.61266011684961,0 70.12671109248672,21.63786286679853,0 70.12852884271508,21.64375036678354,0 70.13503959244399,21.64269436610325,0 70.13985884265156,21.64320411605131,0 70.15007834247297,21.64802711626739,0 70.14758034280439,21.66230411619874,0</coordinates></LinearRing></outerBoundaryIs>
        </Polygon>
      </MultiGeometry>
    </Placemark>
    <Placemark id="ID_40005">
      <name>Jamnagar</name>
      <Snippet></Snippet>
      <description><![CDATA[<html xmlns:fo="http://www.w3.org/1999/XSL/Format" xmlns:msxsl="urn:schemas-microsoft-com:xslt">
<head>
<META http-equiv="Content-Type" content="text/html">
<meta http-equiv="content-type" content="text/html; charset=UTF-8">
</head>
<body style="margin:0px 0px 0px 0px;overflow:auto;background:#FFFFFF;">
<table style="font-family:Arial,Verdana,Times;font-size:12px;text-align:left;width:100%;border-collapse:collapse;padding:3px 3px 3px 3px">
<tr style="text-align:center;font-weight:bold;background:#9CBCE2">
<td>Jamnagar</td>
</tr>
<tr>
<td>
<table style="font-family:Arial,Verdana,Times;font-size:12px;text-align:left;width:100%;border-spacing:0px; padding:3px 3px 3px 3px">
<tr>
<td>FID</td>
<td>6</td>
</tr>
<tr bgcolor="#D4E4F3">
<td>FID_gujarat</td>
<td>30</td>
</tr>
<tr>
<td>STATE</td>
<td>Gujarat</td>
</tr>
<tr bgcolor="#D4E4F3">
<td>DISTRICT</td>
<td>Jamnagar</td>
</tr>
<tr>
<td>RR</td>
<td>Jamnagar (202-209)</td>
</tr>
<tr bgcolor="#D4E4F3">
<td>FID_GJ_Blocks</td>
<td>3</td>
</tr>
<tr>
<td>Id</td>
<td>0</td>
</tr>
<tr bgcolor="#D4E4F3">
<td>Blocks</td>
<td>Block 3</td>
</tr>
<tr>
<td>Block_Name</td>
<td>Jamnagar</td>
</tr>
</table>
</td>
</tr>
</table>
</body>
</html>
]]></description>
      <styleUrl>#PolyStyle40</styleUrl>
      <MultiGeometry>
        <Polygon>
          <extrude>0</extrude><altitudeMode>clampToGround</altitudeMode>
          <outerBoundaryIs><LinearRing><coordinates> 70.47065051267134,22.46430131247443,0 70.48017489027036,22.80247837407283,0 70.39324332854676,22.8053907315209,0 70.38705234295547,22.79462086723806,0 70.38245784294999,22.78660061780857,0 70.38199284306825,22.78615811777646,0 70.37901859274086,22.78660636707016,0 70.37832384239717,22.78678386764683,0 70.37752884303379,22.79061186779524,0 70.37684134298924,22.79783811718815,0 70.37804676226126,22.80589474531951,0 70.3272122727369,22.80756970792607,0 70.32576034305394,22.80437261788572,0 70.32266384236377,22.79934836775828,0 70.32098184301731,22.79739986712704,0 70.31966709296907,22.7884928676336,0 70.31935459311468,22.77865561777678,0 70.32004209278811,22.76265236711379,0 70.31853809256022,22.75854636785695,0 70.31253459271004,22.75386011755822,0 70.30323334232592,22.74759661779298,0 70.29727334285768,22.73983236747332,0 70.29124084223498,22.73037636746814,0 70.28220284282222,22.72952961759891,0 70.28097959263897,22.72862061730489,0 70.28041384255972,22.72856836739735,0 70.27804284245758,22.72647361732778,0 70.27413484271131,22.72688286743324,0 70.26889709305392,22.72647761732841,0 70.26359509302944,22.72393161739357,0 70.26364284225444,22.72052436721305,0 70.27028584283954,22.71562336770933,0 70.27041359286697,22.70637011750866,0 70.27155759239298,22.7059036173802,0 70.27207709241267,22.70590686699559,0 70.27287184276557,22.70575486763005,0 70.2740645925613,22.70526611744167,0 70.27801334292822,22.70193136706455,0 70.28047109244149,22.69924886726561,0 70.28130059251049,22.69291786730407,0 70.28032859250848,22.69177811759142,0 70.27742334304617,22.69105636736694,0 70.27307634229524,22.68919486755485,0 70.27360709216181,22.68651086751149,0 70.27974809280042,22.68371386704813,0 70.28341309294854,22.68141086708267,0 70.28345434248307,22.67824786741017,0 70.28054734260998,22.6759526178392,0 70.27663759281717,22.67637111749504,0 70.27051709296092,22.67946236728597,0 70.26609784247376,22.68437686766562,0 70.25499709260551,22.68159411758356,0 70.2539610924325,22.68128286718082,0 70.25373184269147,22.6799253676156,0 70.25538284221601,22.67519536711769,0 70.25663434268846,22.6738523677789,0 70.25889259293977,22.66064761743704,0 70.25899287939909,22.65992257416022,0 70.2591405925865,22.65885461753174,0 70.25856734302901,22.65567761710147,0 70.24023684234241,22.63804036712835,0 70.23274484266652,22.6351213673629,0 70.23042734229037,22.63486811713271,0 70.22728059280794,22.62510611745033,0 70.21846859237473,22.61755786743403,0 70.21783409211776,22.61697236765648,0 70.21225734291279,22.61338911737609,0 70.21197334256308,22.60729561764912,0 70.21507934210726,22.60255636758991,0 70.21452909219495,22.59952136732645,0 70.2126938423485,22.60006961757635,0 70.20515759266543,22.60901011707653,0 70.20082459220312,22.60780236691351,0 70.19981959275971,22.60735436748778,0 70.19838459217094,22.60597636708263,0 70.19571109264392,22.5892208673332,0 70.20133309231275,22.58635211745163,0 70.20862884238795,22.58733611707426,0 70.20937834278089,22.58509336733787,0 70.20939334282575,22.58396611697488,0 70.20471809290304,22.58097136715421,0 70.20492534207003,22.57853886766439,0 70.20642034231972,22.57609536727776,0 70.20660309294982,22.57531586771119,0 70.206138592803,22.57329211698502,0 70.20324384231029,22.57187536705026,0 70.20300109295538,22.57199561727678,0 70.19076209299917,22.57806311717529,0 70.18823034212322,22.57713536708177,0 70.1834463424062,22.56974886762443,0 70.1808633424305,22.56573986732521,0 70.1770235920619,22.54646261751587,0 70.17381334241271,22.54145536688846,0 70.17187209239329,22.54074786754029,0 70.16878284290027,22.54252011734825,0 70.16003234228243,22.54502511684979,0 70.15667684241845,22.54512086683349,0 70.14949009240678,22.54351586757697,0 70.14775634208971,22.54143961687665,0 70.14779934252225,22.53856061714171,0 70.14917909238712,22.53604311709585,0 70.14968734223298,22.53338586685386,0 70.15279734262873,22.52510886685023,0 70.15413584210349,22.52303161752022,0 70.15091684282154,22.5236298671527,0 70.14232009222702,22.52911311723692,0 70.14018034281123,22.53041361736193,0 70.13646634255491,22.53624911730988,0 70.13476659206151,22.53599536682983,0 70.13198009252012,22.53391961753373,0 70.13257759216062,22.5270273674985,0 70.12786984275107,22.52658436753755,0 70.12323659209606,22.52610911683733,0 70.12252809246151,22.52565686728835,0 70.12211334256988,22.52023511686471,0 70.12128859217493,22.51941536718509,0 70.10646784275062,22.51022186763505,0 70.10588284218127,22.50984461725755,0 70.10368959274388,22.50958811702401,0 70.10221534196566,22.51069161755299,0 70.10298859255903,22.51681286710911,0 70.1077693421424,22.5237681172697,0 70.10975134227292,22.5282283676206,0 70.11041234228769,22.52864986760358,0 70.11164409216562,22.53039161686703,0 70.11474159241601,22.53459036765543,0 70.11448134274795,22.5370468676069,0 70.11382134235926,22.54163211771356,0 70.11354759247109,22.54357786752499,0 70.11095759216587,22.54327261719713,0 70.09929534230243,22.53753361763434,0 70.09837309256132,22.53646261727535,0 70.09594634252026,22.53361136762546,0 70.09534309239378,22.5328888673775,0 70.08418834207488,22.53102361688315,0 70.08387959199979,22.52857836746124,0 70.08738584216705,22.52033511681368,0 70.08680534254782,22.51783986701684,0 70.08548634243147,22.51702436694386,0 70.08427334214775,22.51723561767884,0 70.079603342418,22.51901336758336,0 70.07300434272582,22.52297161714746,0 70.07094859284068,22.52986061712695,0 70.06845184272608,22.53836561733603,0 70.06650209232853,22.53993136739919,0 70.06489659280568,22.54477786771024,0 70.05429684250535,22.55506311750445,0 70.04767859241201,22.55835711767694,0 70.03771334281303,22.55755186733164,0 70.02352434215398,22.54923386706623,0 70.01290234217814,22.54662786689617,0 70.01029134244425,22.54633786725471,0 70.00915384274738,22.54636661716262,0 70.00718834245993,22.54595311741614,0 70.00272959197196,22.54348286717631,0 69.99518459267995,22.54294086738824,0 69.98837284256386,22.54307436699357,0 69.98791434232045,22.54374086732078,0 69.97844559207354,22.54314686733711,0 69.97140284239131,22.53913861737376,0 69.96644084236496,22.53737686683793,0 69.95230609200662,22.52927461705914,0 69.95069384186812,22.52821236705235,0 69.94822134254888,22.52686911749689,0 69.9474623421798,22.52640336743708,0 69.94650984237155,22.52577236699507,0 69.94824334221907,22.51628361720718,0 69.95261959252274,22.51269511682649,0 69.95662734216516,22.50760061749453,0 69.95569734197296,22.50554761704476,0 69.93981484243879,22.51094486737111,0 69.93064159236256,22.50903111738651,0 69.92822359202846,22.50740511696731,0 69.91889934239579,22.49959861682679,0 69.91844109189276,22.49890586756153,0 69.91769609192633,22.49774861756368,0 69.91331509263472,22.49092861683233,0 69.91119309232514,22.47891486748585,0 69.91141634254046,22.47280561705591,0 69.9120348425573,22.46971311764942,0 69.91249084193666,22.46708761706955,0 69.9127168419455,22.4657666168892,0 69.91566509252036,22.44991661757209,0 69.91721634255522,22.44531736694596,0 69.91665659248225,22.44349636731934,0 69.9110598418401,22.44628461726747,0 69.90975834214053,22.44741836685096,0 69.90925734188581,22.44796186735255,0 69.90777384266859,22.44968361738973,0 69.89962784239381,22.45882486682463,0 69.89515009228943,22.45829961744467,0 69.88493984237685,22.4520956167567,0 69.87419009248076,22.44129961702679,0 69.87290559225785,22.43846061727122,0 69.8728188418589,22.437723366739,0 69.87132834232669,22.42341361750842,0 69.86510734243635,22.4252216171875,0 69.86312409231542,22.43457036715521,0 69.8594195924333,22.43791511737004,0 69.84511759252227,22.44349561684347,0 69.84095534180027,22.44444386674546,0 69.83703909207333,22.44411161735239,0 69.83111134254665,22.44177711741368,0 69.82471259266569,22.43924711698685,0 69.82626784251919,22.43345561695518,0 69.8240008420446,22.42312911733454,0 69.82298259251345,22.42068136754116,0 69.81935234212764,22.41509261747518,0 69.81321384248362,22.40774061730317,0 69.80997459211305,22.40503936756624,0 69.80909784219583,22.40030286757924,0 69.81307184237131,22.39586311732623,0 69.81279834179992,22.39450161729726,0 69.81111959211249,22.39314711735455,0 69.80996734205537,22.39264936676949,0 69.80931434193175,22.3876533670617,0 69.80735284208785,22.38553436671677,0 69.80137709239973,22.3839523675655,0 69.79628359267464,22.38260711688111,0 69.79734484185144,22.37819286730134,0 69.7959233417413,22.37637786689788,0 69.79531209177303,22.37597661730031,0 69.78270734191273,22.36759336726616,0 69.78124984218729,22.36779736676585,0 69.77880334210997,22.3695771173482,0 69.77553709229491,22.37584761668937,0 69.77439109214892,22.37952486693146,0 69.7737638425792,22.38284911708974,0 69.77373159203647,22.38757761698835,0 69.77759134189161,22.39397686713172,0 69.77883909252046,22.39601811713377,0 69.77943709209279,22.40144686674982,0 69.77870034172227,22.40258761740987,0 69.77161884226479,22.40564661691297,0 69.77116259237475,22.40773661752219,0 69.77209034215268,22.41399536716039,0 69.77084559233363,22.42172036743387,0 69.77057784203492,22.42304986732655,0 69.76662984191587,22.42592361696669,0 69.7646868418194,22.4270243668814,0 69.7641210923546,22.42689611745165,0 69.76179059206818,22.42629061680634,0 69.76014684192252,22.42496561709535,0 69.76005659251037,22.42212336748263,0 69.75952884232007,22.41875311719056,0 69.7591628417771,22.41613686695998,0 69.75954034257745,22.41302611732616,0 69.75540959208892,22.41034436737426,0 69.75144509189762,22.41114886744102,0 69.74858009187611,22.40906936746797,0 69.74669284234997,22.40655061755342,0 69.74318059227136,22.40614636696296,0 69.74199609236477,22.39963436723528,0 69.74161709190018,22.39516636681176,0 69.73645259242342,22.3951368668096,0 69.73087059193547,22.39505336754451,0 69.73255734225079,22.38516636670624,0 69.73367084231414,22.37667136687383,0 69.73400259237584,22.37035686754462,0 69.73643309212646,22.36749436713659,0 69.74271209233972,22.36661661729986,0 69.74544659258231,22.36376286671261,0 69.7455138425934,22.35831661678846,0 69.74596484171219,22.35462036703557,0 69.74676884248099,22.34622911729691,0 69.74867984214835,22.33988586733827,0 69.75384109182211,22.33457511688713,0 69.75676409184535,22.32889111690765,0 69.7577950922482,22.32120061711825,0 69.75436609213365,22.31731986664874,0 69.7488513423534,22.31439611685573,0 69.74134634248831,22.31079236727089,0 69.73840609195892,22.30935361722774,0 69.74646809238192,22.29163611712741,0 69.75178084175049,22.28240161726349,0 69.75415059218069,22.27699411680735,0 69.75531959244498,22.27365136722596,0 69.75807709213083,22.26477186666867,0 69.76040859224828,22.2582611166978,0 69.76310584237882,22.25442411668333,0 69.76800384209284,22.24992411707951,0 69.77222684188979,22.24558811657733,0 69.7699965918794,22.24253411712067,0 69.76406709226747,22.2417471170919,0 69.76283159247852,22.23767386672691,0 69.76700309230606,22.2330436171262,0 69.77165309250016,22.22866061723713,0 69.77492634209136,22.22082911717962,0 69.78390334251719,22.21796136711855,0 69.79148709193895,22.21802186716359,0 69.79870459217338,22.21784711740401,0 69.80245259260738,22.21309536663876,0 69.80597484258229,22.21002661711567,0 69.81156234237079,22.20448961739122,0 69.81496309209808,22.19886961674903,0 69.81332784242566,22.19351711734857,0 69.81034809183899,22.18859961665543,0 69.80899234248987,22.18701286680077,0 69.8103648420834,22.18529436666224,0 69.81546434238162,22.17964361693847,0 69.81755109178212,22.17568186693052,0 69.81837734240735,22.17145961650946,0 69.81693234185735,22.16831411659471,0 69.81816959191235,22.16195536701933,0 69.81920384184811,22.15913636707921,0 69.81983484261663,22.15531636730958,0 69.81901659193593,22.1486991168025,0 69.81805959207348,22.142780866837,0 69.81725284259822,22.1383101168021,0 69.81730484205185,22.13598536703427,0 69.81763909247151,22.1319378671,0 69.81858284219476,22.12772836694821,0 69.82199559199385,22.12418586691607,0 69.82397059177535,22.12276636650262,0 69.82433634263835,22.11987436649218,0 69.82354884254161,22.11726036726972,0 69.82246284184654,22.11434436701031,0 69.82645334178501,22.11499886722114,0 69.82914909255986,22.11631561691026,0 69.83738734247386,22.11644586699977,0 69.84426309220032,22.12332761671575,0 69.85152109265572,22.12918236667145,0 69.85769859252272,22.13211036647662,0 69.86235909248003,22.12951836657496,0 69.87029009186897,22.1270328668021,0 69.88003609190601,22.12752961730057,0 69.89456784200739,22.12803936648294,0 69.89773234258138,22.12460561713582,0 69.89463284242125,22.11685586660349,0 69.89156859261772,22.11298686660443,0 69.88593909212024,22.1045643666493,0 69.87921159235596,22.09652036688944,0 69.87589609225758,22.09300086647362,0 69.86870834249886,22.08935536665268,0 69.8637928422269,22.08713111657189,0 69.86189934237255,22.08229486646873,0 69.86137209268429,22.07592361664275,0 69.86149234250011,22.07030436664223,0 69.86200059200281,22.0661971164499,0 69.86252484251732,22.06405886664933,0 69.86566334215874,22.05742886720308,0 69.86353559195692,22.05312836651227,0 69.86262109212726,22.04917461711475,0 69.86130109195538,22.04393861721816,0 69.86074734247173,22.03912786650217,0 69.86715759219996,22.03957011681568,0 69.87391984197664,22.0378231164613,0 69.87555284191268,22.03529311675716,0 69.87249209240167,22.03397561660111,0 69.87140409235356,22.02880611644628,0 69.86879884235245,22.02633311666972,0 69.8647225925974,22.02435911643854,0 69.86067884231333,22.02122636713912,0 69.85793234220461,22.01678036708341,0 69.85772234204973,22.01283936676369,0 69.86280684239779,22.01303361718296,0 69.86885159247753,22.01370511681995,0 69.87300259185126,22.01243336633577,0 69.87553409194061,22.01056836689503,0 69.87934184185944,22.00546911716271,0 69.87431509264631,22.00087961659775,0 69.88283009203286,21.99213036645596,0 69.88677084183092,21.98699586691644,0 69.88962259195171,21.98051961716494,0 69.90409184240146,21.96822786697782,0 69.90909659178669,21.96583136703906,0 69.92340534258871,21.9656946169675,0 69.92852909224874,21.96367461645787,0 69.93134034190381,21.95965886654282,0 69.92850384214,21.95614286644844,0 69.92659309229283,21.95200786698678,0 69.92769984197004,21.94715636649655,0 69.92436384266718,21.94403361659878,0 69.92561984216407,21.94162136639567,0 69.92455059184137,21.93899361679906,0 69.91749009218492,21.9391306163729,0 69.91772984249521,21.93472411646478,0 69.91399359244534,21.9295096163484,0 69.914692341906,21.92801286678895,0 69.91754409247395,21.9255528664116,0 69.91818234212971,21.91895136625316,0 69.92067059209222,21.91185561628315,0 69.91921134258406,21.90150111651556,0 69.92409734219642,21.89826361655433,0 69.9310788420685,21.89516361669167,0 69.93088984229607,21.89086011632933,0 69.91543709229722,21.88060811681142,0 69.91378784242303,21.8752448663414,0 69.91651059238896,21.87348686664168,0 69.91178259184701,21.86888661703897,0 69.91036634188394,21.86451236624602,0 69.91220610309416,21.85680047763119,0 69.91257209268103,21.85526611630013,0 69.91252484200291,21.84963886676554,0 69.90971534229125,21.84413786687849,0 69.90467809262798,21.83988086643629,0 69.89882984228089,21.83695136629694,0 69.89580009211078,21.83377911649534,0 69.89454709258332,21.8311481169462,0 69.89002534194672,21.82980436615286,0 69.8842245918913,21.83239561661765,0 69.87474184240514,21.83040436662171,0 69.87090409238863,21.828487616361,0 69.86704009233276,21.82390686655598,0 69.86382259248181,21.82154486629802,0 69.85544209233187,21.81956436689779,0 69.83872734223974,21.81718036644233,0 69.8386098418664,21.81224711690741,0 69.83407459248011,21.81189036681444,0 69.83325484242505,21.81373586702314,0 69.83340109268437,21.81640811651617,0 69.82921684252908,21.81751211689171,0 69.82055184248041,21.81838236678764,0 69.81629809182346,21.81977436656119,0 69.81712209218455,21.81351111616612,0 69.81546984233832,21.78655111638118,0 69.81306309185928,21.77420511621217,0 69.80983809181799,21.76789211672122,0 69.81386784253115,21.75121336621157,0 69.81664934190712,21.74520986642383,0 69.8172625924485,21.74086361618347,0 69.83374034238142,21.74193811646821,0 69.83900984234172,21.7331541169324,0 69.84614909194651,21.73099661665518,0 69.85313709232733,21.73127411610578,0 69.85991759245266,21.7329583666613,0 69.86318984265928,21.73560536636791,0 69.86680634204426,21.73599886658666,0 69.86716409238029,21.75495736658977,0 69.86510659247784,21.77602836701089,0 69.86952259199059,21.78057711665087,0 69.8755018424163,21.77378861687709,0 69.87894434222484,21.76846986676421,0 69.88085309229858,21.76786436646116,0 69.90838159218067,21.7778018666214,0 69.91541234226393,21.77948411669012,0 69.92781484261695,21.77842936631772,0 69.93299559247333,21.78079436698056,0 69.94577034243758,21.79394761684698,0 69.94931134234255,21.79021386648851,0 69.9590518423181,21.79656136623498,0 69.96277309244184,21.7979028666007,0 69.97001259187955,21.79800236697395,0 69.97521009198962,21.79990536664117,0 69.98561559199159,21.80678661699256,0 69.99013434228567,21.80862561679996,0 69.99969784225362,21.8048158668942,0 70.00949534260307,21.80145686652087,0 70.01124859245074,21.7995478669982,0 70.01102384204822,21.79412361641255,0 70.0081230928435,21.78183011628384,0 70.00823959281935,21.75785961641318,0 70.01244034253578,21.74856086638718,0 70.01924559255963,21.74543461625898,0 70.01986634216289,21.72325111639174,0 70.01913834237178,21.71580311687481,0 70.0207878428355,21.70841611668876,0 70.02453859224684,21.70459361651367,0 70.02835259206724,21.70152711620492,0 70.03467034258163,21.69851086644034,0 70.03996859232774,21.69763911659788,0 70.04997384228749,21.69872086673098,0 70.05549159254448,21.70222461653539,0 70.06005259211285,21.70862686678377,0 70.06557034225486,21.719419116613,0 70.07345434260287,21.72962211697415,0 70.07270409220006,21.73458711679399,0 70.06637509261706,21.75152686610874,0 70.06170959243518,21.75546086635432,0 70.05532709194541,21.75813261689038,0 70.05213934264698,21.76367711624442,0 70.05042509247221,21.77072836669637,0 70.04880184289375,21.77344461615598,0 70.03437559286211,21.78466761629575,0 70.02973459244748,21.79183411687426,0 70.03432584252648,21.79401786632026,0 70.04593159275329,21.79584636704742,0 70.05767609278575,21.79992761672485,0 70.07195934258202,21.8008858670286,0 70.08940559281083,21.80061411662821,0 70.09192309229709,21.80286486637111,0 70.08486059291809,21.81194036651594,0 70.08089159228442,21.81876761669563,0 70.08279034225654,21.82008986651568,0 70.0930380921854,21.81971911618741,0 70.09720159244952,21.82121311704073,0 70.10059534202155,21.81820211627526,0 70.10309809219754,21.81865736657654,0 70.10507309277902,21.82142811627289,0 70.1088193421504,21.82436386654903,0 70.1075030928825,21.82753886666792,0 70.10270634283519,21.83015111698485,0 70.09160359252985,21.83080761650561,0 70.09067009243307,21.83601011676127,0 70.09705784288838,21.8481826166017,0 70.10960084278362,21.85213911699641,0 70.11329259278129,21.85564986640878,0 70.11668984239211,21.86031536669144,0 70.12692509208316,21.865604366729,0 70.12554909285774,21.86901561703873,0 70.12191784252661,21.87283986657688,0 70.12421734254666,21.87762236692631,0 70.12845059241188,21.88038411682334,0 70.1345173421533,21.88302336674971,0 70.13906859266453,21.89439336689027,0 70.13992584261844,21.90864736693435,0 70.14219609248106,21.91060886708022,0 70.13987659221543,21.91736586702266,0 70.14099559285283,21.92014036674778,0 70.14087409246882,21.927124116465,0 70.14172384273542,21.93381386654936,0 70.1442325920797,21.94142861653875,0 70.16075509218237,21.93868086705515,0 70.16641884254267,21.93687286627165,0 70.17338909257153,21.92392536673666,0 70.17610684215326,21.89943936661703,0 70.17752834287478,21.89487711676331,0 70.18381709293554,21.89525911658631,0 70.18759934302419,21.89485486661429,0 70.18990809299994,21.89362811679657,0 70.19473334222988,21.8936191163171,0 70.19743834303409,21.89615261637869,0 70.20540984243766,21.90005461699426,0 70.21488234289745,21.90823311655422,0 70.21682759230475,21.92756936629106,0 70.21610809271233,21.93576186697653,0 70.21207609263888,21.94928261699546,0 70.20943834303557,21.95454361643888,0 70.2056953420979,21.95940536702948,0 70.206023842767,21.96229386649014,0 70.21533759258971,21.96549811677674,0 70.22993259258888,21.96563236669709,0 70.23388509254646,21.96366011655343,0 70.23785159251267,21.96312811674031,0 70.24764359248357,21.96569461690299,0 70.25126834251446,21.96823111653584,0 70.25154859259831,21.97214986718408,0 70.25472209233526,21.98495861648513,0 70.25841734227362,21.99465011671963,0 70.26307084300851,22.00110011663744,0 70.2637640928054,22.00289111679605,0 70.26617959282304,22.00364211676577,0 70.26854334289524,22.00302186693306,0 70.27292234290152,22.00110836649077,0 70.27366434264316,21.99910786680726,0 70.27688909303328,21.9974818668216,0 70.27848384252155,21.99845661655785,0 70.2801320928851,22.00111636654029,0 70.28679884242844,22.00484886713512,0 70.29102709223963,22.00396536651953,0 70.29297809235041,22.00113386669072,0 70.29423909242171,21.99799961646765,0 70.2964153428296,21.99562761666388,0 70.29878159232375,21.99406611644591,0 70.30196084286388,21.9942866168951,0 70.30364034241438,21.99756611661231,0 70.30280484244244,22.00114086640603,0 70.29584609277332,22.00984611674363,0 70.29800034288181,22.01312636685624,0 70.30915009278365,22.01395361717814,0 70.31798509290098,22.0133976171145,0 70.32592159307281,22.01811636647294,0 70.32693509257057,22.0263791165342,0 70.32532034252155,22.03384611651558,0 70.32535734289888,22.04256986693509,0 70.32842984283971,22.04915161668566,0 70.3459325926268,22.05208561693234,0 70.3489148431898,22.05127061648477,0 70.35456509248344,22.04805886694185,0 70.36222984291074,22.04641736650665,0 70.37295959289189,22.04683686706202,0 70.38371559254851,22.04112661688664,0 70.39650334248527,22.03945211678894,0 70.39946734232197,22.03573561703277,0 70.4056718427387,22.03472561666602,0 70.41231959262329,22.03597636640371,0 70.41627109301569,22.0342758667995,0 70.41289884258821,22.03024911719072,0 70.41453884272751,22.02920211707239,0 70.43636234271023,22.03216936655452,0 70.44489509237086,22.03443986633187,0 70.45234684234369,22.03769786687144,0 70.45457134280709,22.04364161661017,0 70.45333859294929,22.0511636170907,0 70.45621009309467,22.05287911674821,0 70.45864317835981,22.0532231632326,0 70.46952640608028,22.42512110079169,0 70.4682280923185,22.42477461750454,0 70.46263834314885,22.4198316175659,0 70.45969559297561,22.41857336717115,0 70.45214184315641,22.42293911709728,0 70.44508234242254,22.42881911754746,0 70.44522709265394,22.43315361692058,0 70.45802609244348,22.43795436691425,0 70.45938234297591,22.43974011690107,0 70.45258509234465,22.44902111683831,0 70.45840084236958,22.4506751167538,0 70.4615008429637,22.45870011750408,0 70.46257484269202,22.4651093669781,0 70.46546259253478,22.46781511692722,0 70.46858009237752,22.46768161738613,0 70.47065051267134,22.46430131247443,0</coordinates></LinearRing></outerBoundaryIs>
        </Polygon>
      </MultiGeometry>
    </Placemark>
  </Folder>
  <Folder id="FeatureLayer5">
    <name>Jamnagar_and_khambaliya_airfield_56km-new</name>
    <Snippet></Snippet>
    <Placemark id="ID_50000">
      <name>Jamnagar airfield</name>
      <Snippet></Snippet>
      <description><![CDATA[<html xmlns:fo="http://www.w3.org/1999/XSL/Format" xmlns:msxsl="urn:schemas-microsoft-com:xslt">
<head>
<META http-equiv="Content-Type" content="text/html">
<meta http-equiv="content-type" content="text/html; charset=UTF-8">
</head>
<body style="margin:0px 0px 0px 0px;overflow:auto;background:#FFFFFF;">
<table style="font-family:Arial,Verdana,Times;font-size:12px;text-align:left;width:100%;border-collapse:collapse;padding:3px 3px 3px 3px">
<tr style="text-align:center;font-weight:bold;background:#9CBCE2">
<td>Jamnagar airfield</td>
</tr>
<tr>
<td>
<table style="font-family:Arial,Verdana,Times;font-size:12px;text-align:left;width:100%;border-spacing:0px; padding:3px 3px 3px 3px">
<tr>
<td>FID</td>
<td>1</td>
</tr>
<tr bgcolor="#D4E4F3">
<td>FID_gujarat</td>
<td>1</td>
</tr>
<tr>
<td>STATE</td>
<td>Gujarat</td>
</tr>
<tr bgcolor="#D4E4F3">
<td>DISTRICT</td>
<td>Kutch</td>
</tr>
<tr>
<td>RR</td>
<td>Kutch (183-209)</td>
</tr>
<tr bgcolor="#D4E4F3">
<td>FID_Jamnagar_and_khambaliya_airfield_56km_1</td>
<td>1</td>
</tr>
<tr>
<td>NAME</td>
<td>Jamnagar airfield</td>
</tr>
<tr bgcolor="#D4E4F3">
<td>LAYER</td>
<td>Unknown Point Feature</td>
</tr>
<tr>
<td>KML_FOLDER</td>
<td>jamnagar and khambaliya airfield</td>
</tr>
<tr bgcolor="#D4E4F3">
<td>BUFF_DIST</td>
<td>56</td>
</tr>
<tr>
<td>ORIG_FID</td>
<td>1</td>
</tr>
</table>
</td>
</tr>
</table>
</body>
</html>
]]></description>
      <styleUrl>#PolyStyle40</styleUrl>
      <MultiGeometry>
        <Polygon>
          <extrude>0</extrude><altitudeMode>clampToGround</altitudeMode>
          <outerBoundaryIs><LinearRing><coordinates> 70.05618684163487,22.94986811754821,0 70.053242842233,22.95278836726372,0 70.05308084154007,22.955270118019,0 70.06200609170051,22.96092661726397,0 70.06209834236441,22.96285486791509,0 70.06179359158787,22.96345111760886,0 70.06001809172614,22.9662771178908,0 70.05877584182518,22.96818511721471,0 70.05963840790875,22.97077431675154,0 70.04573131273636,22.97163583384604,0 70.03120419849849,22.97217529091235,0 70.01666666661225,22.97235515277111,0 70.00212913466956,22.97217529086182,0 69.98760202060004,22.97163583422062,0 69.97309573553224,22.97073716884634,0 69.95862067460476,22.96947993869317,0 69.94418720984979,22.96786504501286,0 69.92980568213277,22.9658936456185,0 69.91548639332619,22.96356715147854,0 69.9012396027741,22.96088722984547,0 69.88707551080998,22.9578558011074,0 69.87300426048137,22.95447503691922,0 69.85903592390514,22.95074735812785,0 69.84518049895115,22.94667543609571,0 69.83144789983508,22.9422621864525,0 69.81784794722067,22.93751076904426,0 69.80439036798525,22.93242458767365,0 69.79108477933407,22.92700728158767,0 69.7779406909668,22.9212627316193,0 69.76496748953829,22.91519504812507,0 69.7521744383,22.90880857337467,0 69.73957066558332,22.90210787957416,0 69.72716516170185,22.89509775857871,0 69.71496677167761,22.88778322734749,0 69.70298418645932,22.88016951724832,0 69.69122593908962,22.87226207352199,0 69.67970039840114,22.86406655011546,0 69.66841576075394,22.85558880526731,0 69.65738004731141,22.84683490016905,0 69.64660109723253,22.8378110893173,0 69.63608655904339,22.82852382143123,0 69.62584389064534,22.81897972941694,0 69.61678101209654,22.81007103670746,0 69.62044334201669,22.80842611715383,0 69.62483234131308,22.80783311731133,0 69.63041059120239,22.80978636719206,0 69.63356684172018,22.81044986740642,0 69.63187534114739,22.80824086767746,0 69.62965584123501,22.80531461781612,0 69.62967534191199,22.80419211713273,0 69.63065209181165,22.80343011736115,0 69.6335900916237,22.80255086775444,0 69.63878559107579,22.8049323678231,0 69.64045484141019,22.80560486725547,0 69.64411109129486,22.80586611788253,0 69.64008684202618,22.79880086711769,0 69.65453734127843,22.79450861725128,0 69.66748159183318,22.79937911745935,0 69.67243309139695,22.79777536721711,0 69.67577859150526,22.79746511740489,0 69.67657659129694,22.79838961715918,0 69.6774378418018,22.79999461749789,0 69.67913384179703,22.80045636725537,0 69.68776984175071,22.80045511793568,0 69.68936559167233,22.79969786716857,0 69.68904109198226,22.79845036777211,0 69.68859909200648,22.79686236731742,0 69.67815259173264,22.78665686778538,0 69.67677034147788,22.78518711708196,0 69.69572384116724,22.78312236784283,0 69.69763209159423,22.78294261767904,0 69.70901334140392,22.78406161770188,0 69.71285034132941,22.7879591175177,0 69.71334984169194,22.79995986774286,0 69.71525184123063,22.8029253670797,0 69.71886809179013,22.80388361764685,0 69.7231920920663,22.80151561731487,0 69.72404109181335,22.80103986724093,0 69.72683709126498,22.80097086768678,0 69.72769659147512,22.80130836731966,0 69.73686209204888,22.81288911718691,0 69.74614634183266,22.81810286793392,0 69.76140059129705,22.82263411747629,0 69.7762165912895,22.8313371176073,0 69.78669034141927,22.83907461744838,0 69.7932205919637,22.84776961761435,0 69.79912934176444,22.85076786740383,0 69.81104134166497,22.851641867483,0 69.82227309148678,22.85736911785244,0 69.82889659158549,22.86073011795549,0 69.85555634223299,22.86881736720975,0 69.87376709178484,22.87179186745114,0 69.89447984224221,22.8718661177145,0 69.90815359223879,22.8798953676789,0 69.90939509158123,22.88103936724585,0 69.91162884196895,22.88371261762363,0 69.91684034137407,22.88891436748574,0 69.91886834200426,22.89038986769282,0 69.9209755914473,22.89151761788945,0 69.93450659144051,22.89663386758353,0 69.94411734150336,22.8975916174397,0 69.94434784184733,22.89860836737703,0 69.94530184157051,22.89928561716754,0 69.94592184219727,22.89915811778572,0 69.95202384200608,22.89845886758855,0 69.98020934201038,22.90327336753918,0 69.98316109205281,22.90392261755424,0 69.98657159215814,22.90466461794772,0 69.99330809195365,22.90604811737258,0 70.00089209154976,22.91012236723133,0 70.01365534164313,22.91221311779109,0 70.02795434190959,22.91738961767117,0 70.04066759225019,22.91643336741432,0 70.05024709227349,22.91955361749991,0 70.05572034199849,22.92089061796738,0 70.06649034181973,22.92255086759479,0 70.09412959186918,22.92482236729706,0 70.10242159167611,22.92493861731616,0 70.1205853415961,22.93039036720437,0 70.12345609192998,22.93356761730064,0 70.12245934219094,22.93560736800893,0 70.10977884230327,22.93599111757304,0 70.09394384203136,22.93522911717038,0 70.08710734217537,22.93715986798021,0 70.08599884229353,22.93849761776808,0 70.08747484185457,22.94552586739112,0 70.08523834229686,22.94754211786312,0 70.08424259165487,22.94798936758181,0 70.08050209193051,22.94658686744422,0 70.07875359222923,22.94288186762272,0 70.0777698422381,22.94241836763155,0 70.07704859242223,22.94086436737454,0 70.07608634240299,22.94064011774345,0 70.07435784234106,22.94197386781434,0 70.07641209229337,22.95013636787227,0 70.07566184151875,22.95216661796342,0 70.0695735918799,22.95188161734525,0 70.06208909210804,22.94769061744401,0 70.05618684163487,22.94986811754821,0</coordinates></LinearRing></outerBoundaryIs>
        </Polygon>
        <Polygon>
          <extrude>0</extrude><altitudeMode>clampToGround</altitudeMode>
          <outerBoundaryIs><LinearRing><coordinates> 70.0779078415908,22.96550136733196,0 70.08103184155316,22.96692161768565,0 70.08357781386758,22.96848823118472,0 70.07471265872879,22.96947993887951,0 70.0635789502988,22.97044708444962,0 70.0641835918684,22.96897036807936,0 70.06986309230146,22.96521111724035,0 70.07222159236336,22.96474211725422,0 70.07622184217796,22.96391661795968,0 70.0779078415908,22.96550136733196,0</coordinates></LinearRing></outerBoundaryIs>
        </Polygon>
        <Polygon>
          <extrude>0</extrude><altitudeMode>clampToGround</altitudeMode>
          <outerBoundaryIs><LinearRing><coordinates> 70.15508015864812,22.95573633102677,0 70.15075821246589,22.95677471015656,0 70.15089934196192,22.95586861766064,0 70.15300734173158,22.95573761799177,0 70.15414834160865,22.9555416176639,0 70.15508015864812,22.95573633102677,0</coordinates></LinearRing></outerBoundaryIs>
        </Polygon>
        <Polygon>
          <extrude>0</extrude><altitudeMode>clampToGround</altitudeMode>
          <outerBoundaryIs><LinearRing><coordinates> 69.62331159147251,22.78586686762792,0 69.62446434119784,22.78771136761088,0 69.62419634204174,22.78882636748099,0 69.61606234189489,22.79547336759902,0 69.60665499248159,22.79961735835698,0 69.60620299019727,22.79914852047572,0 69.60304954764682,22.7956966331554,0 69.6031723410847,22.79562886726411,0 69.60488509133413,22.79384686742425,0 69.60419859147943,22.79224861715841,0 69.59932740669024,22.79162201325915,0 69.5968186565768,22.78887556046675,0 69.59614341172598,22.78809505837273,0 69.59783334176356,22.78750311760933,0 69.60578659180463,22.7880043675002,0 69.60744459191211,22.78809486723174,0 69.62066859142855,22.78573436769336,0 69.62136334145208,22.78560661708724,0 69.62331159147251,22.78586686762792,0</coordinates></LinearRing></outerBoundaryIs>
        </Polygon>
      </MultiGeometry>
    </Placemark>
    <Placemark id="ID_50001">
      <name>Khambaliya airfield</name>
      <Snippet></Snippet>
      <description><![CDATA[<html xmlns:fo="http://www.w3.org/1999/XSL/Format" xmlns:msxsl="urn:schemas-microsoft-com:xslt">
<head>
<META http-equiv="Content-Type" content="text/html">
<meta http-equiv="content-type" content="text/html; charset=UTF-8">
</head>
<body style="margin:0px 0px 0px 0px;overflow:auto;background:#FFFFFF;">
<table style="font-family:Arial,Verdana,Times;font-size:12px;text-align:left;width:100%;border-collapse:collapse;padding:3px 3px 3px 3px">
<tr style="text-align:center;font-weight:bold;background:#9CBCE2">
<td>Khambaliya airfield</td>
</tr>
<tr>
<td>
<table style="font-family:Arial,Verdana,Times;font-size:12px;text-align:left;width:100%;border-spacing:0px; padding:3px 3px 3px 3px">
<tr>
<td>FID</td>
<td>2</td>
</tr>
<tr bgcolor="#D4E4F3">
<td>FID_gujarat</td>
<td>13</td>
</tr>
<tr>
<td>STATE</td>
<td>Gujarat</td>
</tr>
<tr bgcolor="#D4E4F3">
<td>DISTRICT</td>
<td>Porbandar</td>
</tr>
<tr>
<td>RR</td>
<td>Porbandar (205-213)</td>
</tr>
<tr bgcolor="#D4E4F3">
<td>FID_Jamnagar_and_khambaliya_airfield_56km_1</td>
<td>0</td>
</tr>
<tr>
<td>NAME</td>
<td>Khambaliya airfield</td>
</tr>
<tr bgcolor="#D4E4F3">
<td>LAYER</td>
<td>Unknown Point Feature</td>
</tr>
<tr>
<td>KML_FOLDER</td>
<td>jamnagar and khambaliya airfield</td>
</tr>
<tr bgcolor="#D4E4F3">
<td>BUFF_DIST</td>
<td>56</td>
</tr>
<tr>
<td>ORIG_FID</td>
<td>0</td>
</tr>
</table>
</td>
</tr>
</table>
</body>
</html>
]]></description>
      <styleUrl>#PolyStyle40</styleUrl>
      <MultiGeometry>
        <Polygon>
          <extrude>0</extrude><altitudeMode>clampToGround</altitudeMode>
          <outerBoundaryIs><LinearRing><coordinates> 69.81629809182346,21.81977436656119,0 69.81490434164419,21.82305761645639,0 69.81176409204129,21.82388561623316,0 69.79863859208265,21.82357861621417,0 69.78856984155351,21.82418611662229,0 69.76720309136488,21.82090886656713,0 69.75921309165392,21.82195086667376,0 69.75128484203964,21.82751386697267,0 69.73962659205105,21.83198036673509,0 69.7348275919576,21.82860336686669,0 69.73194234189577,21.82438786673691,0 69.72502684135998,21.81888911624081,0 69.7250410919273,21.8092001169021,0 69.72394134181523,21.80465636686248,0 69.7186453414629,21.79767361678392,0 69.71373359203798,21.79348536633619,0 69.70914934138673,21.79672286649781,0 69.7065855918009,21.79586686669021,0 69.70119034195143,21.79567586654558,0 69.69846209186429,21.80624261627321,0 69.69566934152247,21.80852011620715,0 69.69165659142924,21.81019511610691,0 69.69096359165458,21.81581386670196,0 69.68772384175546,21.8191891165562,0 69.68280534161053,21.81986736632097,0 69.67630909131951,21.81924461691444,0 69.67507584191839,21.81563236646825,0 69.67600109199414,21.81112311662154,0 69.6651278414128,21.81228311611351,0 69.65687884145775,21.83489011615912,0 69.65298109196341,21.83715811657407,0 69.6450105912805,21.83685511668115,0 69.63672184114252,21.83306861642777,0 69.63462434186172,21.8296828664469,0 69.63195559134144,21.82783561634864,0 69.63287684180835,21.82361686690377,0 69.63301134122619,21.81446411657175,0 69.63285959174341,21.80818486648079,0 69.63182884190326,21.80318361667421,0 69.61804209158134,21.80216211669858,0 69.61606034181658,21.80322761620653,0 69.61558859162392,21.80641361664659,0 69.61323584180836,21.80776486661312,0 69.61247759197443,21.81338386661067,0 69.61314034117449,21.83055861644794,0 69.60958334189154,21.83044936686572,0 69.60919984138852,21.83560486700022,0 69.60906309194964,21.84476686649321,0 69.61092209173826,21.86393711672673,0 69.61533584143493,21.86829061704351,0 69.61850634118713,21.8696791165987,0 69.62625534175329,21.86852386679874,0 69.63030484139058,21.8686433668593,0 69.63207134119031,21.86937161687369,0 69.63524509150301,21.87469611704479,0 69.64702734139681,21.87076461643995,0 69.65716409183351,21.86970261631223,0 69.65879909160132,21.87135161678838,0 69.6663963419026,21.88480711640155,0 69.66787609134775,21.89282936672112,0 69.66702984168546,21.90012461702397,0 69.67202584195653,21.90258286706477,0 69.67254209153069,21.90519561650564,0 69.66700559141979,21.92291661704412,0 69.67077884149991,21.92511811709331,0 69.6816920913048,21.92592786675259,0 69.68516034177006,21.91530936693485,0 69.68597084173427,21.91021961644428,0 69.69121509119594,21.91273811638547,0 69.70739884173344,21.92701161694796,0 69.70711209183264,21.92990836680865,0 69.70854784132173,21.93253961656307,0 69.71894084138398,21.93548461654421,0 69.72307884161036,21.93809486689342,0 69.72230159149254,21.94075736682701,0 69.72546509138959,21.95559411711628,0 69.7213975913198,21.95674961627005,0 69.71628684167665,21.97493336649122,0 69.69456709162678,21.97808811655162,0 69.68904459118322,21.97800611683874,0 69.68372984132139,21.95901786710046,0 69.65136434151871,21.95503686632084,0 69.65678934147273,21.92879636657711,0 69.65670109159886,21.92229286686433,0 69.65157559180494,21.92018311666718,0 69.64203209124669,21.91800461675446,0 69.63336884143958,21.91845886645511,0 69.62876734110851,21.92261611698975,0 69.62063959155149,21.94058486629269,0 69.61731584187395,21.94117511713262,0 69.61549859180943,21.94357411690181,0 69.61202184160392,21.94619111629785,0 69.61080659169926,21.94535986703607,0 69.60737559163233,21.94495961683221,0 69.58992309167996,21.94584136632914,0 69.58066009130941,21.94541136674145,0 69.56513959133251,21.94081211706544,0 69.55236759190255,21.93288961693306,0 69.54751709100813,21.9289861168599,0 69.54342734127735,21.92329836656396,0 69.54172009124221,21.91868511627074,0 69.54076934139624,21.91252736651292,0 69.53525959112267,21.89178636686822,0 69.53217309160945,21.88900861674548,0 69.5252158415641,21.89046561648409,0 69.50523659158183,21.9002943668455,0 69.50224759124853,21.89525211652824,0 69.49890159116656,21.89334586687043,0 69.49446534108429,21.89437286683698,0 69.48771659101735,21.89426661631069,0 69.48693234124009,21.87383711626776,0 69.48448084182841,21.87373511694386,0 69.48918759155468,21.85925686663834,0 69.48924709121293,21.85542586687653,0 69.48613184132367,21.85451161681599,0 69.47633284151151,21.85313536692189,0 69.46639559096496,21.85308461654433,0 69.44869259156245,21.85139561640929,0 69.43603709134831,21.87391386697336,0 69.42793409156482,21.88277386700506,0 69.42368684137199,21.88135686680526,0 69.42059334091756,21.880322616988,0 69.41334509176606,21.88371786676771,0 69.40711959128551,21.89107086639889,0 69.40348734148817,21.89027536662209,0 69.40232659092231,21.88863386659567,0 69.40032884151148,21.8853896167147,0 69.39438134089083,21.88213061676346,0 69.38953809126645,21.87772361687004,0 69.38581609174142,21.8718678664439,0 69.38452584172697,21.86468111635579,0 69.38477634114869,21.8517718662182,0 69.38102909115001,21.84284511645084,0 69.38047884114285,21.83479686655432,0 69.37807134124169,21.82905661700551,0 69.37121609124971,21.82777011668059,0 69.38124334158995,21.82390836696535,0 69.38275684099412,21.82053536635954,0 69.38254834170471,21.81874386676875,0 69.3897203416257,21.81139686644736,0 69.39047921170265,21.80921848017016,0 69.40175327924688,21.80322663328895,0 69.41446847689875,21.79687977712959,0 69.42735899177598,21.79085025990839,0 69.44041575220685,21.78514231485672,0 69.45362957325895,21.77975994917304,0 69.46699116502418,21.77470694288056,0 69.48049113272633,21.76998684264189,0 69.49411999155254,21.76560296194377,0 69.50786816660413,21.76155837665469,0 69.5217260018897,21.75785592655067,0 69.53568376704455,21.75449820954464,0 69.54973166361815,21.7514875812138,0 69.56385983325698,21.74882615444749,0 69.57805835932469,21.74651579773188,0 69.59231728214678,21.74455812992445,0 69.60662659722216,21.74295452539879,0 69.6209762675599,21.74170610948101,0 69.63535622903072,21.7408137578372,0 69.64975639470494,21.7402780966706,0 69.66416666699341,21.74009950077849,0 69.67857693887453,21.74027809707358,0 69.69297710450772,21.74081375805975,0 69.7073570658162,21.74170611015876,0 69.72170673560554,21.74295452575572,0 69.73601605094809,21.74455813019676,0 69.7502749731989,21.74651579716524,0 69.76447350053026,21.74882615471275,0 69.77860166885218,21.75148758157395,0 69.79264956567535,21.75449820881886,0 69.80660733124286,21.75785592596845,0 69.81192019061154,21.75927552797956,0 69.80983809181799,21.76789211672122,0 69.81306309185928,21.77420511621217,0 69.81546984138943,21.78655111631614,0 69.81712209218455,21.81351111616612,0 69.81629809182346,21.81977436656119,0</coordinates></LinearRing></outerBoundaryIs>
        </Polygon>
        <Polygon>
          <extrude>0</extrude><altitudeMode>clampToGround</altitudeMode>
          <outerBoundaryIs><LinearRing><coordinates> 69.8713570992562,21.77849444624142,0 69.86952259199059,21.78057711665087,0 69.86526353204283,21.77619003024746,0 69.8713570992562,21.77849444624142,0</coordinates></LinearRing></outerBoundaryIs>
        </Polygon>
      </MultiGeometry>
    </Placemark>
    <Placemark id="ID_50002">
      <name>Khambaliya airfield</name>
      <Snippet></Snippet>
      <description><![CDATA[<html xmlns:fo="http://www.w3.org/1999/XSL/Format" xmlns:msxsl="urn:schemas-microsoft-com:xslt">
<head>
<META http-equiv="Content-Type" content="text/html">
<meta http-equiv="content-type" content="text/html; charset=UTF-8">
</head>
<body style="margin:0px 0px 0px 0px;overflow:auto;background:#FFFFFF;">
<table style="font-family:Arial,Verdana,Times;font-size:12px;text-align:left;width:100%;border-collapse:collapse;padding:3px 3px 3px 3px">
<tr style="text-align:center;font-weight:bold;background:#9CBCE2">
<td>Khambaliya airfield</td>
</tr>
<tr>
<td>
<table style="font-family:Arial,Verdana,Times;font-size:12px;text-align:left;width:100%;border-spacing:0px; padding:3px 3px 3px 3px">
<tr>
<td>FID</td>
<td>3</td>
</tr>
<tr bgcolor="#D4E4F3">
<td>FID_gujarat</td>
<td>22</td>
</tr>
<tr>
<td>STATE</td>
<td>Gujarat</td>
</tr>
<tr bgcolor="#D4E4F3">
<td>DISTRICT</td>
<td>Devbhumi Dwarka</td>
</tr>
<tr>
<td>RR</td>
<td>Devbhumi Dwarka (204-209)</td>
</tr>
<tr bgcolor="#D4E4F3">
<td>FID_Jamnagar_and_khambaliya_airfield_56km_1</td>
<td>0</td>
</tr>
<tr>
<td>NAME</td>
<td>Khambaliya airfield</td>
</tr>
<tr bgcolor="#D4E4F3">
<td>LAYER</td>
<td>Unknown Point Feature</td>
</tr>
<tr>
<td>KML_FOLDER</td>
<td>jamnagar and khambaliya airfield</td>
</tr>
<tr bgcolor="#D4E4F3">
<td>BUFF_DIST</td>
<td>56</td>
</tr>
<tr>
<td>ORIG_FID</td>
<td>0</td>
</tr>
</table>
</td>
</tr>
</table>
</body>
</html>
]]></description>
      <styleUrl>#PolyStyle40</styleUrl>
      <MultiGeometry>
        <Polygon>
          <extrude>0</extrude><altitudeMode>clampToGround</altitudeMode>
          <outerBoundaryIs><LinearRing><coordinates> 69.40484534170915,22.52561936716761,0 69.40454309092387,22.52968361737205,0 69.40420234102965,22.53440536700902,0 69.40322009092432,22.5353038674989,0 69.40196234087138,22.53665836738892,0 69.40088309107296,22.53630111753044,0 69.39777484127977,22.53250136691081,0 69.39767259159359,22.53137461747647,0 69.39776009102638,22.52956186716304,0 69.39783959165283,22.52680461734483,0 69.39905459152234,22.52414061713007,0 69.40198934095761,22.52306261699126,0 69.40484534170915,22.52561936716761,0</coordinates></LinearRing></outerBoundaryIs>
        </Polygon>
        <Polygon>
          <extrude>0</extrude><altitudeMode>clampToGround</altitudeMode>
          <outerBoundaryIs><LinearRing><coordinates> 69.32745209136317,22.52489811762431,0 69.32293609134017,22.52479661710027,0 69.32222909151844,22.52554311709543,0 69.31857759111939,22.52680661736637,0 69.3169185915213,22.52585411757606,0 69.31618384087281,22.51952586699762,0 69.31684759148909,22.5173661173753,0 69.31732384110276,22.51697961748341,0 69.32399959132131,22.51153911740592,0 69.3390253413387,22.50712061742113,0 69.34942759125943,22.50406286746286,0 69.35787559111596,22.50855811759796,0 69.36188359129277,22.51175061735513,0 69.36183934147743,22.51400261688672,0 69.35632159138873,22.52318236734242,0 69.34942734137606,22.52692386705215,0 69.34894784112917,22.52622511700734,0 69.33894509157071,22.52542636762731,0 69.33468334170171,22.52506861702112,0 69.32745209136317,22.52489811762431,0</coordinates></LinearRing></outerBoundaryIs>
        </Polygon>
        <Polygon>
          <extrude>0</extrude><altitudeMode>clampToGround</altitudeMode>
          <outerBoundaryIs><LinearRing><coordinates> 69.29895634083459,22.47326486741297,0 69.29376834164893,22.46986236764326,0 69.29239434108995,22.46592886702298,0 69.29068459132766,22.46257636699745,0 69.29034284167135,22.46050461748299,0 69.29021834085033,22.45726661698468,0 69.29351309129514,22.45642411726249,0 69.29619009097122,22.45763836701542,0 69.29775384090128,22.4597111173865,0 69.29937984163331,22.45884036676651,0 69.30209284095305,22.45530661699724,0 69.30515784085512,22.45366061732109,0 69.31288634088592,22.4522863673579,0 69.32090034127114,22.45188511714661,0 69.32542784117754,22.45206161757129,0 69.32692609139949,22.45424011722489,0 69.32810584118917,22.45776711719556,0 69.32767684143026,22.46369211705481,0 69.32633159149255,22.46906311729903,0 69.32164609094809,22.47260811732871,0 69.3124408414396,22.4725583672045,0 69.30997409172231,22.47256411737397,0 69.30411234130223,22.47323461729188,0 69.30145059106999,22.47255936745949,0 69.29895634083459,22.47326486741297,0</coordinates></LinearRing></outerBoundaryIs>
        </Polygon>
        <Polygon>
          <extrude>0</extrude><altitudeMode>clampToGround</altitudeMode>
          <outerBoundaryIs><LinearRing><coordinates> 69.50042805834568,22.30774771635821,0 69.49875584153342,22.30678811691537,0 69.4926533413243,22.30760336719116,0 69.49162884110274,22.32249211683767,0 69.48777284189413,22.32667586687765,0 69.48445034191504,22.33029911668412,0 69.47881659131528,22.33233486714574,0 69.47776309156011,22.3331271166276,0 69.47680759183129,22.33285286700598,0 69.47260909131437,22.3308318669434,0 69.4686485911502,22.32909036667124,0 69.46812784123406,22.32924111719211,0 69.46745559135641,22.32696011672775,0 69.46549434116633,22.32023211657934,0 69.46493734128079,22.31972461699055,0 69.4625783414852,22.31803011735966,0 69.46027934166908,22.31580661686486,0 69.45974559130799,22.3154116170689,0 69.45881934174301,22.3135791170205,0 69.47311284155907,22.30493036677602,0 69.48667509106731,22.29674661720532,0 69.48645434109085,22.29538811690593,0 69.4834783412858,22.29251786682001,0 69.48104159112113,22.29247286732264,0 69.47339284101142,22.29044236686843,0 69.46898184125155,22.28910561696173,0 69.46328884185591,22.28403986704236,0 69.46111059146504,22.28331336733042,0 69.45888559117898,22.2837213673453,0 69.45307334178986,22.28479061716926,0 69.44327609137308,22.29283286733188,0 69.4417540915333,22.29408361673493,0 69.43596684126473,22.2962178665878,0 69.43308309180091,22.29621011672419,0 69.42458859173435,22.28350361684676,0 69.42095784110742,22.28148161665882,0 69.41749909118091,22.28055386709167,0 69.4155588409313,22.28139211684794,0 69.40062359154219,22.28793136697029,0 69.38290834146378,22.28900286706221,0 69.37747934139647,22.29297636672164,0 69.37673259144786,22.29576061679624,0 69.37457959147133,22.29988586700182,0 69.37224234095584,22.30209436673685,0 69.3713313414445,22.30347736708617,0 69.339485091428,22.2950186169092,0 69.33858134175006,22.29463636703776,0 69.33804384172262,22.29444386705418,0 69.33609859106245,22.29314311662564,0 69.33476034126087,22.29233786717013,0 69.33420809107606,22.28679186721028,0 69.3332510917422,22.28541786688954,0 69.32434509136041,22.27860561663021,0 69.32352334175607,22.27895136693996,0 69.32149134161425,22.27954186712436,0 69.32162309118618,22.28518986674439,0 69.31793834125109,22.28588036669782,0 69.31613934157413,22.28589386680366,0 69.31451309095996,22.28582286736138,0 69.3137250909183,22.28578536725879,0 69.30951159163973,22.28587286711798,0 69.29866359153827,22.2860236169773,0 69.29746109113692,22.28574686665513,0 69.29676359098534,22.28263011739293,0 69.29863884171679,22.28129036702951,0 69.3016830917577,22.27945611660601,0 69.30649984123555,22.2776898673339,0 69.30772459093284,22.27681186663967,0 69.30774334091046,22.27591536656226,0 69.30549484134231,22.27502436706251,0 69.30317434103254,22.27401536713354,0 69.30312434090689,22.27295711678108,0 69.30309309161532,22.27197611737503,0 69.30277534147859,22.26949111666281,0 69.29398084141256,22.27180861716542,0 69.28453184161114,22.27118036689818,0 69.28284934136543,22.27025311711508,0 69.28211659127389,22.26769461701154,0 69.28237559127317,22.26459236718067,0 69.28613484102387,22.25917186670437,0 69.28923209165922,22.25477511673144,0 69.29515184081941,22.23884436659093,0 69.29638834144829,22.23751711693359,0 69.29570934170692,22.23569411702687,0 69.29227434086421,22.23743786731388,0 69.29104359104487,22.23857386671264,0 69.28757234135418,22.24208986659175,0 69.28506734121227,22.24643386690139,0 69.28274284104465,22.2528401166643,0 69.28151384136964,22.25394836689715,0 69.26887534120264,22.25510086677291,0 69.26816784165455,22.25595761680681,0 69.26792034132441,22.25710111727555,0 69.26487109087128,22.26044811661296,0 69.26334909142301,22.26597411741946,0 69.26294359163703,22.2674111170722,0 69.25913734123702,22.26716361708114,0 69.25771109160671,22.26710836689251,0 69.2510863408517,22.2643751166668,0 69.24925609073604,22.26374186731721,0 69.24576509162385,22.25984186709843,0 69.2396263413072,22.25298336742583,0 69.23582259153564,22.24749361690882,0 69.23015284083976,22.2442596170632,0 69.22590509169589,22.24245861662628,0 69.20311409148201,22.23443311712317,0 69.19657334105761,22.23500636675374,0 69.19290759136149,22.23583361666114,0 69.18518184113731,22.23433661698585,0 69.18186209086608,22.23064561680916,0 69.18003659158484,22.21343411712735,0 69.17955984131143,22.2127561173524,0 69.17789834118304,22.21093361709993,0 69.1712075912322,22.21294461717231,0 69.16943184111179,22.21190536660432,0 69.16786584106946,22.2046146168884,0 69.1634243409142,22.19798986689557,0 69.16261059112827,22.19782061682414,0 69.15795684092596,22.19684961732167,0 69.13170684121451,22.19557636727143,0 69.13024609139742,22.19600436681966,0 69.12997334140321,22.1982746169543,0 69.13219084127239,22.20168886703612,0 69.13284409098604,22.21006636663045,0 69.13294834089866,22.21096261676996,0 69.1376168414199,22.21376361731513,0 69.13758184119588,22.21534911730251,0 69.13088509136306,22.22201836734219,0 69.13086559086588,22.22291261735937,0 69.13836409084168,22.22922736690495,0 69.14892309090899,22.23999961678447,0 69.1503110913839,22.24293836718126,0 69.15048359071733,22.24411661718491,0 69.15182859086732,22.25254136709007,0 69.15290809158442,22.25495486675571,0 69.15437059125553,22.25681636724542,0 69.15468859157745,22.26495061676301,0 69.16023734070251,22.2772733667917,0 69.15712359113886,22.28557911705403,0 69.15709034128315,22.28828661685475,0 69.15752084066705,22.28886911731862,0 69.15831109091431,22.28989761675402,0 69.15991759148275,22.29197511683348,0 69.15941434100938,22.29706111742555,0 69.15687784083073,22.30722486686165,0 69.15619359135914,22.31242736715003,0 69.15651884114503,22.31473111688933,0 69.15867109081078,22.31657061693436,0 69.1624515909627,22.32657836707265,0 69.16475809139497,22.32931511712152,0 69.16593709078722,22.33059786737692,0 69.16660634074698,22.33141436672065,0 69.1643360908178,22.34540411736506,0 69.1651215914311,22.34559886673905,0 69.17159534110473,22.34710136706661,0 69.17283534079017,22.34668936663516,0 69.17251634125952,22.35006436682309,0 69.174533341082,22.35252886721819,0 69.172985341067,22.35417211669537,0 69.17160034078091,22.35516261745052,0 69.17129834131697,22.3566828668953,0 69.17207234128914,22.35872586725013,0 69.17551459075808,22.36336961713317,0 69.17978634112293,22.36777286692486,0 69.18083284110018,22.36982361698475,0 69.18055059163392,22.37032511689059,0 69.17973009079734,22.37031261728503,0 69.17700459105427,22.37025611712394,0 69.17374959113975,22.36943436727885,0 69.17293159115992,22.36941961665212,0 69.17236584087581,22.37016861673854,0 69.17235209107396,22.37093386737187,0 69.17312609153431,22.3729768674465,0 69.17418809120187,22.37426936715508,0 69.17650384139871,22.3755571172371,0 69.17788234094317,22.37689536706047,0 69.18446059117822,22.38057686670577,0 69.19156959115304,22.38816961691054,0 69.19834059080428,22.38988836747897,0 69.19756459108447,22.39733036725977,0 69.19566384149655,22.39966461690291,0 69.19336309103954,22.40007961732013,0 69.18937259094962,22.40081461749272,0 69.1883668411167,22.40168911679987,0 69.1874735910491,22.40768711672909,0 69.18680884079086,22.41227236742635,0 69.19044434094415,22.4152976174437,0 69.19194759155151,22.41654311706428,0 69.19171684121534,22.41702286738075,0 69.19134284141738,22.42160611752885,0 69.19036859119149,22.42227961675674,0 69.18362384083389,22.41932286697319,0 69.1828640914148,22.41899161723406,0 69.18098734105791,22.41922911708022,0 69.1805965915043,22.41789211675842,0 69.17913684094624,22.41581886755336,0 69.1736648409439,22.41096261714004,0 69.1693350909551,22.40817361730332,0 69.16866834084267,22.407082366739,0 69.1660073407555,22.4047103669299,0 69.16457459080733,22.40360811732752,0 69.15747109113286,22.40493636727314,0 69.15545134094093,22.4043231172732,0 69.15411034069076,22.40394061701718,0 69.15263734153486,22.40260461726672,0 69.15006459082797,22.40174586737691,0 69.14701651626363,22.40143926256898,0 69.14350820405927,22.39099422537229,0 69.13956190551356,22.37804080811141,0 69.13598846453199,22.36499418387494,0 69.13279031484635,22.35186362453608,0 69.12996962182075,22.33865845719896,0 69.1275282832169,22.32538806074157,0 69.12546792281159,22.31206185650347,0 69.1237898960602,22.29868930344145,0 69.12249528158013,22.28527989135546,0 69.12158489003183,22.2718431318619,0 69.12105925536267,22.25838855429722,0 69.12091864059427,22.24492569915578,0 69.12116303535377,22.2314641073682,0 69.12179215541168,22.21801331952666,0 69.12280544524057,22.20458286200085,0 69.12420207840101,22.19118224713728,0 69.12598095684625,22.17782096360303,0 69.12814071305802,22.1645084669489,0 69.1306797133856,22.15125417827617,0 69.13359605445285,22.13806747439327,0 69.13688756896175,22.12495767956404,0 69.14055182707838,22.1119340640527,0 69.14458613672835,22.09900583280944,0 69.14898754706545,22.08618212151212,0 69.15375284922345,22.07347199063352,0 69.15887858208795,22.06088441632298,0 69.16436103190449,22.04842828617579,0 69.17019623668227,22.03611239446791,0 69.17637998620562,22.02394543262197,0 69.18290783215402,22.01193598397329,0 69.18977508272782,22.00009252095954,0 69.19697681309287,21.98842339546122,0 69.20450786572246,21.97693683551831,0 69.20981442130707,21.96930606734654,0 69.21117759100225,21.96806961679807,0 69.22201384086831,21.95901761659762,0 69.22690984121857,21.95281561630879,0 69.22920634125028,21.95009486639547,0 69.23943434091996,21.9358173669698,0 69.27300334125597,21.90272361689908,0 69.28799634165671,21.89176211687003,0 69.3098473416722,21.87579636624545,0 69.33542209140305,21.85409411660012,0 69.33838534092177,21.85075236660767,0 69.36267984123971,21.83353411673921,0 69.37121609124971,21.82777011668059,0 69.37807134124169,21.82905661700551,0 69.38047884114285,21.83479686655432,0 69.38102909115001,21.84284511645084,0 69.38477634114869,21.8517718662182,0 69.38452584172697,21.86468111635579,0 69.38581609174142,21.8718678664439,0 69.38953809126645,21.87772361687004,0 69.39438134089083,21.88213061676346,0 69.40032884151148,21.8853896167147,0 69.40232659092231,21.88863386659567,0 69.40348734148817,21.89027536662209,0 69.40711959128551,21.89107086639889,0 69.41334509176606,21.88371786676771,0 69.42059334091756,21.880322616988,0 69.42368684137199,21.88135686680526,0 69.42793409156482,21.88277386700506,0 69.43603709134831,21.87391386697336,0 69.44869259156245,21.85139561640929,0 69.46639559096496,21.85308461654433,0 69.47633284151151,21.85313536692189,0 69.48613184132367,21.85451161681599,0 69.48924709121293,21.85542586687653,0 69.48918759155468,21.85925686663834,0 69.48448084182841,21.87373511694386,0 69.48693234124009,21.87383711626776,0 69.48771659101735,21.89426661631069,0 69.49446534108429,21.89437286683698,0 69.49890159116656,21.89334586687043,0 69.50224759124853,21.89525211652824,0 69.50523659158183,21.9002943668455,0 69.5252158415641,21.89046561648409,0 69.53217309160945,21.88900861674548,0 69.53525959112267,21.89178636686822,0 69.54076934139624,21.91252736651292,0 69.54172009124221,21.91868511627074,0 69.54342734127735,21.92329836656396,0 69.54751709100813,21.9289861168599,0 69.55236759190255,21.93288961693306,0 69.56513959133251,21.94081211706544,0 69.58066009130941,21.94541136674145,0 69.58992309167996,21.94584136632914,0 69.60737559163233,21.94495961683221,0 69.61080659169926,21.94535986703607,0 69.61202184160392,21.94619111629785,0 69.61549859180943,21.94357411690181,0 69.61731584187395,21.94117511713262,0 69.62063959155149,21.94058486629269,0 69.62876734110851,21.92261611698975,0 69.63336884143958,21.91845886645511,0 69.64203209124669,21.91800461675446,0 69.65157559180494,21.92018311666718,0 69.65670109159886,21.92229286686433,0 69.65678934147273,21.92879636657711,0 69.65136434151871,21.95503686632084,0 69.68372984132139,21.95901786710046,0 69.68904459118322,21.97800611683874,0 69.69456709162678,21.97808811655162,0 69.71628684167665,21.97493336649122,0 69.7213975913198,21.95674961627005,0 69.72546509138959,21.95559411711628,0 69.72230159149254,21.94075736682701,0 69.72307884161036,21.93809486689342,0 69.71894084138398,21.93548461654421,0 69.70854784132173,21.93253961656307,0 69.70711209183264,21.92990836680865,0 69.70739884173344,21.92701161694796,0 69.69121509119594,21.91273811638547,0 69.68597084173427,21.91021961644428,0 69.68516034177006,21.91530936693485,0 69.6816920913048,21.92592786675259,0 69.67077884149991,21.92511811709331,0 69.66700559141979,21.92291661704412,0 69.67254209153069,21.90519561650564,0 69.67202584195653,21.90258286706477,0 69.66702984168546,21.90012461702397,0 69.66787609134775,21.89282936672112,0 69.6663963419026,21.88480711640155,0 69.65879909160132,21.87135161678838,0 69.65716409183351,21.86970261631223,0 69.64702734139681,21.87076461643995,0 69.63524509150301,21.87469611704479,0 69.63207134119031,21.86937161687369,0 69.63030484139058,21.8686433668593,0 69.62625534175329,21.86852386679874,0 69.61850634118713,21.8696791165987,0 69.61533584143493,21.86829061704351,0 69.61092209173826,21.86393711672673,0 69.60906309194964,21.84476686649321,0 69.60919984138852,21.83560486700022,0 69.60958334189154,21.83044936686572,0 69.61314034117449,21.83055861644794,0 69.61247759197443,21.81338386661067,0 69.61323584180836,21.80776486661312,0 69.61558859162392,21.80641361664659,0 69.61606034181658,21.80322761620653,0 69.61804209158134,21.80216211669858,0 69.63182884190326,21.80318361667421,0 69.63285959174341,21.80818486648079,0 69.63301134122619,21.81446411657175,0 69.63287684180835,21.82361686690377,0 69.63195559134144,21.82783561634864,0 69.63462434186172,21.8296828664469,0 69.63672184114252,21.83306861642777,0 69.6450105912805,21.83685511668115,0 69.65298109196341,21.83715811657407,0 69.65687884145775,21.83489011615912,0 69.6651278414128,21.81228311611351,0 69.67600109199414,21.81112311662154,0 69.67507584191839,21.81563236646825,0 69.67630909131951,21.81924461691444,0 69.68280534161053,21.81986736632097,0 69.68772384175546,21.8191891165562,0 69.69096359165458,21.81581386670196,0 69.69165659142924,21.81019511610691,0 69.69566934152247,21.80852011620715,0 69.69846209186429,21.80624261627321,0 69.70119034195143,21.79567586654558,0 69.7065855918009,21.79586686669021,0 69.70914934138673,21.79672286649781,0 69.71373359203798,21.79348536633619,0 69.7186453414629,21.79767361678392,0 69.72394134181523,21.80465636686248,0 69.7250410919273,21.8092001169021,0 69.72502684135998,21.81888911624081,0 69.73194234189577,21.82438786673691,0 69.7348275919576,21.82860336686669,0 69.73962659205105,21.83198036673509,0 69.75128484203964,21.82751386697267,0 69.75921309165392,21.82195086667376,0 69.76720309136488,21.82090886656713,0 69.78856984155351,21.82418611662229,0 69.79863859208265,21.82357861621417,0 69.81176409204129,21.82388561623316,0 69.81490434164419,21.82305761645639,0 69.81629809182346,21.81977436656119,0 69.82055184153128,21.81838236672252,0 69.82921684157994,21.81751211682665,0 69.83340109173523,21.81640811645114,0 69.83325484147592,21.8137358669581,0 69.83407459153099,21.81189036674943,0 69.8386098418664,21.81224711690741,0 69.83872734223974,21.81718036644233,0 69.85544209138263,21.81956436683287,0 69.86382259153253,21.82154486623315,0 69.86704009138346,21.82390686649112,0 69.87090409143927,21.82848761629614,0 69.87474184145577,21.83040436655688,0 69.8842245918913,21.83239561661765,0 69.89002534194672,21.82980436615286,0 69.89454709163387,21.83114811688148,0 69.89580009211078,21.83377911649534,0 69.89882984228089,21.83695136629694,0 69.90467809167843,21.8398808663716,0 69.90971534134168,21.84413786681381,0 69.91252484200291,21.84963886676554,0 69.91257209173136,21.85526611623544,0 69.91220610214449,21.8568004775665,0 69.91036634188394,21.86451236624602,0 69.91178259184701,21.86888661703897,0 69.91651059143916,21.87348686657697,0 69.91378784147325,21.87524486627666,0 69.91543709229722,21.88060811681142,0 69.93088984229607,21.89086011632933,0 69.9310788420685,21.89516361669167,0 69.92409734219642,21.89826361655433,0 69.91921134163408,21.90150111645078,0 69.92067059209222,21.91185561628315,0 69.91818234212971,21.91895136625316,0 69.91754409152381,21.92555286634674,0 69.914692341906,21.92801286678895,0 69.91399359149517,21.92950961628352,0 69.91772984154498,21.9347241163999,0 69.91749009218492,21.9391306163729,0 69.92455059184137,21.93899361679906,0 69.92561984216407,21.94162136639567,0 69.92436384171688,21.94403361653392,0 69.92769984197004,21.94715636649655,0 69.92659309229283,21.95200786698678,0 69.92850384214,21.95614286644844,0 69.93134034190381,21.95965886654282,0 69.92852909224874,21.96367461645787,0 69.92340534163827,21.96569461690257,0 69.90909659178669,21.96583136703906,0 69.90409184145106,21.96822786691277,0 69.89831742215081,21.97313381906576,0 69.88798602978936,21.97534425864604,0 69.87400674614454,21.97870175773304,0 69.86012753501122,21.98240396841631,0 69.84635814104125,21.98644829354175,0 69.83270823304532,21.99083189384585,0 69.81918739916595,21.99555169386905,0 69.80580514070688,22.00060438063503,0 69.79257086363626,22.00598640750286,0 69.77949387219536,22.0116939954776,0 69.76658336594788,22.0177231392018,0 69.75384842802514,22.02406960341378,0 69.74129802377541,22.03072893258817,0 69.72894099169893,22.03769644933682,0 69.71678603957783,22.04496725939487,0 69.70484173408319,22.05253625435765,0 69.69311650170037,22.06039811608627,0 69.6816186163359,22.06854732017125,0 69.67035619655432,22.07697813827528,0 69.65933720061282,22.08568464387493,0 69.64856941979181,22.09466071519924,0 69.6380604714923,22.10390004081323,0 69.62781779735337,22.11339612198161,0 69.6178486553605,22.12314227816331,0 69.608160115879,22.13313165099164,0 69.59875905452597,22.14335721158513,0 69.58965215130095,22.15381176116786,0 69.58084588041801,22.16448793993073,0 69.57234651209934,22.17537822960821,0 69.56416010265031,22.18647495878089,0 69.55629249196981,22.19777031048038,0 69.54874930154577,22.20925632359104,0 69.54153592489885,22.22092490439603,0 69.53465752962467,22.23276782469749,0 69.52811905056788,22.24477673444154,0 69.52192518494238,22.25694316201175,0 69.51608039233058,22.26925852466639,0 69.51058888865946,22.28171413052974,0 69.50545464337117,22.29430118793609,0 69.50068137803397,22.30701080864502,0 69.50042805834568,22.30774771635821,0</coordinates></LinearRing></outerBoundaryIs>
        </Polygon>
        <Polygon>
          <extrude>0</extrude><altitudeMode>clampToGround</altitudeMode>
          <outerBoundaryIs><LinearRing><coordinates> 69.33799034137516,22.38043111684971,0 69.33894309099476,22.38564086682123,0 69.33572809157675,22.38854411717484,0 69.33390159162064,22.38862986732596,0 69.33051359141888,22.38677511747943,0 69.3233433417293,22.38288061684934,0 69.32377609088623,22.37994986671109,0 69.33072159092382,22.37655786687127,0 69.33361234136349,22.37513686746082,0 69.33799034137516,22.38043111684971,0</coordinates></LinearRing></outerBoundaryIs>
        </Polygon>
        <Polygon>
          <extrude>0</extrude><altitudeMode>clampToGround</altitudeMode>
          <outerBoundaryIs><LinearRing><coordinates> 69.47971357678223,22.3858577846582,0 69.47765280918034,22.39853639551029,0 69.47540009184104,22.39636261682184,0 69.47503409101732,22.39243186713004,0 69.47476634118681,22.38971286745542,0 69.47461609156612,22.38732536752175,0 69.47971357678223,22.3858577846582,0</coordinates></LinearRing></outerBoundaryIs>
        </Polygon>
        <Polygon>
          <extrude>0</extrude><altitudeMode>clampToGround</altitudeMode>
          <outerBoundaryIs><LinearRing><coordinates> 69.45040834138752,22.35935486696308,0 69.44410409128641,22.35759236693308,0 69.44172584152084,22.35693236670329,0 69.43819734176262,22.35705511668703,0 69.43623834182824,22.35768686701379,0 69.43408209170087,22.35698011737953,0 69.4343460912132,22.35493961740651,0 69.43640984125128,22.35390211748637,0 69.44057834094737,22.35261236673226,0 69.44166409132313,22.35256361669767,0 69.44450184118892,22.35244786714333,0 69.45296309148384,22.35213611739394,0 69.45509659136488,22.35534286721311,0 69.45507259177403,22.35646986690141,0 69.45040834138752,22.35935486696308,0</coordinates></LinearRing></outerBoundaryIs>
        </Polygon>
        <Polygon>
          <extrude>0</extrude><altitudeMode>clampToGround</altitudeMode>
          <outerBoundaryIs><LinearRing><coordinates> 69.49210124754137,22.33322364350746,0 69.4885608694668,22.34578488785873,0 69.48701852952954,22.35191767112265,0 69.48685734188838,22.35159111704596,0 69.48825434168974,22.34652761714996,0 69.48995334126361,22.34026436732978,0 69.49165334124896,22.33401936720147,0 69.49210124754137,22.33322364350746,0</coordinates></LinearRing></outerBoundaryIs>
        </Polygon>
        <Polygon>
          <extrude>0</extrude><altitudeMode>clampToGround</altitudeMode>
          <outerBoundaryIs><LinearRing><coordinates> 69.35319209143564,22.32390561681905,0 69.35382359161819,22.32565811746893,0 69.35446034121084,22.32828811724058,0 69.35395584114119,22.32894036663964,0 69.35173859177452,22.33002811693089,0 69.34790059163343,22.32862686728391,0 69.34751759170344,22.32559236676298,0 69.34755034145255,22.32391211712115,0 69.35253209121036,22.32204736709108,0 69.35319209143564,22.32390561681905,0</coordinates></LinearRing></outerBoundaryIs>
        </Polygon>
        <Polygon>
          <extrude>0</extrude><altitudeMode>clampToGround</altitudeMode>
          <outerBoundaryIs><LinearRing><coordinates> 69.42643409101909,22.2966358671362,0 69.42873484161723,22.29695386659102,0 69.43094109180457,22.29727661666488,0 69.43283509138624,22.29796061724063,0 69.43470784151692,22.29967936743157,0 69.43628034186759,22.30149261670663,0 69.4372543411892,22.30319011727652,0 69.43700609183763,22.30571161707723,0 69.43645284157481,22.30823461724736,0 69.43529184163475,22.31103161707103,0 69.43445284144769,22.31269936712316,0 69.43361034119353,22.31465286703736,0 69.43244434158706,22.3177288673238,0 69.43129484153496,22.32004411731967,0 69.42949134184113,22.31983036717743,0 69.42728984132096,22.31941561724568,0 69.42500234099197,22.31825386702623,0 69.42362259132985,22.31681861740186,0 69.42226059097712,22.31454911742771,0 69.42121209150888,22.31171536724413,0 69.42046509169813,22.30890036730964,0 69.41910384176269,22.30662411702792,0 69.41803884119355,22.30464086667644,0 69.41758959149989,22.30182136668004,0 69.41864334171757,22.29931261717527,0 69.42058734136877,22.29766211722532,0 69.42341484115879,22.29686311736583,0 69.42412559125825,22.29650661682588,0 69.42512934155837,22.29651686663825,0 69.42643409101909,22.2966358671362,0</coordinates></LinearRing></outerBoundaryIs>
        </Polygon>
        <Polygon>
          <extrude>0</extrude><altitudeMode>clampToGround</altitudeMode>
          <outerBoundaryIs><LinearRing><coordinates> 69.32759259125467,22.29826911717196,0 69.32921034158811,22.30115086720845,0 69.32422084162056,22.30147236723131,0 69.32427959083206,22.29984011718835,0 69.32433684096392,22.29655511714101,0 69.32759259125467,22.29826911717196,0</coordinates></LinearRing></outerBoundaryIs>
        </Polygon>
      </MultiGeometry>
    </Placemark>
    <Placemark id="ID_50003">
      <name>Jamnagar airfield</name>
      <Snippet></Snippet>
      <description><![CDATA[<html xmlns:fo="http://www.w3.org/1999/XSL/Format" xmlns:msxsl="urn:schemas-microsoft-com:xslt">
<head>
<META http-equiv="Content-Type" content="text/html">
<meta http-equiv="content-type" content="text/html; charset=UTF-8">
</head>
<body style="margin:0px 0px 0px 0px;overflow:auto;background:#FFFFFF;">
<table style="font-family:Arial,Verdana,Times;font-size:12px;text-align:left;width:100%;border-collapse:collapse;padding:3px 3px 3px 3px">
<tr style="text-align:center;font-weight:bold;background:#9CBCE2">
<td>Jamnagar airfield</td>
</tr>
<tr>
<td>
<table style="font-family:Arial,Verdana,Times;font-size:12px;text-align:left;width:100%;border-spacing:0px; padding:3px 3px 3px 3px">
<tr>
<td>FID</td>
<td>4</td>
</tr>
<tr bgcolor="#D4E4F3">
<td>FID_gujarat</td>
<td>27</td>
</tr>
<tr>
<td>STATE</td>
<td>Gujarat</td>
</tr>
<tr bgcolor="#D4E4F3">
<td>DISTRICT</td>
<td>Rajkot</td>
</tr>
<tr>
<td>RR</td>
<td>Rajkot (203-210)</td>
</tr>
<tr bgcolor="#D4E4F3">
<td>FID_Jamnagar_and_khambaliya_airfield_56km_1</td>
<td>1</td>
</tr>
<tr>
<td>NAME</td>
<td>Jamnagar airfield</td>
</tr>
<tr bgcolor="#D4E4F3">
<td>LAYER</td>
<td>Unknown Point Feature</td>
</tr>
<tr>
<td>KML_FOLDER</td>
<td>jamnagar and khambaliya airfield</td>
</tr>
<tr bgcolor="#D4E4F3">
<td>BUFF_DIST</td>
<td>56</td>
</tr>
<tr>
<td>ORIG_FID</td>
<td>1</td>
</tr>
</table>
</td>
</tr>
</table>
</body>
</html>
]]></description>
      <styleUrl>#PolyStyle40</styleUrl>
      <MultiGeometry>
        <Polygon>
          <extrude>0</extrude><altitudeMode>clampToGround</altitudeMode>
          <outerBoundaryIs><LinearRing><coordinates> 70.55446453418882,22.54420945720527,0 70.5541548376129,22.54620947377013,0 70.55171018839438,22.55947959591668,0 70.54915317157217,22.57143374214291,0 70.5468715925871,22.56428386731507,0 70.54696559259038,22.55965511698303,0 70.55227234226636,22.54719911762176,0 70.55446453418882,22.54420945720527,0</coordinates></LinearRing></outerBoundaryIs>
        </Polygon>
        <Polygon>
          <extrude>0</extrude><altitudeMode>clampToGround</altitudeMode>
          <outerBoundaryIs><LinearRing><coordinates> 70.55646142634325,22.53094573337822,0 70.54429009198844,22.53179411750218,0 70.53632609233776,22.52946511708429,0 70.53214709245766,22.51664286711859,0 70.52588859208947,22.51268736707589,0 70.52720109227216,22.5071868676451,0 70.53136459219289,22.49796836692331,0 70.53447284240389,22.49563686702284,0 70.54269009273001,22.49940986763558,0 70.54984909208274,22.50058811721822,0 70.55928017360958,22.50483364866524,0 70.55919410690379,22.50610221614678,0 70.55789801465444,22.51951131004527,0 70.55646142634325,22.53094573337822,0</coordinates></LinearRing></outerBoundaryIs>
        </Polygon>
        <Polygon>
          <extrude>0</extrude><altitudeMode>clampToGround</altitudeMode>
          <outerBoundaryIs><LinearRing><coordinates> 70.56041189769684,22.48482572962576,0 70.54066359197661,22.47790811679151,0 70.54375134285571,22.47245161725972,0 70.5497015924754,22.46629736744811,0 70.54961359227354,22.46219036737206,0 70.54606359259216,22.4605913668301,0 70.53399884242616,22.45757911757313,0 70.52737534255836,22.46397911723502,0 70.52071459201461,22.46506136681366,0 70.51679859215375,22.46426486723822,0 70.51368709264946,22.46521186729381,0 70.50705509276898,22.48138236712261,0 70.50110534250901,22.48926986760229,0 70.49662184250066,22.48565286725856,0 70.49509109201574,22.4750213669857,0 70.49653234239072,22.47015186730829,0 70.50271134232435,22.47041061692371,0 70.50323609250992,22.46619186694443,0 70.49686484285714,22.46390511677809,0 70.49895009188064,22.45371986753037,0 70.49514309281723,22.45101936689836,0 70.48591134229422,22.45053836756448,0 70.47926309204665,22.4532946170221,0 70.47415234252342,22.45858336674017,0 70.46858009237752,22.46768161738613,0 70.46546259253478,22.46781511692722,0 70.46257484269202,22.4651093669781,0 70.46150084200823,22.45870011744096,0 70.45840084236958,22.4506751167538,0 70.45258509234465,22.44902111683831,0 70.45938234202058,22.43974011683798,0 70.45802609244348,22.43795436691425,0 70.44522709265394,22.43315361692058,0 70.44508234242254,22.42881911754746,0 70.4521418422012,22.4229391170342,0 70.45969559202041,22.41857336710812,0 70.46263834219364,22.41983161750288,0 70.4682280923185,22.42477461750454,0 70.47079584226944,22.42545986757658,0 70.4759848427595,22.42415786675907,0 70.48204509214378,22.42632486756921,0 70.48730884257394,22.4269948667272,0 70.5031995922446,22.42726186729823,0 70.50588284200141,22.41470111694732,0 70.50250184265056,22.41206211742133,0 70.49008334265434,22.4102671170487,0 70.48602634220671,22.39438111680647,0 70.47863609264967,22.3843636167632,0 70.47336509274035,22.38126361754242,0 70.47358559255161,22.37629236727424,0 70.47765059255829,22.37169486730918,0 70.48446109259034,22.36617411737893,0 70.48989334255636,22.36452736694017,0 70.50612534231637,22.36190011747448,0 70.50955434249747,22.36304036703457,0 70.5124570927824,22.35857886675924,0 70.51649759267528,22.35959811719642,0 70.51854059247724,22.35460761738911,0 70.52738484284214,22.34085761743204,0 70.52131059236906,22.33666636704412,0 70.51604409202443,22.3346131172317,0 70.51467084282731,22.32947511721033,0 70.49692109261548,22.32233311747714,0 70.48931684241346,22.32752036732682,0 70.48082834212853,22.32767611698927,0 70.47233384211138,22.32662211667571,0 70.46859034191321,22.32293736674617,0 70.46886184229312,22.31686011729393,0 70.4702418427718,22.31234511679785,0 70.4740048425833,22.30764586684223,0 70.49159059201196,22.29721211715052,0 70.4971493423517,22.2871216169115,0 70.50375859247208,22.27910811666901,0 70.50870309270933,22.2684433673451,0 70.51254277062456,22.25933398147888,0 70.51725294062631,22.2692585245917,0 70.52274444439334,22.28171413017384,0 70.52787868949031,22.29430118777781,0 70.53265195497049,22.30701080895976,0 70.53706077313571,22.31983401826684,0 70.5411019278266,22.33276175577485,0 70.54477246357385,22.34578488838056,0 70.54806968225985,22.35889420868545,0 70.55099114812717,22.37208045050474,0 70.55353468928975,22.38533428719841,0 70.55569839926348,22.39864634251328,0 70.55748063774324,22.41200719870946,0 70.55888003485092,22.42540739689053,0 70.55989548953146,22.43883745124701,0 70.56052617175263,22.45228785106112,0 70.56077152347797,22.46574906621369,0 70.56063125909688,22.47921155980885,0 70.56041189769684,22.48482572962576,0</coordinates></LinearRing></outerBoundaryIs>
        </Polygon>
      </MultiGeometry>
    </Placemark>
    <Placemark id="ID_50004">
      <name>Khambaliya airfield</name>
      <Snippet></Snippet>
      <description><![CDATA[<html xmlns:fo="http://www.w3.org/1999/XSL/Format" xmlns:msxsl="urn:schemas-microsoft-com:xslt">
<head>
<META http-equiv="Content-Type" content="text/html">
<meta http-equiv="content-type" content="text/html; charset=UTF-8">
</head>
<body style="margin:0px 0px 0px 0px;overflow:auto;background:#FFFFFF;">
<table style="font-family:Arial,Verdana,Times;font-size:12px;text-align:left;width:100%;border-collapse:collapse;padding:3px 3px 3px 3px">
<tr style="text-align:center;font-weight:bold;background:#9CBCE2">
<td>Khambaliya airfield</td>
</tr>
<tr>
<td>
<table style="font-family:Arial,Verdana,Times;font-size:12px;text-align:left;width:100%;border-spacing:0px; padding:3px 3px 3px 3px">
<tr>
<td>FID</td>
<td>5</td>
</tr>
<tr bgcolor="#D4E4F3">
<td>FID_gujarat</td>
<td>30</td>
</tr>
<tr>
<td>STATE</td>
<td>Gujarat</td>
</tr>
<tr bgcolor="#D4E4F3">
<td>DISTRICT</td>
<td>Jamnagar</td>
</tr>
<tr>
<td>RR</td>
<td>Jamnagar (202-209)</td>
</tr>
<tr bgcolor="#D4E4F3">
<td>FID_Jamnagar_and_khambaliya_airfield_56km_1</td>
<td>0</td>
</tr>
<tr>
<td>NAME</td>
<td>Khambaliya airfield</td>
</tr>
<tr bgcolor="#D4E4F3">
<td>LAYER</td>
<td>Unknown Point Feature</td>
</tr>
<tr>
<td>KML_FOLDER</td>
<td>jamnagar and khambaliya airfield</td>
</tr>
<tr bgcolor="#D4E4F3">
<td>BUFF_DIST</td>
<td>56</td>
</tr>
<tr>
<td>ORIG_FID</td>
<td>0</td>
</tr>
</table>
</td>
</tr>
</table>
</body>
</html>
]]></description>
      <styleUrl>#PolyStyle40</styleUrl>
      <MultiGeometry>
        <Polygon>
          <extrude>0</extrude><altitudeMode>clampToGround</altitudeMode>
          <outerBoundaryIs><LinearRing><coordinates> 70.11902163483707,21.97002882545951,0 70.11712782959961,21.96967257476056,0 70.10290744229491,21.96736236827903,0 70.08862657258867,21.96540482937156,0 70.07429523923317,21.96380133067528,0 70.05992349285233,21.96255299771191,0 70.04552141375943,21.96166070445641,0 70.03109910040524,21.96112507896554,0 70.01666666654575,21.96094649532013,0 70.00223423263549,21.96112507854263,0 69.98781191947572,21.96166070519898,0 69.97340983950505,21.96255299759028,0 69.95903809378515,21.96380133080143,0 69.94470676024821,21.96540482933914,0 69.9304258911109,21.96736236883902,0 69.91620550289814,21.96967257458459,0 69.90205557358762,21.97233382673929,0 69.89831742215081,21.97313381906576,0 69.90409184145106,21.96822786691277,0 69.90909659178669,21.96583136703906,0 69.92340534163827,21.96569461690257,0 69.92852909224874,21.96367461645787,0 69.93134034190381,21.95965886654282,0 69.92850384214,21.95614286644844,0 69.92659309229283,21.95200786698678,0 69.92769984197004,21.94715636649655,0 69.92436384171688,21.94403361653392,0 69.92561984216407,21.94162136639567,0 69.92455059184137,21.93899361679906,0 69.91749009218492,21.9391306163729,0 69.91772984154498,21.9347241163999,0 69.91399359149517,21.92950961628352,0 69.914692341906,21.92801286678895,0 69.91754409152381,21.92555286634674,0 69.91818234212971,21.91895136625316,0 69.92067059209222,21.91185561628315,0 69.91921134163408,21.90150111645078,0 69.92409734219642,21.89826361655433,0 69.9310788420685,21.89516361669167,0 69.93088984229607,21.89086011632933,0 69.91543709229722,21.88060811681142,0 69.91378784147325,21.87524486627666,0 69.91651059143916,21.87348686657697,0 69.91178259184701,21.86888661703897,0 69.91036634188394,21.86451236624602,0 69.91220610214449,21.8568004775665,0 69.91257209173136,21.85526611623544,0 69.91252484200291,21.84963886676554,0 69.90971534134168,21.84413786681381,0 69.90467809167843,21.8398808663716,0 69.89882984228089,21.83695136629694,0 69.89580009211078,21.83377911649534,0 69.89454709163387,21.83114811688148,0 69.89002534194672,21.82980436615286,0 69.8842245918913,21.83239561661765,0 69.87474184145577,21.83040436655688,0 69.87090409143927,21.82848761629614,0 69.86704009138346,21.82390686649112,0 69.86382259153253,21.82154486623315,0 69.85544209138263,21.81956436683287,0 69.83872734223974,21.81718036644233,0 69.8386098418664,21.81224711690741,0 69.83407459153099,21.81189036674943,0 69.83325484147592,21.8137358669581,0 69.83340109173523,21.81640811645114,0 69.82921684157994,21.81751211682665,0 69.82055184153128,21.81838236672252,0 69.81629809182346,21.81977436656119,0 69.81712209218455,21.81351111616612,0 69.81546984138943,21.78655111631614,0 69.81306309185928,21.77420511621217,0 69.80983809181799,21.76789211672122,0 69.81192019061154,21.75927552797956,0 69.82046516620547,21.76155837686417,0 69.83421334167222,21.76560296192963,0 69.8478422005325,21.76998684250323,0 69.86134216849321,21.7747069431591,0 69.86526353204283,21.77619003024746,0 69.86952259199059,21.78057711665087,0 69.8713570992562,21.77849444624142,0 69.8747037597895,21.7797599492034,0 69.88791758113278,21.78514231474128,0 69.90097434125622,21.7908502604296,0 69.91386485619927,21.79687977717482,0 69.9265800534566,21.80322663242685,0 69.93911098341553,21.80988636894648,0 69.95144881812708,21.8168543071682,0 69.96358486494431,21.82412555302948,0 69.97551056839228,21.83169499787222,0 69.98721751653034,21.8395573222159,0 69.998697446318,21.84770700035715,0 70.00994225287121,21.85613830434363,0 70.02094398842905,21.86484530547316,0 70.03169487422799,21.87382188201772,0 70.04218730521197,21.88306172111881,0 70.05241385170562,21.89255832315822,0 70.0623672658588,21.90230500645601,0 70.07204049089563,21.91229491305506,0 70.081426659184,21.92252101108465,0 70.09051910423941,21.93297610252706,0 70.0993113588321,21.943652825599,0 70.10779716716783,21.95454366076164,0 70.11597047983562,21.96564093736519,0 70.11902163483707,21.97002882545951,0</coordinates></LinearRing></outerBoundaryIs>
        </Polygon>
      </MultiGeometry>
    </Placemark>
    <Placemark id="ID_50005">
      <name>Jamnagar airfield</name>
      <Snippet></Snippet>
      <description><![CDATA[<html xmlns:fo="http://www.w3.org/1999/XSL/Format" xmlns:msxsl="urn:schemas-microsoft-com:xslt">
<head>
<META http-equiv="Content-Type" content="text/html">
<meta http-equiv="content-type" content="text/html; charset=UTF-8">
</head>
<body style="margin:0px 0px 0px 0px;overflow:auto;background:#FFFFFF;">
<table style="font-family:Arial,Verdana,Times;font-size:12px;text-align:left;width:100%;border-collapse:collapse;padding:3px 3px 3px 3px">
<tr style="text-align:center;font-weight:bold;background:#9CBCE2">
<td>Jamnagar airfield</td>
</tr>
<tr>
<td>
<table style="font-family:Arial,Verdana,Times;font-size:12px;text-align:left;width:100%;border-spacing:0px; padding:3px 3px 3px 3px">
<tr>
<td>FID</td>
<td>6</td>
</tr>
<tr bgcolor="#D4E4F3">
<td>FID_gujarat</td>
<td>30</td>
</tr>
<tr>
<td>STATE</td>
<td>Gujarat</td>
</tr>
<tr bgcolor="#D4E4F3">
<td>DISTRICT</td>
<td>Jamnagar</td>
</tr>
<tr>
<td>RR</td>
<td>Jamnagar (202-209)</td>
</tr>
<tr bgcolor="#D4E4F3">
<td>FID_Jamnagar_and_khambaliya_airfield_56km_1</td>
<td>1</td>
</tr>
<tr>
<td>NAME</td>
<td>Jamnagar airfield</td>
</tr>
<tr bgcolor="#D4E4F3">
<td>LAYER</td>
<td>Unknown Point Feature</td>
</tr>
<tr>
<td>KML_FOLDER</td>
<td>jamnagar and khambaliya airfield</td>
</tr>
<tr bgcolor="#D4E4F3">
<td>BUFF_DIST</td>
<td>56</td>
</tr>
<tr>
<td>ORIG_FID</td>
<td>1</td>
</tr>
</table>
</td>
</tr>
</table>
</body>
</html>
]]></description>
      <styleUrl>#PolyStyle40</styleUrl>
      <MultiGeometry>
        <Polygon>
          <extrude>0</extrude><altitudeMode>clampToGround</altitudeMode>
          <outerBoundaryIs><LinearRing><coordinates> 70.54915317157217,22.57143374214291,0 70.54888557657581,22.5726845042396,0 70.54568289923158,22.58581481883374,0 70.54210432476597,22.59886121320003,0 70.53815228932983,22.61181441509403,0 70.53382949910375,22.62466521848125,0 70.52913892176083,22.63740448585799,0 70.52408379383749,22.65002315609132,0 70.51866761161401,22.66251225385474,0 70.5128941302421,22.67486289157777,0 70.50676736524697,22.68706627780684,0 70.50029158354732,22.69911372398312,0 70.49347130600667,22.71099665109388,0 70.4863113034677,22.72270659321718,0 70.47881659030018,22.73423520804371,0 70.47099242538033,22.74557427807401,0 70.46284430374375,22.75671572012252,0 70.45437795922651,22.76765158930441,0 70.44559935340145,22.77837408567821,0 70.43651467700596,22.78887556082735,0 70.42713034300345,22.79914852031028,0 70.41745298303566,22.80918563168975,0 70.40949821718451,22.81700532984917,0 70.40377584246815,22.8150991174801,0 70.40329184193884,22.81420111789428,0 70.39435134273346,22.80731811761004,0 70.38705234199792,22.79462086717359,0 70.38245784199249,22.7866006177441,0 70.38199284211075,22.78615811771199,0 70.37901859274086,22.78660636707016,0 70.37832384239717,22.78678386764683,0 70.37752884207627,22.79061186773073,0 70.37684134203167,22.79783811712362,0 70.37829809206116,22.80757461773166,0 70.37875509270003,22.8084966173226,0 70.3792543420238,22.8082768675584,0 70.37948709205942,22.8094036171066,0 70.38172034232413,22.8237668679213,0 70.38206384233887,22.82592736761037,0 70.38185432155406,22.84189503617137,0 70.37595328605367,22.84683489957556,0 70.36491757302106,22.85558880508644,0 70.3540075485633,22.86378515408918,0 70.35243809206014,22.85669486736967,0 70.35164609222227,22.85296436725529,0 70.34763159251173,22.8443058672443,0 70.33815534230861,22.83152986783785,0 70.3344040923273,22.8234046171846,0 70.3257603420965,22.80437261782086,0 70.32266384236377,22.79934836775828,0 70.32098184205994,22.79739986706218,0 70.31966709201176,22.78849286756875,0 70.31935459215744,22.77865561771196,0 70.32004209183098,22.762652367049,0 70.31853809256022,22.75854636785695,0 70.31253459175298,22.75386011749341,0 70.30323334232592,22.74759661779298,0 70.29727334190078,22.73983236740846,0 70.29124084223498,22.73037636746814,0 70.28220284186543,22.72952961753399,0 70.28097959263897,22.72862061730489,0 70.28041384255972,22.72856836739735,0 70.27804284245758,22.72647361732778,0 70.27413484175456,22.72688286736828,0 70.26889709209722,22.72647761726343,0 70.26359509207275,22.72393161732855,0 70.26364284225444,22.72052436721305,0 70.2702858418829,22.71562336764438,0 70.2704135919104,22.70637011744373,0 70.27155759239298,22.7059036173802,0 70.27207709241267,22.70590686699559,0 70.27287184180896,22.70575486756514,0 70.2740645925613,22.70526611744167,0 70.27801334197163,22.70193136699969,0 70.28047109244149,22.69924886726561,0 70.28130059251049,22.69291786730407,0 70.28032859250848,22.69177811759142,0 70.27742334208966,22.6910563673021,0 70.27307634229524,22.68919486755485,0 70.27360709216181,22.68651086751149,0 70.27974809184396,22.68371386698332,0 70.28341309199209,22.68141086701789,0 70.28345434248307,22.67824786741017,0 70.28054734260998,22.6759526178392,0 70.27663759186078,22.67637111743023,0 70.27051709200452,22.67946236722112,0 70.26609784247376,22.68437686766562,0 70.25499709260551,22.68159411758356,0 70.2539610924325,22.68128286718082,0 70.2537318417351,22.67992536755064,0 70.25538284221601,22.67519536711769,0 70.25663434173214,22.67385236771398,0 70.25889259198355,22.66064761737217,0 70.25899287939909,22.65992257416022,0 70.2591405925865,22.65885461753174,0 70.25856734207282,22.65567761703661,0 70.24023684234241,22.63804036712835,0 70.23274484171054,22.63512136729793,0 70.23042734229037,22.63486811713271,0 70.22728059185205,22.62510611738537,0 70.21846859237473,22.61755786743403,0 70.21783409211776,22.61697236765648,0 70.21225734195703,22.61338911731108,0 70.21197334256308,22.60729561764912,0 70.21507934210726,22.60255636758991,0 70.21452909219495,22.59952136732645,0 70.2126938423485,22.60006961757635,0 70.20515759170972,22.60901011701148,0 70.20082459220312,22.60780236691351,0 70.19981959180404,22.6073543674227,0 70.19838459217094,22.60597636708263,0 70.19571109168838,22.58922086726814,0 70.20133309231275,22.58635211745163,0 70.20862884238795,22.58733611707426,0 70.20937834182534,22.58509336727291,0 70.2093933418702,22.58396611690992,0 70.20471809194753,22.58097136708923,0 70.20492534207003,22.57853886766439,0 70.20642034231972,22.57609536727776,0 70.20660309199435,22.57531586764623,0 70.20613859184755,22.57329211692008,0 70.20324384231029,22.57187536705026,0 70.20300109199994,22.57199561721183,0 70.19076209204373,22.57806311711024,0 70.18823034212322,22.57713536708177,0 70.1834463424062,22.56974886762443,0 70.1808633424305,22.56573986732521,0 70.1770235920619,22.54646261751587,0 70.17381334241271,22.54145536688846,0 70.17187209239329,22.54074786754029,0 70.16878284194514,22.54252011728316,0 70.16003234228243,22.54502511684979,0 70.15667684241845,22.54512086683349,0 70.14949009240678,22.54351586757697,0 70.14775634208971,22.54143961687665,0 70.14779934252225,22.53856061714171,0 70.14917909238712,22.53604311709585,0 70.14968734223298,22.53338586685386,0 70.15279734167378,22.52510886678509,0 70.15413584210349,22.52303161752022,0 70.1509168418666,22.52362986708756,0 70.14232009222702,22.52911311723692,0 70.14018034185628,22.5304136172967,0 70.13646634159993,22.53624911724462,0 70.13476659206151,22.53599536682983,0 70.13198009156517,22.53391961746845,0 70.13257759216062,22.5270273674985,0 70.12786984179617,22.52658436747227,0 70.12323659209606,22.52610911683733,0 70.12252809246151,22.52565686728835,0 70.12211334161506,22.52023511679941,0 70.12138226776202,22.51950847598982,0 70.12557911757331,22.51341640969936,0 70.13306229480894,22.50188771308954,0 70.14021131537972,22.490177677621,0 70.14702117162838,22.4782946453264,0 70.15348709965335,22.46624708049336,0 70.15960458542048,22.45404356359751,0 70.16536936540287,22.44169278129597,0 70.17077743222615,22.42920352568315,0 70.17582503253958,22.41658468231758,0 70.18050867555078,22.40384522878767,0 70.18482512873636,22.39099422527581,0 70.1887714277062,22.37804080787016,0 70.19234486859537,22.36499418426641,0 70.19554301905174,22.35186362449015,0 70.19836371147774,22.33865845756115,0 70.20080505023499,22.32538806108042,0 70.20286540976214,22.3120618564548,0 70.20454343751673,22.29868930356286,0 70.20583805145723,22.28527989149345,0 70.20674844309586,22.27184313145217,0 70.20727407821788,22.25838855487184,0 70.20741469276687,22.24492569961152,0 70.20717029837975,22.2314641075183,0 70.20654117858727,22.21801331869576,0 70.20552788821142,22.20458286153819,0 70.20413125527152,22.19118224740363,0 70.202352376352,22.1778209630755,0 70.2001926193155,22.16450846729613,0 70.1976536199606,22.15125417887773,0 70.19473727894588,22.13806747376265,0 70.19144576368272,22.12495767975252,0 70.18778150601337,22.11193406383113,0 70.18374719695984,22.09900583268178,0 70.17934578617673,22.0861821219369,0 70.17458048385231,22.07347199095491,0 70.16945475125898,22.06088441595666,0 70.16397230157877,22.04842828653745,0 70.15813709652322,22.03611239477428,0 70.15195334615328,22.02394543258563,0 70.14542550143749,22.011935984157,0 70.1385582504239,22.00009252129495,0 70.13135651945402,21.98842339556315,0 70.12382546731806,21.97693683530678,0 70.11902163483707,21.97002882545951,0 70.13127775987743,21.97233382703154,0 70.14534730293956,21.97534425845163,0 70.15932658701745,21.97870175826911,0 70.1732057977483,21.982403968678,0 70.18697519252967,21.98644829360033,0 70.20062510062691,21.99083189402496,0 70.21414593396457,21.99555169386626,0 70.22752819263786,22.00060438011475,0 70.24076247010341,22.00598640742335,0 70.25383946083568,22.01169399571909,0 70.26674996712283,22.01772313935104,0 70.27948490492885,22.02406960368677,0 70.29203530984785,22.03072893331046,0 70.30439234103552,22.03769644938233,0 70.31654729380394,22.04496725916837,0 70.32849159876827,22.05253625397613,0 70.34021683183219,22.06039811583789,0 70.35171471684811,22.06854732014355,0 70.36297713693733,22.07697813795447,0 70.37399613297991,22.08568464372118,0 70.3847639141608,22.09466071576852,0 70.39527286153407,22.10390004078662,0 70.40551553515051,22.11339612213035,0 70.41548467718148,22.12314227804541,0 70.42517321711534,22.13313165074478,0 70.43457427819693,22.14335721200369,0 70.44368118251741,22.15381176153315,0 70.45248745307691,22.16448794033408,0 70.46098682081885,22.17537822921332,0 70.46917323081247,22.18647495885365,0 70.47704084054102,22.19777031045133,0 70.48458403204164,22.209256323516,0 70.49179740771622,22.22092490439747,0 70.49867580317475,22.23276782522482,0 70.50521428294141,22.24477673423134,0 70.51140814795545,22.25694316239806,0 70.51254277062456,22.25933398147888,0 70.50870309270933,22.2684433673451,0 70.50375859247208,22.27910811666901,0 70.4971493423517,22.2871216169115,0 70.49159059201196,22.29721211715052,0 70.4740048425833,22.30764586684223,0 70.4702418427718,22.31234511679785,0 70.46886184229312,22.31686011729393,0 70.46859034191321,22.32293736674617,0 70.47233384211138,22.32662211667571,0 70.48082834212853,22.32767611698927,0 70.48931684241346,22.32752036732682,0 70.49692109261548,22.32233311747714,0 70.51467084282731,22.32947511721033,0 70.51604409202443,22.3346131172317,0 70.52131059236906,22.33666636704412,0 70.52738484284214,22.34085761743204,0 70.51854059247724,22.35460761738911,0 70.51649759267528,22.35959811719642,0 70.5124570927824,22.35857886675924,0 70.50955434249747,22.36304036703457,0 70.50612534231637,22.36190011747448,0 70.48989334255636,22.36452736694017,0 70.48446109259034,22.36617411737893,0 70.47765059255829,22.37169486730918,0 70.47358559255161,22.37629236727424,0 70.47336509274035,22.38126361754242,0 70.47863609264967,22.3843636167632,0 70.48602634220671,22.39438111680647,0 70.49008334265434,22.4102671170487,0 70.50250184265056,22.41206211742133,0 70.50588284200141,22.41470111694732,0 70.5031995922446,22.42726186729823,0 70.48730884257394,22.4269948667272,0 70.48204509214378,22.42632486756921,0 70.4759848427595,22.42415786675907,0 70.47079584226944,22.42545986757658,0 70.4682280923185,22.42477461750454,0 70.46263834219364,22.41983161750288,0 70.45969559202041,22.41857336710812,0 70.4521418422012,22.4229391170342,0 70.44508234242254,22.42881911754746,0 70.44522709265394,22.43315361692058,0 70.45802609244348,22.43795436691425,0 70.45938234202058,22.43974011683798,0 70.45258509234465,22.44902111683831,0 70.45840084236958,22.4506751167538,0 70.46150084200823,22.45870011744096,0 70.46257484269202,22.4651093669781,0 70.46546259253478,22.46781511692722,0 70.46858009237752,22.46768161738613,0 70.47415234252342,22.45858336674017,0 70.47926309204665,22.4532946170221,0 70.48591134229422,22.45053836756448,0 70.49514309281723,22.45101936689836,0 70.49895009188064,22.45371986753037,0 70.49686484285714,22.46390511677809,0 70.50323609250992,22.46619186694443,0 70.50271134232435,22.47041061692371,0 70.49653234239072,22.47015186730829,0 70.49509109201574,22.4750213669857,0 70.49662184250066,22.48565286725856,0 70.50110534250901,22.48926986760229,0 70.50705509276898,22.48138236712261,0 70.51368709264946,22.46521186729381,0 70.51679859215375,22.46426486723822,0 70.52071459201461,22.46506136681366,0 70.52737534255836,22.46397911723502,0 70.53399884242616,22.45757911757313,0 70.54606359259216,22.4605913668301,0 70.54961359227354,22.46219036737206,0 70.5497015924754,22.46629736744811,0 70.54375134285571,22.47245161725972,0 70.54066359197661,22.47790811679151,0 70.56041189769684,22.48482572962576,0 70.56010536672345,22.49266578926038,0 70.55928017360958,22.50483364866524,0 70.54984909208274,22.50058811721822,0 70.54269009273001,22.49940986763558,0 70.53447284240389,22.49563686702284,0 70.53136459219289,22.49796836692331,0 70.52720109227216,22.5071868676451,0 70.52588859208947,22.51268736707589,0 70.53214709245766,22.51664286711859,0 70.53632609233776,22.52946511708429,0 70.54429009198844,22.53179411750218,0 70.55646142634325,22.53094573337822,0 70.55621789719561,22.5328835583433,0 70.55446453418882,22.54420945720527,0 70.55227234226636,22.54719911762176,0 70.54696559259038,22.55965511698303,0 70.5468715925871,22.56428386731507,0 70.54915317157217,22.57143374214291,0</coordinates></LinearRing></outerBoundaryIs>
        </Polygon>
        <Polygon>
          <extrude>0</extrude><altitudeMode>clampToGround</altitudeMode>
          <outerBoundaryIs><LinearRing><coordinates> 70.1126531073491,22.53175938832879,0 70.11474159241601,22.53459036765543,0 70.11448134179302,22.53704686754151,0 70.11382134235926,22.54163211771356,0 70.11354759247109,22.54357786752499,0 70.11095759216587,22.54327261719713,0 70.10586696333468,22.54076765293097,0 70.10963153183398,22.53589705071987,0 70.1126531073491,22.53175938832879,0</coordinates></LinearRing></outerBoundaryIs>
        </Polygon>
      </MultiGeometry>
    </Placemark>
    <Placemark id="ID_50006">
      <name>Khambaliya airfield</name>
      <Snippet></Snippet>
      <description><![CDATA[<html xmlns:fo="http://www.w3.org/1999/XSL/Format" xmlns:msxsl="urn:schemas-microsoft-com:xslt">
<head>
<META http-equiv="Content-Type" content="text/html">
<meta http-equiv="content-type" content="text/html; charset=UTF-8">
</head>
<body style="margin:0px 0px 0px 0px;overflow:auto;background:#FFFFFF;">
<table style="font-family:Arial,Verdana,Times;font-size:12px;text-align:left;width:100%;border-collapse:collapse;padding:3px 3px 3px 3px">
<tr style="text-align:center;font-weight:bold;background:#9CBCE2">
<td>Khambaliya airfield</td>
</tr>
<tr>
<td>
<table style="font-family:Arial,Verdana,Times;font-size:12px;text-align:left;width:100%;border-spacing:0px; padding:3px 3px 3px 3px">
<tr>
<td>FID</td>
<td>7</td>
</tr>
<tr bgcolor="#D4E4F3">
<td>FID_gujarat</td>
<td>22</td>
</tr>
<tr>
<td>STATE</td>
<td>Gujarat</td>
</tr>
<tr bgcolor="#D4E4F3">
<td>DISTRICT</td>
<td>Devbhumi Dwarka</td>
</tr>
<tr>
<td>RR</td>
<td>Devbhumi Dwarka (204-209)</td>
</tr>
<tr bgcolor="#D4E4F3">
<td>FID_Jamnagar_and_khambaliya_airfield_56km_1</td>
<td>0</td>
</tr>
<tr>
<td>NAME</td>
<td>Khambaliya airfield</td>
</tr>
<tr bgcolor="#D4E4F3">
<td>LAYER</td>
<td>Unknown Point Feature</td>
</tr>
<tr>
<td>KML_FOLDER</td>
<td>jamnagar and khambaliya airfield</td>
</tr>
<tr bgcolor="#D4E4F3">
<td>BUFF_DIST</td>
<td>56</td>
</tr>
<tr>
<td>ORIG_FID</td>
<td>0</td>
</tr>
</table>
</td>
</tr>
</table>
</body>
</html>
]]></description>
      <styleUrl>#PolyStyle40</styleUrl>
      <MultiGeometry>
        <Polygon>
          <extrude>0</extrude><altitudeMode>clampToGround</altitudeMode>
          <outerBoundaryIs><LinearRing><coordinates> 69.7240378415233,22.46053936679625,0 69.7273200913418,22.4645216174285,0 69.72844459159619,22.46658011679976,0 69.72909259132307,22.46752886744055,0 69.73048959203771,22.46959211703993,0 69.73021159210087,22.47000486708767,0 69.73034759133911,22.47487661685161,0 69.72912559170184,22.47554361723941,0 69.72487009205456,22.4746823669484,0 69.71927834160249,22.46861861673623,0 69.71918109186566,22.46716961722429,0 69.71885334165783,22.46199411744595,0 69.71895334139811,22.46069011698208,0 69.72171059135147,22.45953661739242,0 69.72260634147018,22.45916586695219,0 69.7240378415233,22.46053936679625,0</coordinates></LinearRing></outerBoundaryIs>
        </Polygon>
        <Polygon>
          <extrude>0</extrude><altitudeMode>clampToGround</altitudeMode>
          <outerBoundaryIs><LinearRing><coordinates> 69.64169084120573,22.44907436720919,0 69.63242334119309,22.45407286679871,0 69.62948509111878,22.45834186716326,0 69.62811934190063,22.4601616174975,0 69.61965334153544,22.45889561744604,0 69.61366559171022,22.45450586741991,0 69.61546784164531,22.44775911756157,0 69.61386559147539,22.44364486728192,0 69.61118634110419,22.44452486752528,0 69.61019234183811,22.44497136679044,0 69.60959459204467,22.45058686695074,0 69.60836834198834,22.4514581176124,0 69.58962459111827,22.44192586752749,0 69.58967184121721,22.44130136701091,0 69.58748959169914,22.43974086696704,0 69.586540841079,22.43765861681944,0 69.58744159116492,22.4356066167121,0 69.58871459133925,22.43355711727677,0 69.5914668414992,22.43119611751544,0 69.59309634179137,22.42984286697695,0 69.59473809143128,22.42780486677805,0 69.59563634167434,22.42575261757925,0 69.59874359151577,22.42441761721559,0 69.60099534166508,22.42338386684803,0 69.60680359143507,22.41867586734731,0 69.61849509152802,22.41538911707133,0 69.62904059109883,22.41027361709956,0 69.63042959143206,22.40965811685009,0 69.6343043418746,22.40793211746399,0 69.64301659170344,22.41576161757526,0 69.64995784197059,22.4219876167475,0 69.65197259119488,22.42378711688132,0 69.65325584181839,22.42642286699929,0 69.65301284132882,22.42754861713619,0 69.65148909147922,22.42876436718752,0 69.64970134201936,22.43077911699765,0 69.64927509192175,22.43111461677787,0 69.64048484155897,22.43412011709517,0 69.63632434183187,22.43768911750596,0 69.63616859112518,22.43949711701196,0 69.64413209135228,22.44107386699956,0 69.64471309161988,22.44301536696224,0 69.64440884129733,22.44347236737503,0 69.6440180916096,22.44461336721128,0 69.64169084120573,22.44907436720919,0</coordinates></LinearRing></outerBoundaryIs>
        </Polygon>
        <Polygon>
          <extrude>0</extrude><altitudeMode>clampToGround</altitudeMode>
          <outerBoundaryIs><LinearRing><coordinates> 69.71477934175812,22.44128686696995,0 69.71588409119762,22.44977586718286,0 69.71608634149237,22.45102211700931,0 69.71627459123114,22.45431186702945,0 69.71580934213564,22.45552186702752,0 69.71433584135534,22.45926161759045,0 69.71261309206906,22.46036086729684,0 69.70854209130052,22.45915161678048,0 69.70161259167232,22.45063986701798,0 69.70125034191155,22.45019511699716,0 69.70128934129239,22.44815561744492,0 69.7045948418544,22.44665886677516,0 69.70352984154863,22.44010386723811,0 69.70612759184938,22.43958386722225,0 69.70742159193541,22.43967186728412,0 69.70878984178781,22.4397926175892,0 69.71261859149445,22.43943686757266,0 69.7135938413405,22.43991386734234,0 69.71477934175812,22.44128686696995,0</coordinates></LinearRing></outerBoundaryIs>
        </Polygon>
        <Polygon>
          <extrude>0</extrude><altitudeMode>clampToGround</altitudeMode>
          <outerBoundaryIs><LinearRing><coordinates> 69.53031634172839,22.3798968669116,0 69.53256234147449,22.38367786678777,0 69.53966134140843,22.38638936716748,0 69.54027259118523,22.39317536730156,0 69.53585734172253,22.3958148672425,0 69.53548884131096,22.40212461705688,0 69.53343984152443,22.4035361173136,0 69.52886759132704,22.40676461746525,0 69.52853184135054,22.41275586741557,0 69.52810159150044,22.42029836728471,0 69.52672034180875,22.42235611721903,0 69.52586884168905,22.42300811725929,0 69.51588084138031,22.42540636722985,0 69.51538584150344,22.42554061677948,0 69.50995109104157,22.42455686691251,0 69.50633134155608,22.42314036734663,0 69.50600184125042,22.42108861677298,0 69.50727234195892,22.41794111682345,0 69.51527559188862,22.41447086725606,0 69.51714059099029,22.41371861732784,0 69.51766384123741,22.41347561701967,0 69.51772859117963,22.41009886683123,0 69.516938591014,22.40487436741327,0 69.51624434103466,22.40393761671155,0 69.51612384128363,22.40237611672859,0 69.51589509169773,22.4002113672163,0 69.51723559174306,22.39853886743878,0 69.51901009191582,22.39473136715065,0 69.519614091276,22.3928298674132,0 69.51992484192954,22.39192361725983,0 69.52191934129762,22.38970536704701,0 69.5231438414403,22.38882561681017,0 69.52326559191147,22.38768011698449,0 69.52371584127818,22.38342086688546,0 69.52418109166543,22.38179586739723,0 69.52583309137292,22.38109111699996,0 69.52713134156696,22.38018861754199,0 69.52986659107586,22.37897236684124,0 69.53031634172839,22.3798968669116,0</coordinates></LinearRing></outerBoundaryIs>
        </Polygon>
        <Polygon>
          <extrude>0</extrude><altitudeMode>clampToGround</altitudeMode>
          <outerBoundaryIs><LinearRing><coordinates> 69.76014684192252,22.42496561709535,0 69.75806884159616,22.42329261714251,0 69.75768409190783,22.42262511728684,0 69.75708609151775,22.42151386750742,0 69.75383609199608,22.41566761740852,0 69.75203734176301,22.41553186727083,0 69.74645184135053,22.41611336686419,0 69.74394809123883,22.41699136703543,0 69.74349534182309,22.41735311686774,0 69.74130434213798,22.41851511677428,0 69.74019884175038,22.42529861672004,0 69.73939759195613,22.42601961728585,0 69.73846359139509,22.42707111706704,0 69.7367100919173,22.42724286710796,0 69.72701534191975,22.42603086688926,0 69.72505109181695,22.4269246171702,0 69.72391684164062,22.42686136727717,0 69.72081109146488,22.43652736691964,0 69.71870984178706,22.43796311744154,0 69.71701709181725,22.43748561713074,0 69.71583184117452,22.43611286755421,0 69.71576659206038,22.43151361744984,0 69.71612309186374,22.42947261698334,0 69.71691434202449,22.42528461681973,0 69.71740509182428,22.42267336713386,0 69.71670084166196,22.4219701175694,0 69.71355234139257,22.42151136746775,0 69.70790284127011,22.42176411753429,0 69.70449984132595,22.42283636731614,0 69.70070809126436,22.42105761743964,0 69.7009135913913,22.41784986755167,0 69.70116184162356,22.41649361669063,0 69.70338934124609,22.41471386704927,0 69.70471609164518,22.41365711717124,0 69.70516084129102,22.40665336739481,0 69.70539884139897,22.40303036697788,0 69.70766109126959,22.39922886690248,0 69.70809409147647,22.39574361710033,0 69.7085015912772,22.39223836730374,0 69.70092759135734,22.38127336684001,0 69.70013809207001,22.3770866173573,0 69.69733834151018,22.37782111712179,0 69.69754334152596,22.38010136706682,0 69.69724184188442,22.38046386703131,0 69.69481634170442,22.38365861694997,0 69.68633459202412,22.38520361721225,0 69.67535209189455,22.39387211689247,0 69.67160934205005,22.39214661750821,0 69.66843209126075,22.39074111702223,0 69.66571959173588,22.39017711749213,0 69.66351309159825,22.38710486737867,0 69.66273784201385,22.3768191167817,0 69.66161309199958,22.37218211724068,0 69.65953409158413,22.36297986698771,0 69.65816784165715,22.35688161695191,0 69.65811409189716,22.35304261681944,0 69.66074559169292,22.34787086701013,0 69.66149784138425,22.34723686721311,0 69.66292434158464,22.3459498668881,0 69.66790859186743,22.34164036702378,0 69.66820459116585,22.33893061698444,0 69.66461284145906,22.33581886719526,0 69.66489309183274,22.33402886732102,0 69.6654255914774,22.33165136720003,0 69.6647003413546,22.33097411659349,0 69.66274259147042,22.33160861671455,0 69.64269034138357,22.34034861726314,0 69.64223459161408,22.34507136737392,0 69.64237159145796,22.34562786704193,0 69.64411109166157,22.35029086690787,0 69.64360259172769,22.3511998671678,0 69.64082234134786,22.35485411723715,0 69.63909759144127,22.35623836710241,0 69.63694484152491,22.35798311744901,0 69.63089959194791,22.36103511747788,0 69.61794209132697,22.36708311745373,0 69.61674259153195,22.36659686728149,0 69.61555184132759,22.36568661714323,0 69.61533309111505,22.36409761740017,0 69.61581409116316,22.3608191172589,0 69.61638859194463,22.3594898671762,0 69.61789659203504,22.35621261680383,0 69.61892509188139,22.35388311703433,0 69.61994584124665,22.3452713669083,0 69.61998559167749,22.34317636732569,0 69.62094409205152,22.33791111692877,0 69.62232909177429,22.33499236676678,0 69.62224134120257,22.33165836690188,0 69.61941459157799,22.32729886723298,0 69.61291909171624,22.32381786694178,0 69.61202809203037,22.32148136686913,0 69.61116234128274,22.31360986736629,0 69.60301109141305,22.31586961729831,0 69.59299059112362,22.30869986739033,0 69.59273259143622,22.30798286723403,0 69.5918735912058,22.3064973673121,0 69.59241234164659,22.30364986672773,0 69.59546434145712,22.30129361676227,0 69.59659184197929,22.29830886734603,0 69.59641059106347,22.29650336724347,0 69.59424259161385,22.29766261691742,0 69.59076184155592,22.3000191172207,0 69.58880734177936,22.30098761721228,0 69.58711609157488,22.29955336700091,0 69.58586109125744,22.29752836676689,0 69.58418934115171,22.29510061664075,0 69.582229841822,22.29647486665461,0 69.58197659129966,22.29847436739307,0 69.57841659183993,22.30503011665343,0 69.57618684166954,22.30920336717527,0 69.57144984148574,22.30972836688327,0 69.56608009129941,22.30963686691846,0 69.56393009126717,22.30959936672845,0 69.56364984145588,22.31320786740771,0 69.56397459154937,22.31862136724872,0 69.56405384184157,22.32070836700563,0 69.56530334152886,22.3288328668994,0 69.56528459120706,22.33388811736166,0 69.56446759154927,22.33539161740434,0 69.56340434123038,22.33765161699096,0 69.56055159152081,22.33898686744913,0 69.55753934111721,22.34076361705123,0 69.5542783417505,22.3425186167946,0 69.55275859186536,22.34368736729703,0 69.5518505915357,22.34608036707106,0 69.54968309143784,22.34725061685596,0 69.54690934173315,22.34600636730416,0 69.54475909170087,22.34596611663303,0 69.54004859121933,22.3476943673041,0 69.52618659194624,22.35733936691313,0 69.52442584179397,22.35921836714757,0 69.5201950909746,22.3572403672865,0 69.51122284174802,22.36101711675662,0 69.50368209121174,22.36336961665631,0 69.5014350909708,22.36354361716528,0 69.49712309133653,22.36384411730009,0 69.48875409117049,22.35506711720677,0 69.48810459096354,22.35432036703236,0 69.48756159187644,22.35301786709976,0 69.48701852952954,22.35191767112265,0 69.4885608694668,22.34578488785873,0 69.49210124754137,22.33322364350746,0 69.49499234144984,22.32808711701277,0 69.49744209122488,22.32371311667953,0 69.50090734182045,22.32037661671511,0 69.50562559142924,22.31480511714475,0 69.50597659103643,22.31315186692368,0 69.50551459164994,22.3115803673816,0 69.50570184181541,22.31076236699395,0 69.50502034163301,22.31038286687248,0 69.50042805834568,22.30774771635821,0 69.50068137803397,22.30701080864502,0 69.50545464337117,22.29430118793609,0 69.51058888865946,22.28171413052974,0 69.51608039233058,22.26925852466639,0 69.52192518494238,22.25694316201175,0 69.52811905056788,22.24477673444154,0 69.53465752962467,22.23276782469749,0 69.54153592489885,22.22092490439603,0 69.54874930154577,22.20925632359104,0 69.55629249196981,22.19777031048038,0 69.56416010265031,22.18647495878089,0 69.57234651209934,22.17537822960821,0 69.58084588041801,22.16448793993073,0 69.58965215130095,22.15381176116786,0 69.59875905452597,22.14335721158513,0 69.608160115879,22.13313165099164,0 69.6178486553605,22.12314227816331,0 69.62781779735337,22.11339612198161,0 69.6380604714923,22.10390004081323,0 69.64856941979181,22.09466071519924,0 69.65933720061282,22.08568464387493,0 69.67035619655432,22.07697813827528,0 69.6816186163359,22.06854732017125,0 69.69311650170037,22.06039811608627,0 69.70484173408319,22.05253625435765,0 69.71678603957783,22.04496725939487,0 69.72894099169893,22.03769644933682,0 69.74129802377541,22.03072893258817,0 69.75384842802514,22.02406960341378,0 69.76658336594788,22.0177231392018,0 69.77949387219536,22.0116939954776,0 69.79257086363626,22.00598640750286,0 69.80580514070688,22.00060438063503,0 69.81918739916595,21.99555169386905,0 69.83270823304532,21.99083189384585,0 69.84635814104125,21.98644829354175,0 69.86012753501122,21.98240396841631,0 69.87400674614454,21.97870175773304,0 69.88798602978936,21.97534425864604,0 69.89831742215081,21.97313381906576,0 69.88962259195171,21.98051961716494,0 69.88677084183092,21.98699586691644,0 69.88283009203286,21.99213036645596,0 69.87431509169582,22.00087961653244,0 69.87934184185944,22.00546911716271,0 69.87553409194061,22.01056836689503,0 69.87300259185126,22.01243336633577,0 69.86885159152695,22.01370511675456,0 69.86280684144725,22.01303361711755,0 69.85772234204973,22.01283936676369,0 69.85793234220461,22.01678036708341,0 69.86067884136273,22.02122636707367,0 69.86472259164677,22.0243591163731,0 69.86879884140178,22.0263331166043,0 69.87140409140288,22.02880611638087,0 69.87249209145095,22.03397561653569,0 69.87555284191268,22.03529311675716,0 69.87391984197664,22.0378231164613,0 69.86715759219996,22.03957011681568,0 69.86074734152101,22.03912786643667,0 69.86130109195538,22.04393861721816,0 69.86262109212726,22.04917461711475,0 69.86353559195692,22.05312836651227,0 69.86566334215874,22.05742886720308,0 69.86252484156643,22.06405886658376,0 69.86200059200281,22.0661971164499,0 69.86149234154918,22.07030436657664,0 69.86137209173332,22.07592361657715,0 69.86189934142153,22.08229486640311,0 69.8637928422269,22.08713111657189,0 69.86870834154777,22.08935536658707,0 69.87589609225758,22.09300086647362,0 69.87921159140481,22.09652036682389,0 69.88593909212024,22.1045643666493,0 69.89156859166641,22.11298686653889,0 69.8946328414699,22.11685586653796,0 69.89773234162998,22.12460561707029,0 69.89456784200739,22.12803936648294,0 69.88003609190601,22.12752961730057,0 69.87029009186897,22.1270328668021,0 69.86235909152872,22.12951836650922,0 69.85769859157139,22.13211036641084,0 69.85152109170443,22.12918236660565,0 69.84426309220032,22.12332761671575,0 69.83738734152273,22.11644586693392,0 69.82914909160874,22.11631561684435,0 69.82645334178501,22.11499886722114,0 69.82246284184654,22.11434436701031,0 69.82354884159048,22.11726036720378,0 69.82433634168721,22.11987436642624,0 69.82397059177535,22.12276636650262,0 69.82199559199385,22.12418586691607,0 69.81858284219476,22.12772836694821,0 69.81763909152031,22.13193786703398,0 69.81730484205185,22.13598536703427,0 69.81725284164699,22.13831011673607,0 69.81805959207348,22.142780866837,0 69.81901659193593,22.1486991168025,0 69.81983484166525,22.15531636724351,0 69.81920384184811,22.15913636707921,0 69.81816959191235,22.16195536701933,0 69.81693234185735,22.16831411659471,0 69.81837734145589,22.17145961644334,0 69.81755109178212,22.17568186693052,0 69.81546434143011,22.17964361687231,0 69.8103648420834,22.18529436666224,0 69.80899234153833,22.18701286673455,0 69.81034809183899,22.18859961665543,0 69.81332784147406,22.19351711728235,0 69.81496309209808,22.19886961674903,0 69.81156234141913,22.20448961732497,0 69.8059748416306,22.21002661704936,0 69.80245259165569,22.21309536657243,0 69.79870459122166,22.21784711733764,0 69.79148709193895,22.21802186716359,0 69.78390334156552,22.21796136705209,0 69.77492634209136,22.22082911717962,0 69.77165309154846,22.22866061717058,0 69.76700309135435,22.2330436170596,0 69.76283159152678,22.23767386666028,0 69.76406709131571,22.24174711702527,0 69.7699965918794,22.24253411712067,0 69.77222684188979,22.24558811657733,0 69.76800384209284,22.24992411707951,0 69.76310584142699,22.25442411661665,0 69.76040859129643,22.25826111663109,0 69.75807709213083,22.26477186666867,0 69.75531959149303,22.27365136715918,0 69.75415059218069,22.27699411680735,0 69.75178084175049,22.28240161726349,0 69.74646809142988,22.29163611706053,0 69.73840609195892,22.30935361722774,0 69.74134634153617,22.31079236720392,0 69.74885134140121,22.31439611678879,0 69.75436609213365,22.31731986664874,0 69.75779509129593,22.32120061705135,0 69.75676409184535,22.32889111690765,0 69.75384109182211,22.33457511688713,0 69.74867984119598,22.33988586727126,0 69.74676884152859,22.34622911722988,0 69.74596484171219,22.35462036703557,0 69.7455138416409,22.3583166167214,0 69.74544659162979,22.36376286664552,0 69.74271209138719,22.36661661723274,0 69.73643309212646,22.36749436713659,0 69.73400259142333,22.37035686747744,0 69.73367084136157,22.37667136680663,0 69.73255734129816,22.38516636663901,0 69.73087059193547,22.39505336754451,0 69.73645259147071,22.39513686674237,0 69.74161709190018,22.39516636681176,0 69.74199609141202,22.39963436716807,0 69.74318059131855,22.40614636689573,0 69.74669284139713,22.40655061748621,0 69.74858009187611,22.40906936746797,0 69.75144509189762,22.41114886744102,0 69.75540959208892,22.41034436737426,0 69.75954034162456,22.41302611725901,0 69.7591628417771,22.41613686695998,0 69.75952884136711,22.4187531171234,0 69.7600565915574,22.42212336741546,0 69.76014684192252,22.42496561709535,0</coordinates></LinearRing></outerBoundaryIs>
        </Polygon>
        <Polygon>
          <extrude>0</extrude><altitudeMode>clampToGround</altitudeMode>
          <outerBoundaryIs><LinearRing><coordinates> 69.47971357678223,22.3858577846582,0 69.47972284131698,22.38585511702694,0 69.48442059105369,22.38783186721053,0 69.4848525914239,22.39101011745835,0 69.48444684128982,22.3928143667721,0 69.4831445910304,22.39391711715153,0 69.48300684159877,22.39458136734084,0 69.47803959154757,22.39890961678158,0 69.47765280918034,22.39853639551029,0 69.47971357678223,22.3858577846582,0</coordinates></LinearRing></outerBoundaryIs>
        </Polygon>
        <Polygon>
          <extrude>0</extrude><altitudeMode>clampToGround</altitudeMode>
          <outerBoundaryIs><LinearRing><coordinates> 69.54487384129672,22.36263011711932,0 69.54441984170701,22.36436886667379,0 69.54430509141001,22.36515236714235,0 69.54343934100945,22.36676361742863,0 69.54121334132012,22.36831736706464,0 69.53868134143923,22.36792536733945,0 69.53740984111121,22.3646501171607,0 69.53748084172022,22.36354486702607,0 69.53774759186985,22.3599008670993,0 69.53971559154948,22.35877911725395,0 69.54080259192355,22.35868361692802,0 69.54487384129672,22.36263011711932,0</coordinates></LinearRing></outerBoundaryIs>
        </Polygon>
        <Polygon>
          <extrude>0</extrude><altitudeMode>clampToGround</altitudeMode>
          <outerBoundaryIs><LinearRing><coordinates> 69.5665475915126,22.34191186702084,0 69.57039359133286,22.34317886680248,0 69.57272834159804,22.3448238671888,0 69.57398234172486,22.34664586743571,0 69.57493084158943,22.34775886699556,0 69.57606234181833,22.34921936718402,0 69.57646284159388,22.35418811734404,0 69.57499559103469,22.35485311737667,0 69.57038634155046,22.3536328669777,0 69.56652484182335,22.34922836749115,0 69.56451734103119,22.34708661742338,0 69.5630450911576,22.34526561718237,0 69.56289059151977,22.34225711679595,0 69.56393884173572,22.34167861728088,0 69.5665475915126,22.34191186702084,0</coordinates></LinearRing></outerBoundaryIs>
        </Polygon>
      </MultiGeometry>
    </Placemark>
    <Placemark id="ID_50007">
      <name>Jamnagar airfield</name>
      <Snippet></Snippet>
      <description><![CDATA[<html xmlns:fo="http://www.w3.org/1999/XSL/Format" xmlns:msxsl="urn:schemas-microsoft-com:xslt">
<head>
<META http-equiv="Content-Type" content="text/html">
<meta http-equiv="content-type" content="text/html; charset=UTF-8">
</head>
<body style="margin:0px 0px 0px 0px;overflow:auto;background:#FFFFFF;">
<table style="font-family:Arial,Verdana,Times;font-size:12px;text-align:left;width:100%;border-collapse:collapse;padding:3px 3px 3px 3px">
<tr style="text-align:center;font-weight:bold;background:#9CBCE2">
<td>Jamnagar airfield</td>
</tr>
<tr>
<td>
<table style="font-family:Arial,Verdana,Times;font-size:12px;text-align:left;width:100%;border-spacing:0px; padding:3px 3px 3px 3px">
<tr>
<td>FID</td>
<td>8</td>
</tr>
<tr bgcolor="#D4E4F3">
<td>FID_gujarat</td>
<td>22</td>
</tr>
<tr>
<td>STATE</td>
<td>Gujarat</td>
</tr>
<tr bgcolor="#D4E4F3">
<td>DISTRICT</td>
<td>Devbhumi Dwarka</td>
</tr>
<tr>
<td>RR</td>
<td>Devbhumi Dwarka (204-209)</td>
</tr>
<tr bgcolor="#D4E4F3">
<td>FID_Jamnagar_and_khambaliya_airfield_56km_1</td>
<td>1</td>
</tr>
<tr>
<td>NAME</td>
<td>Jamnagar airfield</td>
</tr>
<tr bgcolor="#D4E4F3">
<td>LAYER</td>
<td>Unknown Point Feature</td>
</tr>
<tr>
<td>KML_FOLDER</td>
<td>jamnagar and khambaliya airfield</td>
</tr>
<tr bgcolor="#D4E4F3">
<td>BUFF_DIST</td>
<td>56</td>
</tr>
<tr>
<td>ORIG_FID</td>
<td>1</td>
</tr>
</table>
</td>
</tr>
</table>
</body>
</html>
]]></description>
      <styleUrl>#PolyStyle40</styleUrl>
      <MultiGeometry>
        <Polygon>
          <extrude>0</extrude><altitudeMode>clampToGround</altitudeMode>
          <outerBoundaryIs><LinearRing><coordinates> 69.7240378415233,22.46053936679625,0 69.7273200913418,22.4645216174285,0 69.72844459159619,22.46658011679976,0 69.72909259132307,22.46752886744055,0 69.73048959203771,22.46959211703993,0 69.73021159210087,22.47000486708767,0 69.73034759133911,22.47487661685161,0 69.72912559170184,22.47554361723941,0 69.72487009205456,22.4746823669484,0 69.71927834160249,22.46861861673623,0 69.71918109186566,22.46716961722429,0 69.71885334165783,22.46199411744595,0 69.71895334139811,22.46069011698208,0 69.72171059135147,22.45953661739242,0 69.72260634147018,22.45916586695219,0 69.7240378415233,22.46053936679625,0</coordinates></LinearRing></outerBoundaryIs>
        </Polygon>
        <Polygon>
          <extrude>0</extrude><altitudeMode>clampToGround</altitudeMode>
          <outerBoundaryIs><LinearRing><coordinates> 69.64169084120573,22.44907436720919,0 69.63242334119309,22.45407286679871,0 69.62948509111878,22.45834186716326,0 69.62811934190063,22.4601616174975,0 69.61965334153544,22.45889561744604,0 69.61366559171022,22.45450586741991,0 69.61546784164531,22.44775911756157,0 69.61386559147539,22.44364486728192,0 69.61118634110419,22.44452486752528,0 69.61019234183811,22.44497136679044,0 69.60959459204467,22.45058686695074,0 69.60836834198834,22.4514581176124,0 69.58962459111827,22.44192586752749,0 69.58967184121721,22.44130136701091,0 69.58748959169914,22.43974086696704,0 69.586540841079,22.43765861681944,0 69.58744159116492,22.4356066167121,0 69.58871459133925,22.43355711727677,0 69.5914668414992,22.43119611751544,0 69.59309634179137,22.42984286697695,0 69.59473809143128,22.42780486677805,0 69.59563634167434,22.42575261757925,0 69.59874359151577,22.42441761721559,0 69.60099534166508,22.42338386684803,0 69.60680359143507,22.41867586734731,0 69.61849509152802,22.41538911707133,0 69.62904059109883,22.41027361709956,0 69.63042959143206,22.40965811685009,0 69.6343043418746,22.40793211746399,0 69.64301659170344,22.41576161757526,0 69.64995784197059,22.4219876167475,0 69.65197259119488,22.42378711688132,0 69.65325584181839,22.42642286699929,0 69.65301284132882,22.42754861713619,0 69.65148909147922,22.42876436718752,0 69.64970134201936,22.43077911699765,0 69.64927509192175,22.43111461677787,0 69.64048484155897,22.43412011709517,0 69.63632434183187,22.43768911750596,0 69.63616859112518,22.43949711701196,0 69.64413209135228,22.44107386699956,0 69.64471309161988,22.44301536696224,0 69.64440884129733,22.44347236737503,0 69.6440180916096,22.44461336721128,0 69.64169084120573,22.44907436720919,0</coordinates></LinearRing></outerBoundaryIs>
        </Polygon>
        <Polygon>
          <extrude>0</extrude><altitudeMode>clampToGround</altitudeMode>
          <outerBoundaryIs><LinearRing><coordinates> 69.71477934175812,22.44128686696995,0 69.71588409119762,22.44977586718286,0 69.71608634149237,22.45102211700931,0 69.71627459123114,22.45431186702945,0 69.71580934213564,22.45552186702752,0 69.71433584135534,22.45926161759045,0 69.71261309206906,22.46036086729684,0 69.70854209130052,22.45915161678048,0 69.70161259167232,22.45063986701798,0 69.70125034191155,22.45019511699716,0 69.70128934129239,22.44815561744492,0 69.7045948418544,22.44665886677516,0 69.70352984154863,22.44010386723811,0 69.70612759184938,22.43958386722225,0 69.70742159193541,22.43967186728412,0 69.70878984178781,22.4397926175892,0 69.71261859149445,22.43943686757266,0 69.7135938413405,22.43991386734234,0 69.71477934175812,22.44128686696995,0</coordinates></LinearRing></outerBoundaryIs>
        </Polygon>
        <Polygon>
          <extrude>0</extrude><altitudeMode>clampToGround</altitudeMode>
          <outerBoundaryIs><LinearRing><coordinates> 69.53031634172839,22.3798968669116,0 69.53256234147449,22.38367786678777,0 69.53966134140843,22.38638936716748,0 69.54027259118523,22.39317536730156,0 69.53585734172253,22.3958148672425,0 69.53548884131096,22.40212461705688,0 69.53343984152443,22.4035361173136,0 69.52886759132704,22.40676461746525,0 69.52853184135054,22.41275586741557,0 69.52810159150044,22.42029836728471,0 69.52672034180875,22.42235611721903,0 69.52586884168905,22.42300811725929,0 69.51588084138031,22.42540636722985,0 69.51538584150344,22.42554061677948,0 69.50995109104157,22.42455686691251,0 69.50633134155608,22.42314036734663,0 69.50600184125042,22.42108861677298,0 69.50727234195892,22.41794111682345,0 69.51527559188862,22.41447086725606,0 69.51714059099029,22.41371861732784,0 69.51766384123741,22.41347561701967,0 69.51772859117963,22.41009886683123,0 69.516938591014,22.40487436741327,0 69.51624434103466,22.40393761671155,0 69.51612384128363,22.40237611672859,0 69.51589509169773,22.4002113672163,0 69.51723559174306,22.39853886743878,0 69.51901009191582,22.39473136715065,0 69.519614091276,22.3928298674132,0 69.51992484192954,22.39192361725983,0 69.52191934129762,22.38970536704701,0 69.5231438414403,22.38882561681017,0 69.52326559191147,22.38768011698449,0 69.52371584127818,22.38342086688546,0 69.52418109166543,22.38179586739723,0 69.52583309137292,22.38109111699996,0 69.52713134156696,22.38018861754199,0 69.52986659107586,22.37897236684124,0 69.53031634172839,22.3798968669116,0</coordinates></LinearRing></outerBoundaryIs>
        </Polygon>
        <Polygon>
          <extrude>0</extrude><altitudeMode>clampToGround</altitudeMode>
          <outerBoundaryIs><LinearRing><coordinates> 69.76014684192252,22.42496561709535,0 69.75806884159616,22.42329261714251,0 69.75768409190783,22.42262511728684,0 69.75708609151775,22.42151386750742,0 69.75383609199608,22.41566761740852,0 69.75203734176301,22.41553186727083,0 69.74645184135053,22.41611336686419,0 69.74394809123883,22.41699136703543,0 69.74349534182309,22.41735311686774,0 69.74130434213798,22.41851511677428,0 69.74019884175038,22.42529861672004,0 69.73939759195613,22.42601961728585,0 69.73846359139509,22.42707111706704,0 69.7367100919173,22.42724286710796,0 69.72701534191975,22.42603086688926,0 69.72505109181695,22.4269246171702,0 69.72391684164062,22.42686136727717,0 69.72081109146488,22.43652736691964,0 69.71870984178706,22.43796311744154,0 69.71701709181725,22.43748561713074,0 69.71583184117452,22.43611286755421,0 69.71576659206038,22.43151361744984,0 69.71612309186374,22.42947261698334,0 69.71691434202449,22.42528461681973,0 69.71740509182428,22.42267336713386,0 69.71670084166196,22.4219701175694,0 69.71355234139257,22.42151136746775,0 69.70790284127011,22.42176411753429,0 69.70449984132595,22.42283636731614,0 69.70070809126436,22.42105761743964,0 69.7009135913913,22.41784986755167,0 69.70116184162356,22.41649361669063,0 69.70338934124609,22.41471386704927,0 69.70471609164518,22.41365711717124,0 69.70516084129102,22.40665336739481,0 69.70539884139897,22.40303036697788,0 69.70766109126959,22.39922886690248,0 69.70809409147647,22.39574361710033,0 69.7085015912772,22.39223836730374,0 69.70092759135734,22.38127336684001,0 69.70013809207001,22.3770866173573,0 69.69733834151018,22.37782111712179,0 69.69754334152596,22.38010136706682,0 69.69724184188442,22.38046386703131,0 69.69481634170442,22.38365861694997,0 69.68633459202412,22.38520361721225,0 69.67535209189455,22.39387211689247,0 69.67160934205005,22.39214661750821,0 69.66843209126075,22.39074111702223,0 69.66571959173588,22.39017711749213,0 69.66351309159825,22.38710486737867,0 69.66273784201385,22.3768191167817,0 69.66161309199958,22.37218211724068,0 69.65953409158413,22.36297986698771,0 69.65816784165715,22.35688161695191,0 69.65811409189716,22.35304261681944,0 69.66074559169292,22.34787086701013,0 69.66149784138425,22.34723686721311,0 69.66292434158464,22.3459498668881,0 69.66790859186743,22.34164036702378,0 69.66820459116585,22.33893061698444,0 69.66461284145906,22.33581886719526,0 69.66489309183274,22.33402886732102,0 69.6654255914774,22.33165136720003,0 69.6647003413546,22.33097411659349,0 69.66274259147042,22.33160861671455,0 69.64269034138357,22.34034861726314,0 69.64223459161408,22.34507136737392,0 69.64237159145796,22.34562786704193,0 69.64411109166157,22.35029086690787,0 69.64360259172769,22.3511998671678,0 69.64082234134786,22.35485411723715,0 69.63909759144127,22.35623836710241,0 69.63694484152491,22.35798311744901,0 69.63089959194791,22.36103511747788,0 69.61794209132697,22.36708311745373,0 69.61674259153195,22.36659686728149,0 69.61555184132759,22.36568661714323,0 69.61533309111505,22.36409761740017,0 69.61581409116316,22.3608191172589,0 69.61638859194463,22.3594898671762,0 69.61789659203504,22.35621261680383,0 69.61892509188139,22.35388311703433,0 69.61994584124665,22.3452713669083,0 69.61998559167749,22.34317636732569,0 69.62094409205152,22.33791111692877,0 69.62232909177429,22.33499236676678,0 69.62224134120257,22.33165836690188,0 69.61941459157799,22.32729886723298,0 69.61291909171624,22.32381786694178,0 69.61202809203037,22.32148136686913,0 69.61116234128274,22.31360986736629,0 69.60301109141305,22.31586961729831,0 69.59299059112362,22.30869986739033,0 69.59273259143622,22.30798286723403,0 69.5918735912058,22.3064973673121,0 69.59241234164659,22.30364986672773,0 69.59546434145712,22.30129361676227,0 69.59659184197929,22.29830886734603,0 69.59641059106347,22.29650336724347,0 69.59424259161385,22.29766261691742,0 69.59076184155592,22.3000191172207,0 69.58880734177936,22.30098761721228,0 69.58711609157488,22.29955336700091,0 69.58586109125744,22.29752836676689,0 69.58418934115171,22.29510061664075,0 69.582229841822,22.29647486665461,0 69.58197659129966,22.29847436739307,0 69.57841659183993,22.30503011665343,0 69.57618684166954,22.30920336717527,0 69.57144984148574,22.30972836688327,0 69.56608009129941,22.30963686691846,0 69.56393009126717,22.30959936672845,0 69.56364984145588,22.31320786740771,0 69.56397459154937,22.31862136724872,0 69.56405384184157,22.32070836700563,0 69.56530334152886,22.3288328668994,0 69.56528459120706,22.33388811736166,0 69.56446759154927,22.33539161740434,0 69.56340434123038,22.33765161699096,0 69.56055159152081,22.33898686744913,0 69.55753934111721,22.34076361705123,0 69.5542783417505,22.3425186167946,0 69.55275859186536,22.34368736729703,0 69.5518505915357,22.34608036707106,0 69.54968309143784,22.34725061685596,0 69.54690934173315,22.34600636730416,0 69.54475909170087,22.34596611663303,0 69.54004859121933,22.3476943673041,0 69.52618659194624,22.35733936691313,0 69.52442584179397,22.35921836714757,0 69.5201950909746,22.3572403672865,0 69.51122284174802,22.36101711675662,0 69.50368209121174,22.36336961665631,0 69.5014350909708,22.36354361716528,0 69.49712309133653,22.36384411730009,0 69.48875409117049,22.35506711720677,0 69.48810459096354,22.35432036703236,0 69.48756159187644,22.35301786709976,0 69.48701852952954,22.35191767112265,0 69.4885608694668,22.34578488785873,0 69.49210124754137,22.33322364350746,0 69.49499234144984,22.32808711701277,0 69.49744209122488,22.32371311667953,0 69.50090734182045,22.32037661671511,0 69.50562559142924,22.31480511714475,0 69.50597659103643,22.31315186692368,0 69.50551459164994,22.3115803673816,0 69.50570184181541,22.31076236699395,0 69.50502034163301,22.31038286687248,0 69.50042805834568,22.30774771635821,0 69.50068137803397,22.30701080864502,0 69.50545464337117,22.29430118793609,0 69.51058888865946,22.28171413052974,0 69.51608039233058,22.26925852466639,0 69.52192518494238,22.25694316201175,0 69.52811905056788,22.24477673444154,0 69.53465752962467,22.23276782469749,0 69.54153592489885,22.22092490439603,0 69.54874930154577,22.20925632359104,0 69.55629249196981,22.19777031048038,0 69.56416010265031,22.18647495878089,0 69.57234651209934,22.17537822960821,0 69.58084588041801,22.16448793993073,0 69.58965215130095,22.15381176116786,0 69.59875905452597,22.14335721158513,0 69.608160115879,22.13313165099164,0 69.6178486553605,22.12314227816331,0 69.62781779735337,22.11339612198161,0 69.6380604714923,22.10390004081323,0 69.64856941979181,22.09466071519924,0 69.65933720061282,22.08568464387493,0 69.67035619655432,22.07697813827528,0 69.6816186163359,22.06854732017125,0 69.69311650170037,22.06039811608627,0 69.70484173408319,22.05253625435765,0 69.71678603957783,22.04496725939487,0 69.72894099169893,22.03769644933682,0 69.74129802377541,22.03072893258817,0 69.75384842802514,22.02406960341378,0 69.76658336594788,22.0177231392018,0 69.77949387219536,22.0116939954776,0 69.79257086363626,22.00598640750286,0 69.80580514070688,22.00060438063503,0 69.81918739916595,21.99555169386905,0 69.83270823304532,21.99083189384585,0 69.84635814104125,21.98644829354175,0 69.86012753501122,21.98240396841631,0 69.87400674614454,21.97870175773304,0 69.88798602978936,21.97534425864604,0 69.89831742215081,21.97313381906576,0 69.88962259195171,21.98051961716494,0 69.88677084183092,21.98699586691644,0 69.88283009203286,21.99213036645596,0 69.87431509169582,22.00087961653244,0 69.87934184185944,22.00546911716271,0 69.87553409194061,22.01056836689503,0 69.87300259185126,22.01243336633577,0 69.86885159152695,22.01370511675456,0 69.86280684144725,22.01303361711755,0 69.85772234204973,22.01283936676369,0 69.85793234220461,22.01678036708341,0 69.86067884136273,22.02122636707367,0 69.86472259164677,22.0243591163731,0 69.86879884140178,22.0263331166043,0 69.87140409140288,22.02880611638087,0 69.87249209145095,22.03397561653569,0 69.87555284191268,22.03529311675716,0 69.87391984197664,22.0378231164613,0 69.86715759219996,22.03957011681568,0 69.86074734152101,22.03912786643667,0 69.86130109195538,22.04393861721816,0 69.86262109212726,22.04917461711475,0 69.86353559195692,22.05312836651227,0 69.86566334215874,22.05742886720308,0 69.86252484156643,22.06405886658376,0 69.86200059200281,22.0661971164499,0 69.86149234154918,22.07030436657664,0 69.86137209173332,22.07592361657715,0 69.86189934142153,22.08229486640311,0 69.8637928422269,22.08713111657189,0 69.86870834154777,22.08935536658707,0 69.87589609225758,22.09300086647362,0 69.87921159140481,22.09652036682389,0 69.88593909212024,22.1045643666493,0 69.89156859166641,22.11298686653889,0 69.8946328414699,22.11685586653796,0 69.89773234162998,22.12460561707029,0 69.89456784200739,22.12803936648294,0 69.88003609190601,22.12752961730057,0 69.87029009186897,22.1270328668021,0 69.86235909152872,22.12951836650922,0 69.85769859157139,22.13211036641084,0 69.85152109170443,22.12918236660565,0 69.84426309220032,22.12332761671575,0 69.83738734152273,22.11644586693392,0 69.82914909160874,22.11631561684435,0 69.82645334178501,22.11499886722114,0 69.82246284184654,22.11434436701031,0 69.82354884159048,22.11726036720378,0 69.82433634168721,22.11987436642624,0 69.82397059177535,22.12276636650262,0 69.82199559199385,22.12418586691607,0 69.81858284219476,22.12772836694821,0 69.81763909152031,22.13193786703398,0 69.81730484205185,22.13598536703427,0 69.81725284164699,22.13831011673607,0 69.81805959207348,22.142780866837,0 69.81901659193593,22.1486991168025,0 69.81983484166525,22.15531636724351,0 69.81920384184811,22.15913636707921,0 69.81816959191235,22.16195536701933,0 69.81693234185735,22.16831411659471,0 69.81837734145589,22.17145961644334,0 69.81755109178212,22.17568186693052,0 69.81546434143011,22.17964361687231,0 69.8103648420834,22.18529436666224,0 69.80899234153833,22.18701286673455,0 69.81034809183899,22.18859961665543,0 69.81332784147406,22.19351711728235,0 69.81496309209808,22.19886961674903,0 69.81156234141913,22.20448961732497,0 69.8059748416306,22.21002661704936,0 69.80245259165569,22.21309536657243,0 69.79870459122166,22.21784711733764,0 69.79148709193895,22.21802186716359,0 69.78390334156552,22.21796136705209,0 69.77492634209136,22.22082911717962,0 69.77165309154846,22.22866061717058,0 69.76700309135435,22.2330436170596,0 69.76283159152678,22.23767386666028,0 69.76406709131571,22.24174711702527,0 69.7699965918794,22.24253411712067,0 69.77222684188979,22.24558811657733,0 69.76800384209284,22.24992411707951,0 69.76310584142699,22.25442411661665,0 69.76040859129643,22.25826111663109,0 69.75807709213083,22.26477186666867,0 69.75531959149303,22.27365136715918,0 69.75415059218069,22.27699411680735,0 69.75178084175049,22.28240161726349,0 69.74646809142988,22.29163611706053,0 69.73840609195892,22.30935361722774,0 69.74134634153617,22.31079236720392,0 69.74885134140121,22.31439611678879,0 69.75436609213365,22.31731986664874,0 69.75779509129593,22.32120061705135,0 69.75676409184535,22.32889111690765,0 69.75384109182211,22.33457511688713,0 69.74867984119598,22.33988586727126,0 69.74676884152859,22.34622911722988,0 69.74596484171219,22.35462036703557,0 69.7455138416409,22.3583166167214,0 69.74544659162979,22.36376286664552,0 69.74271209138719,22.36661661723274,0 69.73643309212646,22.36749436713659,0 69.73400259142333,22.37035686747744,0 69.73367084136157,22.37667136680663,0 69.73255734129816,22.38516636663901,0 69.73087059193547,22.39505336754451,0 69.73645259147071,22.39513686674237,0 69.74161709190018,22.39516636681176,0 69.74199609141202,22.39963436716807,0 69.74318059131855,22.40614636689573,0 69.74669284139713,22.40655061748621,0 69.74858009187611,22.40906936746797,0 69.75144509189762,22.41114886744102,0 69.75540959208892,22.41034436737426,0 69.75954034162456,22.41302611725901,0 69.7591628417771,22.41613686695998,0 69.75952884136711,22.4187531171234,0 69.7600565915574,22.42212336741546,0 69.76014684192252,22.42496561709535,0</coordinates></LinearRing></outerBoundaryIs>
        </Polygon>
        <Polygon>
          <extrude>0</extrude><altitudeMode>clampToGround</altitudeMode>
          <outerBoundaryIs><LinearRing><coordinates> 69.47971357678223,22.3858577846582,0 69.47972284131698,22.38585511702694,0 69.48442059105369,22.38783186721053,0 69.4848525914239,22.39101011745835,0 69.48444684128982,22.3928143667721,0 69.4831445910304,22.39391711715153,0 69.48300684159877,22.39458136734084,0 69.47803959154757,22.39890961678158,0 69.47765280918034,22.39853639551029,0 69.47971357678223,22.3858577846582,0</coordinates></LinearRing></outerBoundaryIs>
        </Polygon>
        <Polygon>
          <extrude>0</extrude><altitudeMode>clampToGround</altitudeMode>
          <outerBoundaryIs><LinearRing><coordinates> 69.54487384129672,22.36263011711932,0 69.54441984170701,22.36436886667379,0 69.54430509141001,22.36515236714235,0 69.54343934100945,22.36676361742863,0 69.54121334132012,22.36831736706464,0 69.53868134143923,22.36792536733945,0 69.53740984111121,22.3646501171607,0 69.53748084172022,22.36354486702607,0 69.53774759186985,22.3599008670993,0 69.53971559154948,22.35877911725395,0 69.54080259192355,22.35868361692802,0 69.54487384129672,22.36263011711932,0</coordinates></LinearRing></outerBoundaryIs>
        </Polygon>
        <Polygon>
          <extrude>0</extrude><altitudeMode>clampToGround</altitudeMode>
          <outerBoundaryIs><LinearRing><coordinates> 69.5665475915126,22.34191186702084,0 69.57039359133286,22.34317886680248,0 69.57272834159804,22.3448238671888,0 69.57398234172486,22.34664586743571,0 69.57493084158943,22.34775886699556,0 69.57606234181833,22.34921936718402,0 69.57646284159388,22.35418811734404,0 69.57499559103469,22.35485311737667,0 69.57038634155046,22.3536328669777,0 69.56652484182335,22.34922836749115,0 69.56451734103119,22.34708661742338,0 69.5630450911576,22.34526561718237,0 69.56289059151977,22.34225711679595,0 69.56393884173572,22.34167861728088,0 69.5665475915126,22.34191186702084,0</coordinates></LinearRing></outerBoundaryIs>
        </Polygon>
      </MultiGeometry>
    </Placemark>
    <Placemark id="ID_50008">
      <name>Khambaliya airfield</name>
      <Snippet></Snippet>
      <description><![CDATA[<html xmlns:fo="http://www.w3.org/1999/XSL/Format" xmlns:msxsl="urn:schemas-microsoft-com:xslt">
<head>
<META http-equiv="Content-Type" content="text/html">
<meta http-equiv="content-type" content="text/html; charset=UTF-8">
</head>
<body style="margin:0px 0px 0px 0px;overflow:auto;background:#FFFFFF;">
<table style="font-family:Arial,Verdana,Times;font-size:12px;text-align:left;width:100%;border-collapse:collapse;padding:3px 3px 3px 3px">
<tr style="text-align:center;font-weight:bold;background:#9CBCE2">
<td>Khambaliya airfield</td>
</tr>
<tr>
<td>
<table style="font-family:Arial,Verdana,Times;font-size:12px;text-align:left;width:100%;border-spacing:0px; padding:3px 3px 3px 3px">
<tr>
<td>FID</td>
<td>9</td>
</tr>
<tr bgcolor="#D4E4F3">
<td>FID_gujarat</td>
<td>30</td>
</tr>
<tr>
<td>STATE</td>
<td>Gujarat</td>
</tr>
<tr bgcolor="#D4E4F3">
<td>DISTRICT</td>
<td>Jamnagar</td>
</tr>
<tr>
<td>RR</td>
<td>Jamnagar (202-209)</td>
</tr>
<tr bgcolor="#D4E4F3">
<td>FID_Jamnagar_and_khambaliya_airfield_56km_1</td>
<td>0</td>
</tr>
<tr>
<td>NAME</td>
<td>Khambaliya airfield</td>
</tr>
<tr bgcolor="#D4E4F3">
<td>LAYER</td>
<td>Unknown Point Feature</td>
</tr>
<tr>
<td>KML_FOLDER</td>
<td>jamnagar and khambaliya airfield</td>
</tr>
<tr bgcolor="#D4E4F3">
<td>BUFF_DIST</td>
<td>56</td>
</tr>
<tr>
<td>ORIG_FID</td>
<td>0</td>
</tr>
</table>
</td>
</tr>
</table>
</body>
</html>
]]></description>
      <styleUrl>#PolyStyle40</styleUrl>
      <MultiGeometry>
        <Polygon>
          <extrude>0</extrude><altitudeMode>clampToGround</altitudeMode>
          <outerBoundaryIs><LinearRing><coordinates> 70.10586696333468,22.54076765293097,0 70.09929534230243,22.53753361763434,0 70.09837309160646,22.53646261720987,0 70.09594634156544,22.53361136755996,0 70.09534309239378,22.5328888673775,0 70.08418834207488,22.53102361688315,0 70.08387959199979,22.52857836746124,0 70.08738584216705,22.52033511681368,0 70.08680534159312,22.51783986695133,0 70.08548634243147,22.51702436694386,0 70.08427334214775,22.51723561767884,0 70.079603342418,22.51901336758336,0 70.07300434177115,22.52297161708185,0 70.07094859188597,22.52986061706132,0 70.06845184177131,22.53836561727035,0 70.06650209232853,22.53993136739919,0 70.06489659185087,22.54477786764452,0 70.05429684155051,22.55506311743865,0 70.04767859145716,22.5583571176111,0 70.03771334185822,22.55755186726573,0 70.02352434215398,22.54923386706623,0 70.01290234217814,22.54662786689617,0 70.01029134148962,22.54633786718867,0 70.00915384179274,22.54636661709657,0 70.0071883415053,22.54595311735008,0 70.00272959197196,22.54348286717631,0 69.99518459172538,22.54294086732213,0 69.98837284160932,22.54307436692741,0 69.98791434232045,22.54374086732078,0 69.97844559207354,22.54314686733711,0 69.97140284143686,22.53913861730751,0 69.96644084236496,22.53737686683793,0 69.95230609200662,22.52927461705914,0 69.95069384186812,22.52821236705235,0 69.94822134159458,22.52686911743054,0 69.9474623421798,22.52640336743708,0 69.94650984141725,22.52577236692871,0 69.94824334221907,22.51628361720718,0 69.95261959156851,22.5126951167602,0 69.95662734216516,22.50760061749453,0 69.95569734197296,22.50554761704476,0 69.93981484148459,22.51094486730474,0 69.93064159140843,22.5090311173201,0 69.92822359202846,22.50740511696731,0 69.91889934144177,22.49959861676034,0 69.91844109189276,22.49890586756153,0 69.91769609192633,22.49774861756368,0 69.91331509168077,22.49092861676587,0 69.91119309137129,22.47891486741941,0 69.91141634158664,22.47280561698949,0 69.91203484160351,22.46971311758302,0 69.91249084193666,22.46708761706955,0 69.9127168419455,22.4657666168892,0 69.91566509156668,22.44991661750575,0 69.91721634160159,22.44531736687966,0 69.91665659152862,22.44349636725304,0 69.9110598418401,22.44628461726747,0 69.90975834214053,22.44741836685096,0 69.90925734188581,22.44796186735255,0 69.90777384171494,22.44968361732336,0 69.89962784144014,22.45882486675818,0 69.89515009133575,22.4582996173782,0 69.88493984142328,22.45209561669018,0 69.87419009152727,22.44129961696023,0 69.87290559225785,22.43846061727122,0 69.8728188418589,22.437723366739,0 69.87132834137334,22.42341361744189,0 69.86510734148301,22.42522161712093,0 69.86312409136202,22.43457036708861,0 69.85941959147989,22.43791511730342,0 69.84511759156888,22.44349561677674,0 69.84095534180027,22.44444386674546,0 69.83703909207333,22.44411161735239,0 69.83111134159331,22.44177711734687,0 69.82471259171238,22.43924711692001,0 69.82626784156592,22.43345561688836,0 69.8240008420446,22.42312911733454,0 69.82298259156029,22.42068136747437,0 69.81935234212764,22.41509261747518,0 69.81321384153057,22.40774061723635,0 69.80997459211305,22.40503936756624,0 69.80909784124285,22.40030286751242,0 69.81307184141835,22.39586311725945,0 69.81279834179992,22.39450161729726,0 69.81111959211249,22.39314711735455,0 69.80996734205537,22.39264936676949,0 69.80931434193175,22.3876533670617,0 69.80735284208785,22.38553436671677,0 69.80137709144688,22.38395236749867,0 69.79628359172183,22.38260711681427,0 69.79734484185144,22.37819286730134,0 69.7959233417413,22.37637786689788,0 69.79531209177303,22.37597661730031,0 69.78270734191273,22.36759336726616,0 69.78124984218729,22.36779736676585,0 69.77880334210997,22.3695771173482,0 69.7755370913422,22.37584761662242,0 69.77439109214892,22.37952486693146,0 69.77376384162645,22.38284911702275,0 69.77373159203647,22.38757761698835,0 69.77759134189161,22.39397686713172,0 69.77883909156759,22.39601811706678,0 69.77943709209279,22.40144686674982,0 69.77870034172227,22.40258761740987,0 69.77161884131189,22.40564661684591,0 69.77116259142186,22.40773661745512,0 69.77209034215268,22.41399536716039,0 69.77084559138063,22.42172036736676,0 69.77057784203492,22.42304986732655,0 69.76662984191587,22.42592361696669,0 69.7646868418194,22.4270243668814,0 69.76412109140158,22.42689611738449,0 69.76179059206818,22.42629061680634,0 69.76014684192252,22.42496561709535,0 69.7600565915574,22.42212336741546,0 69.75952884136711,22.4187531171234,0 69.7591628417771,22.41613686695998,0 69.75954034162456,22.41302611725901,0 69.75540959208892,22.41034436737426,0 69.75144509189762,22.41114886744102,0 69.74858009187611,22.40906936746797,0 69.74669284139713,22.40655061748621,0 69.74318059131855,22.40614636689573,0 69.74199609141202,22.39963436716807,0 69.74161709190018,22.39516636681176,0 69.73645259147071,22.39513686674237,0 69.73087059193547,22.39505336754451,0 69.73255734129816,22.38516636663901,0 69.73367084136157,22.37667136680663,0 69.73400259142333,22.37035686747744,0 69.73643309212646,22.36749436713659,0 69.74271209138719,22.36661661723274,0 69.74544659162979,22.36376286664552,0 69.7455138416409,22.3583166167214,0 69.74596484171219,22.35462036703557,0 69.74676884152859,22.34622911722988,0 69.74867984119598,22.33988586727126,0 69.75384109182211,22.33457511688713,0 69.75676409184535,22.32889111690765,0 69.75779509129593,22.32120061705135,0 69.75436609213365,22.31731986664874,0 69.74885134140121,22.31439611678879,0 69.74134634153617,22.31079236720392,0 69.73840609195892,22.30935361722774,0 69.74646809142988,22.29163611706053,0 69.75178084175049,22.28240161726349,0 69.75415059218069,22.27699411680735,0 69.75531959149303,22.27365136715918,0 69.75807709213083,22.26477186666867,0 69.76040859129643,22.25826111663109,0 69.76310584142699,22.25442411661665,0 69.76800384209284,22.24992411707951,0 69.77222684188979,22.24558811657733,0 69.7699965918794,22.24253411712067,0 69.76406709131571,22.24174711702527,0 69.76283159152678,22.23767386666028,0 69.76700309135435,22.2330436170596,0 69.77165309154846,22.22866061717058,0 69.77492634209136,22.22082911717962,0 69.78390334156552,22.21796136705209,0 69.79148709193895,22.21802186716359,0 69.79870459122166,22.21784711733764,0 69.80245259165569,22.21309536657243,0 69.8059748416306,22.21002661704936,0 69.81156234141913,22.20448961732497,0 69.81496309209808,22.19886961674903,0 69.81332784147406,22.19351711728235,0 69.81034809183899,22.18859961665543,0 69.80899234153833,22.18701286673455,0 69.8103648420834,22.18529436666224,0 69.81546434143011,22.17964361687231,0 69.81755109178212,22.17568186693052,0 69.81837734145589,22.17145961644334,0 69.81693234185735,22.16831411659471,0 69.81816959191235,22.16195536701933,0 69.81920384184811,22.15913636707921,0 69.81983484166525,22.15531636724351,0 69.81901659193593,22.1486991168025,0 69.81805959207348,22.142780866837,0 69.81725284164699,22.13831011673607,0 69.81730484205185,22.13598536703427,0 69.81763909152031,22.13193786703398,0 69.81858284219476,22.12772836694821,0 69.82199559199385,22.12418586691607,0 69.82397059177535,22.12276636650262,0 69.82433634168721,22.11987436642624,0 69.82354884159048,22.11726036720378,0 69.82246284184654,22.11434436701031,0 69.82645334178501,22.11499886722114,0 69.82914909160874,22.11631561684435,0 69.83738734152273,22.11644586693392,0 69.84426309220032,22.12332761671575,0 69.85152109170443,22.12918236660565,0 69.85769859157139,22.13211036641084,0 69.86235909152872,22.12951836650922,0 69.87029009186897,22.1270328668021,0 69.88003609190601,22.12752961730057,0 69.89456784200739,22.12803936648294,0 69.89773234162998,22.12460561707029,0 69.8946328414699,22.11685586653796,0 69.89156859166641,22.11298686653889,0 69.88593909212024,22.1045643666493,0 69.87921159140481,22.09652036682389,0 69.87589609225758,22.09300086647362,0 69.86870834154777,22.08935536658707,0 69.8637928422269,22.08713111657189,0 69.86189934142153,22.08229486640311,0 69.86137209173332,22.07592361657715,0 69.86149234154918,22.07030436657664,0 69.86200059200281,22.0661971164499,0 69.86252484156643,22.06405886658376,0 69.86566334215874,22.05742886720308,0 69.86353559195692,22.05312836651227,0 69.86262109212726,22.04917461711475,0 69.86130109195538,22.04393861721816,0 69.86074734152101,22.03912786643667,0 69.86715759219996,22.03957011681568,0 69.87391984197664,22.0378231164613,0 69.87555284191268,22.03529311675716,0 69.87249209145095,22.03397561653569,0 69.87140409140288,22.02880611638087,0 69.86879884140178,22.0263331166043,0 69.86472259164677,22.0243591163731,0 69.86067884136273,22.02122636707367,0 69.85793234220461,22.01678036708341,0 69.85772234204973,22.01283936676369,0 69.86280684144725,22.01303361711755,0 69.86885159152695,22.01370511675456,0 69.87300259185126,22.01243336633577,0 69.87553409194061,22.01056836689503,0 69.87934184185944,22.00546911716271,0 69.87431509169582,22.00087961653244,0 69.88283009203286,21.99213036645596,0 69.88677084183092,21.98699586691644,0 69.88962259195171,21.98051961716494,0 69.89831742215081,21.97313381906576,0 69.90205557358762,21.97233382673929,0 69.91620550289814,21.96967257458459,0 69.9304258911109,21.96736236883902,0 69.94470676024821,21.96540482933914,0 69.95903809378515,21.96380133080143,0 69.97340983950505,21.96255299759028,0 69.98781191947572,21.96166070519898,0 70.00223423263549,21.96112507854263,0 70.01666666654575,21.96094649532013,0 70.03109910040524,21.96112507896554,0 70.04552141375943,21.96166070445641,0 70.05992349285233,21.96255299771191,0 70.07429523923317,21.96380133067528,0 70.08862657258867,21.96540482937156,0 70.10290744229491,21.96736236827903,0 70.11712782959961,21.96967257476056,0 70.11902163483707,21.97002882545951,0 70.12382546731806,21.97693683530678,0 70.13135651945402,21.98842339556315,0 70.1385582504239,22.00009252129495,0 70.14542550143749,22.011935984157,0 70.15195334615328,22.02394543258563,0 70.15813709652322,22.03611239477428,0 70.16397230157877,22.04842828653745,0 70.16945475125898,22.06088441595666,0 70.17458048385231,22.07347199095491,0 70.17934578617673,22.0861821219369,0 70.18374719695984,22.09900583268178,0 70.18778150601337,22.11193406383113,0 70.19144576368272,22.12495767975252,0 70.19473727894588,22.13806747376265,0 70.1976536199606,22.15125417887773,0 70.2001926193155,22.16450846729613,0 70.202352376352,22.1778209630755,0 70.20413125527152,22.19118224740363,0 70.20552788821142,22.20458286153819,0 70.20654117858727,22.21801331869576,0 70.20717029837975,22.2314641075183,0 70.20741469276687,22.24492569961152,0 70.20727407821788,22.25838855487184,0 70.20674844309586,22.27184313145217,0 70.20583805145723,22.28527989149345,0 70.20454343751673,22.29868930356286,0 70.20286540976214,22.3120618564548,0 70.20080505023499,22.32538806108042,0 70.19836371147774,22.33865845756115,0 70.19554301905174,22.35186362449015,0 70.19234486859537,22.36499418426641,0 70.1887714277062,22.37804080787016,0 70.18482512873636,22.39099422527581,0 70.18050867555078,22.40384522878767,0 70.17582503253958,22.41658468231758,0 70.17077743222615,22.42920352568315,0 70.16536936540287,22.44169278129597,0 70.15960458542048,22.45404356359751,0 70.15348709965335,22.46624708049336,0 70.14702117162838,22.4782946453264,0 70.14021131537972,22.490177677621,0 70.13306229480894,22.50188771308954,0 70.12557911757331,22.51341640969936,0 70.12138226776202,22.51950847598982,0 70.12128859217493,22.51941536718509,0 70.10646784179592,22.51022186756968,0 70.10588284218127,22.50984461725755,0 70.10368959178918,22.50958811695863,0 70.10221534196566,22.51069161755299,0 70.10298859160429,22.5168128670437,0 70.1077693421424,22.5237681172697,0 70.10975134227292,22.5282283676206,0 70.11041234228769,22.52864986760358,0 70.11164409216562,22.53039161686703,0 70.1126531073491,22.53175938832879,0 70.10963153183398,22.53589705071987,0 70.10586696333468,22.54076765293097,0</coordinates></LinearRing></outerBoundaryIs>
        </Polygon>
      </MultiGeometry>
    </Placemark>
    <Placemark id="ID_50009">
      <name>Jamnagar airfield</name>
      <Snippet></Snippet>
      <description><![CDATA[<html xmlns:fo="http://www.w3.org/1999/XSL/Format" xmlns:msxsl="urn:schemas-microsoft-com:xslt">
<head>
<META http-equiv="Content-Type" content="text/html">
<meta http-equiv="content-type" content="text/html; charset=UTF-8">
</head>
<body style="margin:0px 0px 0px 0px;overflow:auto;background:#FFFFFF;">
<table style="font-family:Arial,Verdana,Times;font-size:12px;text-align:left;width:100%;border-collapse:collapse;padding:3px 3px 3px 3px">
<tr style="text-align:center;font-weight:bold;background:#9CBCE2">
<td>Jamnagar airfield</td>
</tr>
<tr>
<td>
<table style="font-family:Arial,Verdana,Times;font-size:12px;text-align:left;width:100%;border-spacing:0px; padding:3px 3px 3px 3px">
<tr>
<td>FID</td>
<td>10</td>
</tr>
<tr bgcolor="#D4E4F3">
<td>FID_gujarat</td>
<td>30</td>
</tr>
<tr>
<td>STATE</td>
<td>Gujarat</td>
</tr>
<tr bgcolor="#D4E4F3">
<td>DISTRICT</td>
<td>Jamnagar</td>
</tr>
<tr>
<td>RR</td>
<td>Jamnagar (202-209)</td>
</tr>
<tr bgcolor="#D4E4F3">
<td>FID_Jamnagar_and_khambaliya_airfield_56km_1</td>
<td>1</td>
</tr>
<tr>
<td>NAME</td>
<td>Jamnagar airfield</td>
</tr>
<tr bgcolor="#D4E4F3">
<td>LAYER</td>
<td>Unknown Point Feature</td>
</tr>
<tr>
<td>KML_FOLDER</td>
<td>jamnagar and khambaliya airfield</td>
</tr>
<tr bgcolor="#D4E4F3">
<td>BUFF_DIST</td>
<td>56</td>
</tr>
<tr>
<td>ORIG_FID</td>
<td>1</td>
</tr>
</table>
</td>
</tr>
</table>
</body>
</html>
]]></description>
      <styleUrl>#PolyStyle40</styleUrl>
      <MultiGeometry>
        <Polygon>
          <extrude>0</extrude><altitudeMode>clampToGround</altitudeMode>
          <outerBoundaryIs><LinearRing><coordinates> 70.10586696333468,22.54076765293097,0 70.09929534230243,22.53753361763434,0 70.09837309160646,22.53646261720987,0 70.09594634156544,22.53361136755996,0 70.09534309239378,22.5328888673775,0 70.08418834207488,22.53102361688315,0 70.08387959199979,22.52857836746124,0 70.08738584216705,22.52033511681368,0 70.08680534159312,22.51783986695133,0 70.08548634243147,22.51702436694386,0 70.08427334214775,22.51723561767884,0 70.079603342418,22.51901336758336,0 70.07300434177115,22.52297161708185,0 70.07094859188597,22.52986061706132,0 70.06845184177131,22.53836561727035,0 70.06650209232853,22.53993136739919,0 70.06489659185087,22.54477786764452,0 70.05429684155051,22.55506311743865,0 70.04767859145716,22.5583571176111,0 70.03771334185822,22.55755186726573,0 70.02352434215398,22.54923386706623,0 70.01290234217814,22.54662786689617,0 70.01029134148962,22.54633786718867,0 70.00915384179274,22.54636661709657,0 70.0071883415053,22.54595311735008,0 70.00272959197196,22.54348286717631,0 69.99518459172538,22.54294086732213,0 69.98837284160932,22.54307436692741,0 69.98791434232045,22.54374086732078,0 69.97844559207354,22.54314686733711,0 69.97140284143686,22.53913861730751,0 69.96644084236496,22.53737686683793,0 69.95230609200662,22.52927461705914,0 69.95069384186812,22.52821236705235,0 69.94822134159458,22.52686911743054,0 69.9474623421798,22.52640336743708,0 69.94650984141725,22.52577236692871,0 69.94824334221907,22.51628361720718,0 69.95261959156851,22.5126951167602,0 69.95662734216516,22.50760061749453,0 69.95569734197296,22.50554761704476,0 69.93981484148459,22.51094486730474,0 69.93064159140843,22.5090311173201,0 69.92822359202846,22.50740511696731,0 69.91889934144177,22.49959861676034,0 69.91844109189276,22.49890586756153,0 69.91769609192633,22.49774861756368,0 69.91331509168077,22.49092861676587,0 69.91119309137129,22.47891486741941,0 69.91141634158664,22.47280561698949,0 69.91203484160351,22.46971311758302,0 69.91249084193666,22.46708761706955,0 69.9127168419455,22.4657666168892,0 69.91566509156668,22.44991661750575,0 69.91721634160159,22.44531736687966,0 69.91665659152862,22.44349636725304,0 69.9110598418401,22.44628461726747,0 69.90975834214053,22.44741836685096,0 69.90925734188581,22.44796186735255,0 69.90777384171494,22.44968361732336,0 69.89962784144014,22.45882486675818,0 69.89515009133575,22.4582996173782,0 69.88493984142328,22.45209561669018,0 69.87419009152727,22.44129961696023,0 69.87290559225785,22.43846061727122,0 69.8728188418589,22.437723366739,0 69.87132834137334,22.42341361744189,0 69.86510734148301,22.42522161712093,0 69.86312409136202,22.43457036708861,0 69.85941959147989,22.43791511730342,0 69.84511759156888,22.44349561677674,0 69.84095534180027,22.44444386674546,0 69.83703909207333,22.44411161735239,0 69.83111134159331,22.44177711734687,0 69.82471259171238,22.43924711692001,0 69.82626784156592,22.43345561688836,0 69.8240008420446,22.42312911733454,0 69.82298259156029,22.42068136747437,0 69.81935234212764,22.41509261747518,0 69.81321384153057,22.40774061723635,0 69.80997459211305,22.40503936756624,0 69.80909784124285,22.40030286751242,0 69.81307184141835,22.39586311725945,0 69.81279834179992,22.39450161729726,0 69.81111959211249,22.39314711735455,0 69.80996734205537,22.39264936676949,0 69.80931434193175,22.3876533670617,0 69.80735284208785,22.38553436671677,0 69.80137709144688,22.38395236749867,0 69.79628359172183,22.38260711681427,0 69.79734484185144,22.37819286730134,0 69.7959233417413,22.37637786689788,0 69.79531209177303,22.37597661730031,0 69.78270734191273,22.36759336726616,0 69.78124984218729,22.36779736676585,0 69.77880334210997,22.3695771173482,0 69.7755370913422,22.37584761662242,0 69.77439109214892,22.37952486693146,0 69.77376384162645,22.38284911702275,0 69.77373159203647,22.38757761698835,0 69.77759134189161,22.39397686713172,0 69.77883909156759,22.39601811706678,0 69.77943709209279,22.40144686674982,0 69.77870034172227,22.40258761740987,0 69.77161884131189,22.40564661684591,0 69.77116259142186,22.40773661745512,0 69.77209034215268,22.41399536716039,0 69.77084559138063,22.42172036736676,0 69.77057784203492,22.42304986732655,0 69.76662984191587,22.42592361696669,0 69.7646868418194,22.4270243668814,0 69.76412109140158,22.42689611738449,0 69.76179059206818,22.42629061680634,0 69.76014684192252,22.42496561709535,0 69.7600565915574,22.42212336741546,0 69.75952884136711,22.4187531171234,0 69.7591628417771,22.41613686695998,0 69.75954034162456,22.41302611725901,0 69.75540959208892,22.41034436737426,0 69.75144509189762,22.41114886744102,0 69.74858009187611,22.40906936746797,0 69.74669284139713,22.40655061748621,0 69.74318059131855,22.40614636689573,0 69.74199609141202,22.39963436716807,0 69.74161709190018,22.39516636681176,0 69.73645259147071,22.39513686674237,0 69.73087059193547,22.39505336754451,0 69.73255734129816,22.38516636663901,0 69.73367084136157,22.37667136680663,0 69.73400259142333,22.37035686747744,0 69.73643309212646,22.36749436713659,0 69.74271209138719,22.36661661723274,0 69.74544659162979,22.36376286664552,0 69.7455138416409,22.3583166167214,0 69.74596484171219,22.35462036703557,0 69.74676884152859,22.34622911722988,0 69.74867984119598,22.33988586727126,0 69.75384109182211,22.33457511688713,0 69.75676409184535,22.32889111690765,0 69.75779509129593,22.32120061705135,0 69.75436609213365,22.31731986664874,0 69.74885134140121,22.31439611678879,0 69.74134634153617,22.31079236720392,0 69.73840609195892,22.30935361722774,0 69.74646809142988,22.29163611706053,0 69.75178084175049,22.28240161726349,0 69.75415059218069,22.27699411680735,0 69.75531959149303,22.27365136715918,0 69.75807709213083,22.26477186666867,0 69.76040859129643,22.25826111663109,0 69.76310584142699,22.25442411661665,0 69.76800384209284,22.24992411707951,0 69.77222684188979,22.24558811657733,0 69.7699965918794,22.24253411712067,0 69.76406709131571,22.24174711702527,0 69.76283159152678,22.23767386666028,0 69.76700309135435,22.2330436170596,0 69.77165309154846,22.22866061717058,0 69.77492634209136,22.22082911717962,0 69.78390334156552,22.21796136705209,0 69.79148709193895,22.21802186716359,0 69.79870459122166,22.21784711733764,0 69.80245259165569,22.21309536657243,0 69.8059748416306,22.21002661704936,0 69.81156234141913,22.20448961732497,0 69.81496309209808,22.19886961674903,0 69.81332784147406,22.19351711728235,0 69.81034809183899,22.18859961665543,0 69.80899234153833,22.18701286673455,0 69.8103648420834,22.18529436666224,0 69.81546434143011,22.17964361687231,0 69.81755109178212,22.17568186693052,0 69.81837734145589,22.17145961644334,0 69.81693234185735,22.16831411659471,0 69.81816959191235,22.16195536701933,0 69.81920384184811,22.15913636707921,0 69.81983484166525,22.15531636724351,0 69.81901659193593,22.1486991168025,0 69.81805959207348,22.142780866837,0 69.81725284164699,22.13831011673607,0 69.81730484205185,22.13598536703427,0 69.81763909152031,22.13193786703398,0 69.81858284219476,22.12772836694821,0 69.82199559199385,22.12418586691607,0 69.82397059177535,22.12276636650262,0 69.82433634168721,22.11987436642624,0 69.82354884159048,22.11726036720378,0 69.82246284184654,22.11434436701031,0 69.82645334178501,22.11499886722114,0 69.82914909160874,22.11631561684435,0 69.83738734152273,22.11644586693392,0 69.84426309220032,22.12332761671575,0 69.85152109170443,22.12918236660565,0 69.85769859157139,22.13211036641084,0 69.86235909152872,22.12951836650922,0 69.87029009186897,22.1270328668021,0 69.88003609190601,22.12752961730057,0 69.89456784200739,22.12803936648294,0 69.89773234162998,22.12460561707029,0 69.8946328414699,22.11685586653796,0 69.89156859166641,22.11298686653889,0 69.88593909212024,22.1045643666493,0 69.87921159140481,22.09652036682389,0 69.87589609225758,22.09300086647362,0 69.86870834154777,22.08935536658707,0 69.8637928422269,22.08713111657189,0 69.86189934142153,22.08229486640311,0 69.86137209173332,22.07592361657715,0 69.86149234154918,22.07030436657664,0 69.86200059200281,22.0661971164499,0 69.86252484156643,22.06405886658376,0 69.86566334215874,22.05742886720308,0 69.86353559195692,22.05312836651227,0 69.86262109212726,22.04917461711475,0 69.86130109195538,22.04393861721816,0 69.86074734152101,22.03912786643667,0 69.86715759219996,22.03957011681568,0 69.87391984197664,22.0378231164613,0 69.87555284191268,22.03529311675716,0 69.87249209145095,22.03397561653569,0 69.87140409140288,22.02880611638087,0 69.86879884140178,22.0263331166043,0 69.86472259164677,22.0243591163731,0 69.86067884136273,22.02122636707367,0 69.85793234220461,22.01678036708341,0 69.85772234204973,22.01283936676369,0 69.86280684144725,22.01303361711755,0 69.86885159152695,22.01370511675456,0 69.87300259185126,22.01243336633577,0 69.87553409194061,22.01056836689503,0 69.87934184185944,22.00546911716271,0 69.87431509169582,22.00087961653244,0 69.88283009203286,21.99213036645596,0 69.88677084183092,21.98699586691644,0 69.88962259195171,21.98051961716494,0 69.89831742215081,21.97313381906576,0 69.90205557358762,21.97233382673929,0 69.91620550289814,21.96967257458459,0 69.9304258911109,21.96736236883902,0 69.94470676024821,21.96540482933914,0 69.95903809378515,21.96380133080143,0 69.97340983950505,21.96255299759028,0 69.98781191947572,21.96166070519898,0 70.00223423263549,21.96112507854263,0 70.01666666654575,21.96094649532013,0 70.03109910040524,21.96112507896554,0 70.04552141375943,21.96166070445641,0 70.05992349285233,21.96255299771191,0 70.07429523923317,21.96380133067528,0 70.08862657258867,21.96540482937156,0 70.10290744229491,21.96736236827903,0 70.11712782959961,21.96967257476056,0 70.11902163483707,21.97002882545951,0 70.12382546731806,21.97693683530678,0 70.13135651945402,21.98842339556315,0 70.1385582504239,22.00009252129495,0 70.14542550143749,22.011935984157,0 70.15195334615328,22.02394543258563,0 70.15813709652322,22.03611239477428,0 70.16397230157877,22.04842828653745,0 70.16945475125898,22.06088441595666,0 70.17458048385231,22.07347199095491,0 70.17934578617673,22.0861821219369,0 70.18374719695984,22.09900583268178,0 70.18778150601337,22.11193406383113,0 70.19144576368272,22.12495767975252,0 70.19473727894588,22.13806747376265,0 70.1976536199606,22.15125417887773,0 70.2001926193155,22.16450846729613,0 70.202352376352,22.1778209630755,0 70.20413125527152,22.19118224740363,0 70.20552788821142,22.20458286153819,0 70.20654117858727,22.21801331869576,0 70.20717029837975,22.2314641075183,0 70.20741469276687,22.24492569961152,0 70.20727407821788,22.25838855487184,0 70.20674844309586,22.27184313145217,0 70.20583805145723,22.28527989149345,0 70.20454343751673,22.29868930356286,0 70.20286540976214,22.3120618564548,0 70.20080505023499,22.32538806108042,0 70.19836371147774,22.33865845756115,0 70.19554301905174,22.35186362449015,0 70.19234486859537,22.36499418426641,0 70.1887714277062,22.37804080787016,0 70.18482512873636,22.39099422527581,0 70.18050867555078,22.40384522878767,0 70.17582503253958,22.41658468231758,0 70.17077743222615,22.42920352568315,0 70.16536936540287,22.44169278129597,0 70.15960458542048,22.45404356359751,0 70.15348709965335,22.46624708049336,0 70.14702117162838,22.4782946453264,0 70.14021131537972,22.490177677621,0 70.13306229480894,22.50188771308954,0 70.12557911757331,22.51341640969936,0 70.12138226776202,22.51950847598982,0 70.12128859217493,22.51941536718509,0 70.10646784179592,22.51022186756968,0 70.10588284218127,22.50984461725755,0 70.10368959178918,22.50958811695863,0 70.10221534196566,22.51069161755299,0 70.10298859160429,22.5168128670437,0 70.1077693421424,22.5237681172697,0 70.10975134227292,22.5282283676206,0 70.11041234228769,22.52864986760358,0 70.11164409216562,22.53039161686703,0 70.1126531073491,22.53175938832879,0 70.10963153183398,22.53589705071987,0 70.10586696333468,22.54076765293097,0</coordinates></LinearRing></outerBoundaryIs>
        </Polygon>
      </MultiGeometry>
    </Placemark>
  </Folder>
  <Folder id="FeatureLayer6">
    <name>NOC to be obtained</name>
    <Snippet></Snippet>
    <Placemark id="ID_60000">
      <name>naliya</name>
      <Snippet></Snippet>
      <description><![CDATA[<html xmlns:fo="http://www.w3.org/1999/XSL/Format" xmlns:msxsl="urn:schemas-microsoft-com:xslt">
<head>
<META http-equiv="Content-Type" content="text/html">
<meta http-equiv="content-type" content="text/html; charset=UTF-8">
</head>
<body style="margin:0px 0px 0px 0px;overflow:auto;background:#FFFFFF;">
<table style="font-family:Arial,Verdana,Times;font-size:12px;text-align:left;width:100%;border-collapse:collapse;padding:3px 3px 3px 3px">
<tr style="text-align:center;font-weight:bold;background:#9CBCE2">
<td>naliya</td>
</tr>
<tr>
<td>
<table style="font-family:Arial,Verdana,Times;font-size:12px;text-align:left;width:100%;border-spacing:0px; padding:3px 3px 3px 3px">
<tr>
<td>FID</td>
<td>0</td>
</tr>
<tr bgcolor="#D4E4F3">
<td>NAME</td>
<td>naliya</td>
</tr>
<tr>
<td>LAYER</td>
<td>Unknown Point Feature</td>
</tr>
<tr bgcolor="#D4E4F3">
<td>KML_FOLDER</td>
<td>naliya and bhuj airfield</td>
</tr>
<tr>
<td>BUFF_DIST</td>
<td>56</td>
</tr>
<tr bgcolor="#D4E4F3">
<td>ORIG_FID</td>
<td>0</td>
</tr>
</table>
</td>
</tr>
</table>
</body>
</html>
]]></description>
      <styleUrl>#PolyStyle40</styleUrl>
      <MultiGeometry>
        <Polygon>
          <extrude>0</extrude><altitudeMode>clampToGround</altitudeMode>
          <outerBoundaryIs><LinearRing><coordinates> 69.23626698010696,22.83723575744756,0 69.23763250280933,22.83470503013524,0 69.23815748272756,22.832902088276,0 69.23821558691424,22.83270254069896,0 69.23842744082026,22.83197496948765,0 69.23958186698485,22.83283424812845,0 69.25066159787104,22.8415390368769,0 69.26148882575012,22.85051335944109,0 69.27205589050681,22.85975090676124,0 69.28235531041008,22.86924518348906,0 69.29237978738678,22.87898951244739,0 69.30212221218272,22.88897703921759,0 69.31157566940618,22.89920073685261,0 69.32073344244969,22.90965341071239,0 69.3295890182896,22.92032770341882,0 69.33813609215571,22.93121609992772,0 69.34636857207124,22.94231093271213,0 69.35428058325863,22.95360438705785,0 69.3618664724055,22.96508850646296,0 69.36912081179179,22.97675519814311,0 69.37603840327188,22.98859623863342,0 69.38261428210888,23.0006032794887,0 69.3888437206582,23.01276785307482,0 69.39472223189972,23.02508137844876,0 69.40024557281077,23.03753516732303,0 69.4054097475809,23.05012043011175,0 69.41021101066559,23.06282828205281,0 69.41464586967311,23.07564974940266,0 69.41871108808567,23.08857577570086,0 69.42240368780909,23.10159722809829,0 69.42572095155066,23.11470490374592,0 69.42866042502203,23.12788953623999,0 69.43121991896413,23.1411418021184,0 69.43339751099438,23.15445232740484,0 69.43519154726914,23.16781169419613,0 69.43660064396641,23.18121044728679,0 69.43762368857972,23.19463910082936,0 69.43825984102705,23.20808814502288,0 69.43850853456996,23.22154805282543,0 69.43836947654142,23.23500928668869,0 69.43784264888399,23.24846230530619,0 69.43692830849147,23.26189757037321,0 69.43562698735951,23.27530555335136,0 69.43393949253868,23.28867674223596,0 69.43186690589164,23.30200164831848,0 69.42941058365324,23.31527081294018,0 69.42657215579339,23.32847481423391,0 69.42335352518018,23.34160427384609,0 69.41975686654609,23.35464986363655,0 69.41578462525467,23.36760231234996,0 69.4114395158677,23.38045241225444,0 69.40672452051479,23.39319102574257,0 69.4016428870637,23.40580909188952,0 69.39619812709373,23.4182976329646,0 69.39039401366989,23.43064776088886,0 69.38423457892219,23.44285068363723,0 69.37772411142907,23.45489771157742,0 69.37086715340445,23.46678026374309,0 69.3636684976945,23.47848987403461,0 69.35613318457933,23.4900181973436,0 69.3482664983876,23.50135701559805,0 69.34007396392042,23.51249824371962,0 69.33156134268995,23.52343393549182,0 69.32273462897336,23.53415628933431,0 69.31360004568558,23.544657653976,0 69.30416404007207,23.55493053402665,0 69.29443327922434,23.56496759543813,0 69.28441464542391,23.57476167085571,0 69.27411523131281,23.58430576485028,0 69.26354233489826,23.59359305903234,0 69.2527034543931,23.60261691703909,0 69.2416062828953,23.6113708893941,0 69.23025870291031,23.6198487182325,0 69.2186687807216,23.62804434189223,0 69.20684476061206,23.63595189936274,0 69.19479505894009,23.64356573459082,0 69.1825282580761,23.65088040063881,0 69.17005310020369,23.6578906636924,0 69.15737848098996,23.66459150691389,0 69.14451344312846,23.67097813413864,0 69.13146716976303,23.67704597341094,0 69.11824897779462,23.68279068035662,0 69.1048683110771,23.6882081413907,0 69.09133473350931,23.69329447675477,0 69.07765792202559,23.69804604338435,0 69.063847659494,23.70245943760301,0 69.04991382752451,23.70653149763899,0 69.03586639919644,23.71025930596574,0 69.02171543170743,23.7136401914621,0 69.00747105895425,23.71667173138997,0 68.99314348404732,23.71935175318964,0 68.97874297176764,23.72167833608989,0 68.96427984097261,23.72364981253168,0 68.94976445695585,23.72526476940516,0 68.93520722376701,23.72652204909656,0 68.920618576501,23.7274207503483,0 68.90600897355847,23.72796022892669,0 68.89138888888897,23.72814009810014,0 68.8767688042193,23.72796022892669,0 68.86215920127677,23.7274207503483,0 68.84757055401076,23.72652204909656,0 68.83301332082209,23.72526476940516,0 68.81849793680522,23.72364981253168,0 68.80403480601035,23.72167833608989,0 68.78963429373061,23.71935175318964,0 68.77530671882369,23.71667173138997,0 68.76106234607056,23.7136401914621,0 68.74691137858156,23.71025930596574,0 68.73286395025343,23.70653149763899,0 68.71893011828394,23.70245943760301,0 68.70511985575234,23.69804604338435,0 68.69144304426862,23.69329447675477,0 68.67790946670073,23.6882081413907,0 68.66452879998332,23.68279068035662,0 68.6513106080148,23.67704597341094,0 68.63826433464953,23.67097813413864,0 68.62539929678798,23.66459150691389,0 68.61272467757408,23.6578906636924,0 68.60024951970183,23.65088040063881,0 68.58798271883791,23.64356573459082,0 68.57593301716571,23.63595189936274,0 68.56410899705617,23.62804434189223,0 68.55251907486763,23.6198487182325,0 68.54117149488263,23.6113708893941,0 68.53007432338484,23.60261691703909,0 68.51923544287973,23.59359305903234,0 68.50866254646513,23.58430576485028,0 68.49836313235409,23.57476167085571,0 68.48834449855366,23.56496759543813,0 68.47861373770587,23.55493053402665,0 68.46917773209219,23.544657653976,0 68.46004314880457,23.53415628933431,0 68.45121643508799,23.52343393549182,0 68.44270381385752,23.51249824371962,0 68.43451127939034,23.50135701559805,0 68.42664459319866,23.4900181973436,0 68.41910928008349,23.47848987403461,0 68.41191062437338,23.46678026374309,0 68.40505366634886,23.45489771157742,0 68.39854319885575,23.44285068363723,0 68.39423130187089,23.43430805789956,0 68.40793359047984,23.4116841177559,0 68.41933534049048,23.40653886775095,0 68.42679509049736,23.41519036775912,0 68.43326859050342,23.41568436775947,0 68.4412968819255,23.42440168930477,0 68.44671053803359,23.43234892880969,0 68.44774459051689,23.43556611777808,0 68.44966984051882,23.43696861777937,0 68.45267484052141,23.4320916177748,0 68.45006059051917,23.4269296177701,0 68.44655134051584,23.42142036776494,0 68.44273584051228,23.41297286775699,0 68.44243159051194,23.40256711774725,0 68.44474234051415,23.39901661774411,0 68.45321884052203,23.39355711773896,0 68.45913409052758,23.39167936773725,0 68.45845609052691,23.36739636771472,0 68.48093659054786,23.36259661771015,0 68.48263059054949,23.36422836771158,0 68.48717609055359,23.36256961771022,0 68.48501259055172,23.35960186770734,0 68.48493834055159,23.35161161769992,0 68.48705184055342,23.34975486769815,0 68.49046159055666,23.35201061770027,0 68.49187834055806,23.35747411770535,0 68.49195809055811,23.3621896177097,0 68.49050434055664,23.36363186771109,0 68.50051734056609,23.36958061771657,0 68.50675884057199,23.36834711771559,0 68.51263334057734,23.37069136771771,0 68.51550459058006,23.36926111771623,0 68.51613309058058,23.3662296177136,0 68.51666209058118,23.36596236771334,0 68.51711309058152,23.36499386771243,0 68.52136234058548,23.36314086771063,0 68.52890484059247,23.36065361770841,0 68.53737409060039,23.35712936770511,0 68.54540159060792,23.35605436770408,0 68.55047309061257,23.3558468677038,0 68.55617809061795,23.35710936770505,0 68.56240884062368,23.36921111771619,0 68.56648609062739,23.37362161772035,0 68.57096409063166,23.37424886772089,0 68.57632534063663,23.37365786772034,0 68.58074034064083,23.37107886771798,0 68.57670109063702,23.37066736771766,0 68.57233209063293,23.37150136771845,0 68.5710455906318,23.37122236771813,0 68.56416884062543,23.36286486771036,0 68.56002006652051,23.3471258112092,0 68.55921897208901,23.34081663283393,0 68.56654384062756,23.3356763676851,0 68.58750534064706,23.3375056176867,0 68.5976328406565,23.33388536768331,0 68.60788534066603,23.3257863676759,0 68.61852084067596,23.33007411767989,0 68.61431334067208,23.32209861767245,0 68.58227184064214,23.3233826176737,0 68.58175509064165,23.31577986766655,0 68.57872859063883,23.31391061766482,0 68.57289159063339,23.31752136766818,0 68.57468334063509,23.30906861766033,0 68.57693009063712,23.30405236765563,0 68.5700273406307,23.30579986765719,0 68.56174259062306,23.31386386766468,0 68.56110634062247,23.31362211766458,0 68.55166709061365,23.30560936765704,0 68.5383925906014,23.28956061764211,0 68.53398209059725,23.28358361763657,0 68.53208284059554,23.27884661763204,0 68.5371825906002,23.26862486762263,0 68.53584959059896,23.26154936761611,0 68.54408509060664,23.25751336761221,0 68.5426565906053,23.25395511760894,0 68.54105559060378,23.24733761760268,0 68.54536759060773,23.24767386760311,0 68.55301884061498,23.24523336760086,0 68.55926184062088,23.24356411759919,0 68.5656120906267,23.25004661760528,0 68.55505009061682,23.26067586761525,0 68.56934759063006,23.26281761761715,0 68.57758134063789,23.25983761761444,0 68.58995734064939,23.25468511760965,0 68.6011710906597,23.25630161761109,0 68.60719684066532,23.2627808676171,0 68.61180659066963,23.27329711762695,0 68.61117384066915,23.28325011763616,0 68.61724059067478,23.29395836764627,0 68.62800484068475,23.29983486765161,0 68.63016734068674,23.29495711764719,0 68.62215784067934,23.29054311764293,0 68.6178530906754,23.2805811176338,0 68.61996234067726,23.27348461762716,0 68.62248534067959,23.26448836761875,0 68.62294109068,23.25951536761409,0 68.62890559068569,23.25602561761082,0 68.62074934067806,23.24994911760524,0 68.61608334067375,23.24757711760293,0 68.60826959066634,23.24091586759675,0 68.60576234066406,23.23693111759303,0 68.59142584065063,23.24249211759826,0 68.58445359064427,23.24097136759696,0 68.58047309064057,23.23723586759337,0 68.58188059064173,23.22986761758648,0 68.58776009064735,23.21855311757594,0 68.59273434065193,23.21372736757138,0 68.60587534066417,23.20258736756108,0 68.61460109067224,23.19336511755245,0 68.6215245906788,23.18813736754765,0 68.63524309069157,23.18238936754227,0 68.64222884069812,23.18389036754371,0 68.65023884070558,23.18339361754329,0 68.64316759069885,23.17583561753611,0 68.6481540907036,23.17056611753122,0 68.65244259070761,23.16393236752504,0 68.65791534071258,23.15282336751483,0 68.64287459069863,23.1664673675275,0 68.63613234069231,23.17290361753351,0 68.63538834069169,23.16629836752736,0 68.65588259071069,23.15459536751632,0 68.66644184072049,23.14248236750512,0 68.70529538918566,23.11980057978155,0 68.71797784076864,23.11244161747715,0 68.73606909078541,23.09912111746479,0 68.75096134079922,23.08551161745197,0 68.77537534082211,23.07278661744022,0 68.79650059084179,23.06727236743518,0 68.82198809086555,23.0492441174182,0 68.83469834087731,23.04038536741001,0 68.850458090892,23.03437986740443,0 68.88542009092447,23.01504186738646,0 68.91852009095533,22.99529561736801,0 68.96069029284325,22.96875525269104,0 68.98870759102073,22.95270861732837,0 69.00644274728131,22.94573076082349,0 69.02742684105681,22.93747461731419,0 69.05945759108653,22.91798136729608,0 69.07303984109922,22.91957386729746,0 69.07855284110434,22.91336736729181,0 69.08139859110713,22.9057313672846,0 69.09463887309806,22.89923612830376,0 69.11507009113836,22.89347986727313,0 69.12223509114517,22.88842711726858,0 69.12148534114442,22.87881286725968,0 69.14139734116299,22.87051686725181,0 69.15422418376937,22.86385330059994,0 69.16407484118395,22.85873586724091,0 69.18318934120197,22.85388011723632,0 69.18988659120805,22.84746611723034,0 69.19951782321306,22.84144174945328,0 69.2098780912267,22.83496136721874,0 69.22512159124091,22.84061811722404,0 69.22820184124373,22.84457661722774,0 69.23383910739892,22.84173534120595,0 69.23626698010696,22.83723575744756,0</coordinates></LinearRing></outerBoundaryIs>
        </Polygon>
      </MultiGeometry>
    </Placemark>
    <Placemark id="ID_60001">
      <name>BHUJ</name>
      <Snippet></Snippet>
      <description><![CDATA[<html xmlns:fo="http://www.w3.org/1999/XSL/Format" xmlns:msxsl="urn:schemas-microsoft-com:xslt">
<head>
<META http-equiv="Content-Type" content="text/html">
<meta http-equiv="content-type" content="text/html; charset=UTF-8">
</head>
<body style="margin:0px 0px 0px 0px;overflow:auto;background:#FFFFFF;">
<table style="font-family:Arial,Verdana,Times;font-size:12px;text-align:left;width:100%;border-collapse:collapse;padding:3px 3px 3px 3px">
<tr style="text-align:center;font-weight:bold;background:#9CBCE2">
<td>BHUJ</td>
</tr>
<tr>
<td>
<table style="font-family:Arial,Verdana,Times;font-size:12px;text-align:left;width:100%;border-spacing:0px; padding:3px 3px 3px 3px">
<tr>
<td>FID</td>
<td>1</td>
</tr>
<tr bgcolor="#D4E4F3">
<td>NAME</td>
<td>BHUJ</td>
</tr>
<tr>
<td>LAYER</td>
<td>Unknown Point Feature</td>
</tr>
<tr bgcolor="#D4E4F3">
<td>KML_FOLDER</td>
<td>naliya and bhuj airfield</td>
</tr>
<tr>
<td>BUFF_DIST</td>
<td>56</td>
</tr>
<tr bgcolor="#D4E4F3">
<td>ORIG_FID</td>
<td>1</td>
</tr>
</table>
</td>
</tr>
</table>
</body>
</html>
]]></description>
      <styleUrl>#PolyStyle40</styleUrl>
      <MultiGeometry>
        <Polygon>
          <extrude>0</extrude><altitudeMode>clampToGround</altitudeMode>
          <outerBoundaryIs><LinearRing><coordinates> 69.69985764658685,22.78198998311404,0 69.71434437189578,22.78288205429044,0 69.72404109170549,22.80103986718706,0 69.77621659175406,22.83133711721553,0 69.85555634182805,22.8688173672503,0 69.95202384191782,22.89845886727795,0 70.02795434198862,22.91738961729561,0 70.031288707285,22.90703914137822,0 70.04110801342188,22.9149594846192,0 70.05168014820106,22.92419687881204,0 70.06198451844739,22.93369100017065,0 70.07201382258518,22.94343517179084,0 70.08176094792276,22.95342253952828,0 70.09121897569918,22.96364607671097,0 70.10038118600841,22.97409858897402,0 70.10924106260057,22.98477271921377,0 70.11779229755541,22.99566095265914,0 70.12602879582352,23.00675562205441,0 70.13394467963508,23.01804891295382,0 70.14153429276877,23.02953286912151,0 70.14879220468077,23.04119939803405,0 70.15571321448977,23.05304027648441,0 70.16229235481313,23.06504715627955,0 70.16852489545442,23.07721157003209,0 70.17440634693583,23.08952493703976,0 70.17993246387516,23.1019785692493,0 70.18509924820336,23.11456367730153,0 70.18990295221909,23.12727137665354,0 70.19434008147903,23.14009269377317,0 70.19840739752118,23.1530185724028,0 70.20210192041662,23.16603987988663,0 70.20542093115029,23.1791474135602,0 70.20836197382488,23.1923319071941,0 70.2109228576897,23.20558403749106,0 70.21310165898711,23.21889443062861,0 70.21489672262084,23.23225366884685,0 70.21630666363757,23.24565229707332,0 70.2173303685243,23.25908082958188,0 70.21796699631869,23.27252975668114,0 70.21821597952999,23.28598955142832,0 70.21807702486853,23.29945067636214,0 70.21755011378525,23.31290359025115,0 70.2166355028159,23.32633875485425,0 70.21533372373244,23.33974664168488,0 70.21364558349666,23.35311773877845,0 70.2115721640198,23.3664425574546,0 70.20911482172374,23.37971163907122,0 70.20627518690367,23.39291556176653,0 70.20305516289341,23.40604494718076,0 70.19945692503234,23.41909046715597,0 70.1954829194313,23.43204285040832,0 70.19113586154214,23.44489288916685,0 70.18641873452697,23.4576314457741,0 70.18133478742845,23.47024945924551,0 70.17588753314345,23.48273795178022,0 70.17008074619758,23.49508803522002,0 70.16391846032474,23.50729091745075,0 70.15740496584834,23.5193379087433,0 70.15054480687058,23.53122042802505,0 70.14334277826612,23.54293000908257,0 70.13580392248542,23.55445830668691,0 70.1279335261666,23.56579710263742,0 70.11973711655901,23.57693831172145,0 70.11122045776074,23.58787398758193,0 70.10238954677141,23.59859632849293,0 70.09325060936226,23.6090976830323,0 70.08381009576902,23.61937055565488,0 70.07407467620465,23.62940761215407,0 70.06405123620061,23.63920168501312,0 70.05374687177681,23.64874577863878,0 70.04316888444293,23.6580330744755,0 70.03232477603649,23.66705693599255,0 70.02122224339996,23.67581091354498,0 70.00986917290095,23.68428874909978,0 69.99827363479881,23.69248438082701,0 69.98644387746299,23.70039194754878,0 69.97438832144712,23.70800579304671,0 69.96211555342126,23.71532047021981,0 69.94963431996968,23.72233074509347,0 69.93695352125764,23.7290316006729,0 69.92408220457099,23.73541824064017,0 69.91102955773562,23.74148609289051,0 69.89780490242026,23.74723081290631,0 69.88441768732912,23.75264828696356,0 69.87087748128829,23.7577346351714,0 69.85719396623341,23.76248621433922,0 69.84337693010235,23.7668996206703,0 69.82943625963952,23.77097169228085,0 69.81538193311826,23.7746995115395,0 69.80122401298604,23.77808040722789,0 69.78697263843924,23.78111195651911,0 69.7726380179335,23.78379198677317,0 69.75823042163603,23.78611857714742,0 69.74376017382588,23.78809006002035,0 69.72923764524921,23.78970502222859,0 69.7146732454338,23.7909623061152,0 69.70007741497272,23.79186101038795,0 69.68546061778147,23.79240049078896,0 69.67083333333341,23.79258036057149,0 69.65620604888539,23.79240049078896,0 69.64158925169392,23.79186101038795,0 69.62699342123307,23.7909623061152,0 69.61242902141743,23.78970502222859,0 69.59790649284076,23.78809006002035,0 69.58343624503084,23.78611857714742,0 69.56902864873331,23.78379198677317,0 69.55469402822746,23.78111195651911,0 69.54044265368066,23.77808040722789,0 69.52628473354855,23.7746995115395,0 69.51223040702735,23.77097169228085,0 69.49828973656452,23.7668996206703,0 69.48447270043346,23.76248621433922,0 69.47078918537858,23.7577346351714,0 69.45724897933775,23.75264828696356,0 69.44386176424638,23.74723081290631,0 69.43063710893119,23.74148609289051,0 69.41758446209582,23.73541824064017,0 69.40471314540906,23.7290316006729,0 69.39203234669696,23.72233074509347,0 69.37955111324561,23.71532047021981,0 69.36727834521957,23.70800579304671,0 69.35522278920371,23.70039194754878,0 69.34339303186806,23.69248438082701,0 69.33179749376569,23.68428874909978,0 69.32044442326674,23.67581091354498,0 69.30934189063032,23.66705693599255,0 69.29849778222393,23.6580330744755,0 69.28791979489,23.64874577863878,0 69.27761543046608,23.63920168501312,0 69.26759199046222,23.62940761215407,0 69.25785657089767,23.61937055565488,0 69.24841605730438,23.6090976830323,0 69.23927711989541,23.59859632849293,0 69.23044620890596,23.58787398758193,0 69.22192955010763,23.57693831172145,0 69.2137331405001,23.56579710263742,0 69.20586274418122,23.55445830668691,0 69.19832388840069,23.54293000908257,0 69.19112185979628,23.53122042802505,0 69.18426170081852,23.5193379087433,0 69.17774820634196,23.50729091745075,0 69.17158592046906,23.49508803522002,0 69.16577913352336,23.48273795178022,0 69.16033187923824,23.47024945924551,0 69.1552479321399,23.4576314457741,0 69.1505308051245,23.44489288916685,0 69.1461837472354,23.43204285040832,0 69.14220974163436,23.41909046715597,0 69.13861150377323,23.40604494718076,0 69.13539147976314,23.39291556176653,0 69.13255184494307,23.37971163907122,0 69.13009450264684,23.3664425574546,0 69.12802108317021,23.35311773877845,0 69.12633294293443,23.33974664168488,0 69.12503116385079,23.32633875485425,0 69.12411655288162,23.31290359025115,0 69.12358964179833,23.29945067636214,0 69.12345068713682,23.28598955142832,0 69.12369967034795,23.27252975668114,0 69.12433629814234,23.25908082958188,0 69.12536000302907,23.24565229707332,0 69.1267699440458,23.23225366884685,0 69.12856500767953,23.21889443062861,0 69.13074380897717,23.20558403749106,0 69.13330469284176,23.1923319071941,0 69.13624573551641,23.1791474135602,0 69.13956474625002,23.16603987988663,0 69.14325926914563,23.1530185724028,0 69.14732658518784,23.14009269377317,0 69.15176371444778,23.12727137665354,0 69.15656741846328,23.11456367730153,0 69.16173420279154,23.1019785692493,0 69.16726031973104,23.08952493703976,0 69.17314177121244,23.07721157003209,0 69.17937431185368,23.06504715627955,0 69.18595345217688,23.05304027648441,0 69.19287446198587,23.04119939803405,0 69.20013237389804,23.02953286912151,0 69.20772198703156,23.01804891295382,0 69.2156378708433,23.00675562205441,0 69.22387436911146,22.99566095265914,0 69.23242560406607,22.98477271921377,0 69.24128548065829,22.97409858897402,0 69.25044769096746,22.96364607671097,0 69.25990571874388,22.95342253952828,0 69.26965284408169,22.94343517179084,0 69.27968214821948,22.93369100017065,0 69.28998651846575,22.92419687881204,0 69.30055865324493,22.9149594846192,0 69.31139106725982,22.90598531266892,0 69.32247609676887,22.89728067175241,0 69.33380590497194,22.88885168004782,0 69.34537248750422,22.88070426092497,0 69.35716767803109,22.87284413888977,0 69.36918315394274,22.86527683566396,0 69.38141044214444,22.85800766640813,0 69.39384092493617,22.85104173608789,0 69.40646584598323,22.84438393598504,0 69.41927631636656,22.83803894035816,0 69.43226332071669,22.8320112032514,0 69.44541772342143,22.82630495545658,0 69.45873027490609,22.82092420162775,0 69.47219161798256,22.81587271755228,0 69.48579229426218,22.81115404757861,0 69.49952275062924,22.80677150220254,0 69.51337334577079,22.8027281558135,0 69.52733435675844,22.79902684460274,0 69.5413959856794,22.79567016463443,0 69.5555483663116,22.79266047007934,0 69.56978157083898,22.78999987161529,0 69.58408561660315,22.78769023499183,0 69.5984504728886,22.78573317976264,0 69.61286606773427,22.78413007818585,0 69.6273222947712,22.78288205429044,0 69.64180902007985,22.78198998311404,0 69.65631608906341,22.78145449010873,0 69.67083333333341,22.78127595071533,0 69.68535057760323,22.78145449010873,0 69.69985764658685,22.78198998311404,0</coordinates></LinearRing></outerBoundaryIs>
        </Polygon>
      </MultiGeometry>
    </Placemark>
  </Folder>
  <Folder id="FeatureLayer7">
    <name>kutch_2_new</name>
    <Snippet></Snippet>
    <Placemark id="ID_70000">
      <name>Gujarat</name>
      <Snippet></Snippet>
      <description><![CDATA[<html xmlns:fo="http://www.w3.org/1999/XSL/Format" xmlns:msxsl="urn:schemas-microsoft-com:xslt">
<head>
<META http-equiv="Content-Type" content="text/html">
<meta http-equiv="content-type" content="text/html; charset=UTF-8">
</head>
<body style="margin:0px 0px 0px 0px;overflow:auto;background:#FFFFFF;">
<table style="font-family:Arial,Verdana,Times;font-size:12px;text-align:left;width:100%;border-collapse:collapse;padding:3px 3px 3px 3px">
<tr style="text-align:center;font-weight:bold;background:#9CBCE2">
<td>Gujarat</td>
</tr>
<tr>
<td>
<table style="font-family:Arial,Verdana,Times;font-size:12px;text-align:left;width:100%;border-spacing:0px; padding:3px 3px 3px 3px">
<tr>
<td>FID</td>
<td>1</td>
</tr>
<tr bgcolor="#D4E4F3">
<td>FID_gujarat</td>
<td>0</td>
</tr>
<tr>
<td>STATE</td>
<td>Gujarat</td>
</tr>
<tr bgcolor="#D4E4F3">
<td>DISTRICT</td>
<td>Banaskantha</td>
</tr>
<tr>
<td>RR</td>
<td>Banaskantha (202-213)</td>
</tr>
<tr bgcolor="#D4E4F3">
<td>FID_Kutch_2</td>
<td>0</td>
</tr>
<tr>
<td>Id</td>
<td>0</td>
</tr>
</table>
</td>
</tr>
</table>
</body>
</html>
]]></description>
      <styleUrl>#PolyStyle40</styleUrl>
      <MultiGeometry>
        <Polygon>
          <extrude>0</extrude><altitudeMode>clampToGround</altitudeMode>
          <outerBoundaryIs><LinearRing><coordinates> 71.53337743531436,23.98019391071723,0 71.53333333361344,24.24999999998158,0 71.30298162358177,24.25032560805968,0 71.31047559343095,24.24661011925665,0 71.31434784301597,24.24203211910949,0 71.31286334277652,24.23961186910125,0 71.30656984314112,24.24014336896824,0 71.30314359279862,24.23951561923606,0 71.30084584269378,24.23894036898334,0 71.29861134331485,24.23645661843327,0 71.30640659331152,24.23338136884758,0 71.31190134319229,24.23006936854965,0 71.32045009358193,24.20912336902366,0 71.32383809287595,24.20305111896363,0 71.32664834297074,24.20194386897358,0 71.33255959352893,24.20228036867008,0 71.33475134343914,24.19903461879429,0 71.33542209280701,24.18926861890997,0 71.33806909356032,24.18290511922057,0 71.34043834312625,24.18191586889836,0 71.34500909300958,24.18884586863382,0 71.34817959338628,24.18993336897159,0 71.35272909363026,24.18923511838278,0 71.35583159295182,24.19043836851526,0 71.35963559330781,24.18979711880836,0 71.36890134292305,24.1910958690723,0 71.37120334363158,24.19028461872074,0 71.3693565928982,24.18722161913214,0 71.3705193428795,24.17919236854866,0 71.36742409326514,24.17544111833709,0 71.36531884291385,24.17440711870777,0 71.36063959291258,24.17592161902794,0 71.35790384283224,24.17540786871828,0 71.355814842981,24.17090361860346,0 71.35290359308827,24.16843086839782,0 71.34138909278914,24.16781586916388,0 71.33505234274803,24.16511261910955,0 71.33251009315578,24.16321836905784,0 71.33901384314363,24.15840811832807,0 71.33610509285559,24.1552318687097,0 71.33012159278681,24.15599861892543,0 71.32645384305886,24.15548436842991,0 71.32262559322417,24.14867861851254,0 71.31763759273065,24.15105561868002,0 71.31281184284123,24.15579861899755,0 71.30740934266687,24.16395186889671,0 71.30452434355142,24.16696411838692,0 71.30170634290567,24.16927911899758,0 71.2980378432452,24.16835836900102,0 71.29246259270421,24.17409361897042,0 71.28940184352592,24.17612461865101,0 71.28665984345754,24.17641186898197,0 71.28492234361012,24.17537661839166,0 71.28230259280122,24.17537786849153,0 71.27576834355177,24.16221536886529,0 71.28953034340471,24.15294661890704,0 71.28929159315483,24.14989086912861,0 71.28512109301593,24.14908186895846,0 71.28357259287107,24.1478201185928,0 71.28136709345797,24.14065336870653,0 71.27845534344182,24.13799461890128,0 71.27828534289822,24.1341863688906,0 71.28184659295422,24.13325411892276,0 71.28824634333479,24.136886119169,0 71.29266134285292,24.13775036879108,0 71.30190634349061,24.1340361183392,0 71.30814159293791,24.13362161875228,0 71.31449309309539,24.13476786875719,0 71.31736209322685,24.13407236872929,0 71.31731734324845,24.13130011888277,0 71.31447459272478,24.12719536864092,0 71.31835034284677,24.12505536842797,0 71.33226459269093,24.13265311851224,0 71.33605934348979,24.13373936874992,0 71.33862809323458,24.13073411836249,0 71.34288009307156,24.11922611865205,0 71.34342759295252,24.11090811837781,0 71.34225634320737,24.10877786836024,0 71.33733884348656,24.10716936858269,0 71.33348834358314,24.10434336910762,0 71.32932009315908,24.10273311858013,0 71.32672334328349,24.0970671182702,0 71.32686459350593,24.09122161860045,0 71.32424484292198,24.08474261886546,0 71.31676209287563,24.07291636844331,0 71.31592434329508,24.0700573687071,0 71.31591484309249,24.06138036853683,0 71.31710509341701,24.0585811184383,0 71.32026009349329,24.05595761872399,0 71.32491459302446,24.05516486880613,0 71.32775684357433,24.05237136870998,0 71.32718234273298,24.04985486854752,0 71.32228059284778,24.04617786841508,0 71.31576359310151,24.03960236843223,0 71.31111234276524,24.03239886877616,0 71.30567859269566,24.02675586885503,0 71.29660459333023,24.01339411834071,0 71.28567859279256,23.99885411887669,0 71.28607509361652,23.99885586835209,0 71.28732284354543,23.99096061885728,0 71.2912588428253,23.98839136837459,0 71.29791184305894,23.9872241182242,0 71.3097100928434,23.98815936876662,0 71.31218884348685,23.987019868884,0 71.31562109307237,23.98207836850043,0 71.31931709305124,23.98127536856293,0 71.32725209296649,23.97599361877256,0 71.33241484272443,23.96873486820421,0 71.34314209296548,23.96682311830165,0 71.36022734344502,23.96729911856815,0 71.36407159347903,23.96674561823691,0 71.36598184349673,23.96287036850264,0 71.36960534302681,23.96156161850188,0 71.37071734321188,23.9572701187807,0 71.37283509298604,23.95340186812346,0 71.3863040928788,23.95241661896958,0 71.38855134369689,23.95609011836831,0 71.38950134317282,23.96255486863453,0 71.39185784340047,23.96323411820855,0 71.39454509327797,23.96294236857628,0 71.40214434350295,23.95331836846486,0 71.40476409335459,23.9465258685363,0 71.4051733434587,23.93428636849986,0 71.40831259345109,23.93008961845306,0 71.41324709361258,23.92673661844029,0 71.41763734354106,23.92912761814519,0 71.42398834286099,23.93403611845175,0 71.43733159279415,23.93828136880575,0 71.44413734281753,23.94141786829911,0 71.44634159313291,23.94640711839424,0 71.4479945932401,23.95871336881182,0 71.45098734297063,23.96332461834728,0 71.44706984346134,23.96848411862366,0 71.44739709331631,23.97810786837401,0 71.44372234327999,23.97917336816586,0 71.44276134292132,23.98330311852154,0 71.45217134323374,23.9908211189804,0 71.46027559365443,23.99984536868705,0 71.46274384344112,24.01112411820453,0 71.47263559291248,24.02132436898776,0 71.47706734298886,24.02360486838705,0 71.48194884325326,24.02397786833125,0 71.48582159370726,24.01911961826696,0 71.48890784284001,24.01739311845209,0 71.49191584339029,24.01384036833881,0 71.49020959360028,23.99998436897164,0 71.48935384314167,23.99292611870479,0 71.48770384324936,23.9877516186306,0 71.48853484358072,23.98218461835084,0 71.48794384366522,23.97651986823154,0 71.49096384364563,23.9709408685626,0 71.49672959365346,23.96978511866914,0 71.50087484315988,23.9707901185049,0 71.50551034356108,23.97445811843923,0 71.51124459367936,23.97653086903643,0 71.52629409335059,23.97954611890666,0 71.53308484314749,23.9802143686421,0 71.53337743531436,23.98019391071723,0</coordinates></LinearRing></outerBoundaryIs>
        </Polygon>
      </MultiGeometry>
    </Placemark>
    <Placemark id="ID_70001">
      <name>Gujarat</name>
      <Snippet></Snippet>
      <description><![CDATA[<html xmlns:fo="http://www.w3.org/1999/XSL/Format" xmlns:msxsl="urn:schemas-microsoft-com:xslt">
<head>
<META http-equiv="Content-Type" content="text/html">
<meta http-equiv="content-type" content="text/html; charset=UTF-8">
</head>
<body style="margin:0px 0px 0px 0px;overflow:auto;background:#FFFFFF;">
<table style="font-family:Arial,Verdana,Times;font-size:12px;text-align:left;width:100%;border-collapse:collapse;padding:3px 3px 3px 3px">
<tr style="text-align:center;font-weight:bold;background:#9CBCE2">
<td>Gujarat</td>
</tr>
<tr>
<td>
<table style="font-family:Arial,Verdana,Times;font-size:12px;text-align:left;width:100%;border-spacing:0px; padding:3px 3px 3px 3px">
<tr>
<td>FID</td>
<td>2</td>
</tr>
<tr bgcolor="#D4E4F3">
<td>FID_gujarat</td>
<td>1</td>
</tr>
<tr>
<td>STATE</td>
<td>Gujarat</td>
</tr>
<tr bgcolor="#D4E4F3">
<td>DISTRICT</td>
<td>Kutch</td>
</tr>
<tr>
<td>RR</td>
<td>Kutch (183-209)</td>
</tr>
<tr bgcolor="#D4E4F3">
<td>FID_Kutch_2</td>
<td>0</td>
</tr>
<tr>
<td>Id</td>
<td>0</td>
</tr>
</table>
</td>
</tr>
</table>
</body>
</html>
]]></description>
      <styleUrl>#PolyStyle40</styleUrl>
      <MultiGeometry>
        <Polygon>
          <extrude>0</extrude><altitudeMode>clampToGround</altitudeMode>
          <outerBoundaryIs><LinearRing><coordinates> 71.30298162358177,24.25032560805968,0 70.88423314585,24.25000196859942,0 70.88075309263309,24.24799536905932,0 70.87975109239099,24.24821936846643,0 70.87900684286186,24.24774861888705,0 70.87854109254873,24.24682811860075,0 70.86778084264476,24.24487561896457,0 70.86695709298522,24.24471361923985,0 70.86317834315678,24.24514136918199,0 70.86037284295523,24.24582311905971,0 70.85959734253828,24.24600761896752,0 70.85442934298287,24.2449501187201,0 70.84977759301458,24.24279036841508,0 70.84779259280322,24.2413363692379,0 70.84637334263938,24.23893111924545,0 70.84494284266478,24.23732336900798,0 70.83921834284369,24.23248811919582,0 70.83347284281069,24.22926386876945,0 70.8138583429737,24.22669961853754,0 70.79597934231074,24.2241471184943,0 70.78243209221782,24.22163136876365,0 70.76713184258229,24.2207043688314,0 70.75876984265025,24.21983411854372,0 70.74865984240346,24.21973911849512,0 70.74101709271633,24.22006486865026,0 70.73408734248649,24.22069136872204,0 70.72723059281785,24.2190428686547,0 70.72160334287555,24.21694711907017,0 70.7112463430215,24.2177646186333,0 70.71075134247353,24.21730311843783,0 70.68834059266949,24.2206943690458,0 70.66914159261985,24.22073911865411,0 70.64427234203987,24.2250126190524,0 70.61042459273582,24.23934986909067,0 70.60228909278183,24.24268361844166,0 70.59650884206707,24.24521786842776,0 70.59268784252114,24.24613486859183,0 70.58156984217153,24.24888336881265,0 70.57680883374937,24.25189941951413,0 70.09055735255768,24.25360665070178,0 70.08830934246588,24.24720561896362,0 70.07597459241462,24.22443961880384,0 70.0724333417506,24.21781386837806,0 70.06739759224538,24.20279286849524,0 70.06524259218727,24.19849711895085,0 70.06440909165094,24.19759161849178,0 70.06346534201582,24.19713811862522,0 70.05120159172274,24.19060161910299,0 70.04322409177395,24.1833038691737,0 70.04194334169428,24.18213136834055,0 70.03810284200635,24.17857036877558,0 70.024716591507,24.17201636833632,0 70.01711984150508,24.17049036904871,0 70.01612309212163,24.17033761867116,0 69.99755259224686,24.1704933685048,0 69.97984759142709,24.17135886891332,0 69.95262934179308,24.17163361886049,0 69.8782063418883,24.17114386841849,0 69.81138034169597,24.17241086879682,0 69.77184184141932,24.17180211891489,0 69.72977484205052,24.17226486903854,0 69.71471159180602,24.18452636888221,0 69.63578511794171,24.25375186106967,0 69.23131790971127,24.25270071774152,0 69.19251384104234,24.23835436864749,0 69.15375731079932,24.25237206315784,0 69.05195408897588,24.25187857685978,0 69.03975884063925,24.2454751185941,0 69.03502584138933,24.2425601187142,0 69.0346138408209,24.24201586888275,0 69.02882159090686,24.23450861858711,0 69.02193234140591,24.22995636894098,0 69.00767634085544,24.22390386896283,0 69.004958591153,24.22361911898544,0 68.98934709064105,24.2280608683639,0 68.98333759095756,24.23244336920228,0 68.98285434114827,24.23382636918159,0 68.98185384136966,24.23380761844059,0 68.97584167100094,24.25146355468803,0 68.89140055790823,24.25095698286936,0 68.88434084099852,24.22559411915494,0 68.87817784050578,24.2153081187995,0 68.8752733410804,24.21366336864504,0 68.8733643409106,24.21302836884242,0 68.87117559045727,24.21242386881871,0 68.86770209118554,24.21235636858553,0 68.86612259055298,24.21257186918023,0 68.85857409129396,24.21350611859184,0 68.85855459130778,24.21419961888905,0 68.85422684081902,24.21638111892063,0 68.85255159084777,24.21726386860338,0 68.85081659130351,24.22149036844845,0 68.84347454622599,24.25064787654943,0 68.76817818791106,24.25013065454734,0 68.76547934103942,24.19592061845081,0 68.76269809055601,24.13552836879422,0 68.7624053403936,24.1295303686257,0 68.76221059040485,24.12835686826875,0 68.76175634091459,24.12767911842097,0 68.76137034086209,24.12043911864083,0 68.76054434040715,24.10531036842755,0 68.75971859123293,24.09020936848096,0 68.7595545905332,24.08692261868928,0 68.75880584096508,24.08691386907532,0 68.75871359057646,24.08479636884129,0 68.75913384088663,24.08204911897967,0 68.75912884060459,24.08127061838027,0 68.75818456589171,24.06362766117304,0 68.76666666671392,23.86666666686189,0 71.08060643500754,23.87017163014568,0 71.08110034248308,23.87115811871661,0 71.08458809320148,23.87612686855163,0 71.0943890927602,23.89371586876544,0 71.09967509316256,23.90126161851196,0 71.10851009316296,23.90492811832933,0 71.11806809268737,23.90636661867628,0 71.12573834258845,23.90632261850256,0 71.12978659317369,23.90791111818779,0 71.13671284343077,23.90795961810886,0 71.14383834315167,23.91008336857663,0 71.14947259256027,23.91291886853118,0 71.15367459266423,23.91307636820814,0 71.17419234316016,23.92040561816146,0 71.17633534341455,23.92488836842192,0 71.18080934292701,23.92429986891952,0 71.18420484346599,23.92156611816104,0 71.19130709277086,23.91977686858012,0 71.19696634326586,23.92266961848066,0 71.20035409339678,23.92502311871387,0 71.20552259263611,23.92861161866058,0 71.21129909318979,23.9309316185326,0 71.21854834258814,23.93156211880623,0 71.22544134323986,23.9303403685197,0 71.23132409289435,23.92684661865758,0 71.23909184255982,23.91811386893494,0 71.24986234285137,23.92042061862001,0 71.2480493430281,23.92923361829712,0 71.25222334349016,23.93140261900941,0 71.25749159297072,23.92915736842981,0 71.259928843083,23.92513561812325,0 71.26400284273232,23.92195011818739,0 71.26878909327543,23.92159361837308,0 71.2714138434754,23.92367136873891,0 71.27213734349421,23.92719311856873,0 71.27155559300471,23.93194561864389,0 71.27297234270485,23.93381861869057,0 71.27679509326583,23.93097361895193,0 71.27878284270002,23.92802836893336,0 71.28432709308483,23.92666286837486,0 71.29037109290721,23.92644861858595,0 71.29450609269406,23.92711761821868,0 71.29846834354929,23.9292778682371,0 71.29862359296601,23.93278786851897,0 71.29750909287446,23.93678361820758,0 71.28926109274369,23.94717786818883,0 71.29038334315173,23.94944411882478,0 71.30241234268055,23.95081311885946,0 71.3022075932444,23.95333611878231,0 71.29667009275462,23.96528686884656,0 71.29917284351555,23.96811586869261,0 71.31225884318197,23.97802211821195,0 71.31562109307237,23.98207836850043,0 71.31218884348685,23.987019868884,0 71.3097100928434,23.98815936876662,0 71.29791184305894,23.9872241182242,0 71.2912588428253,23.98839136837459,0 71.28732284354543,23.99096061885728,0 71.28607509361652,23.99885586835209,0 71.28567859279256,23.99885411887669,0 71.29660459333023,24.01339411834071,0 71.30567859269566,24.02675586885503,0 71.31111234276524,24.03239886877616,0 71.31576359310151,24.03960236843223,0 71.32228059284778,24.04617786841508,0 71.32718234273298,24.04985486854752,0 71.32775684357433,24.05237136870998,0 71.32491459302446,24.05516486880613,0 71.32026009349329,24.05595761872399,0 71.31710509341701,24.0585811184383,0 71.31591484309249,24.06138036853683,0 71.31592434329508,24.0700573687071,0 71.31676209287563,24.07291636844331,0 71.32424484292198,24.08474261886546,0 71.32686459350593,24.09122161860045,0 71.32672334328349,24.0970671182702,0 71.32932009315908,24.10273311858013,0 71.33348834358314,24.10434336910762,0 71.33733884348656,24.10716936858269,0 71.34225634320737,24.10877786836024,0 71.34342759295252,24.11090811837781,0 71.34288009307156,24.11922611865205,0 71.33862809323458,24.13073411836249,0 71.33605934348979,24.13373936874992,0 71.33226459269093,24.13265311851224,0 71.31835034284677,24.12505536842797,0 71.31447459272478,24.12719536864092,0 71.31731734324845,24.13130011888277,0 71.31736209322685,24.13407236872929,0 71.31449309309539,24.13476786875719,0 71.30814159293791,24.13362161875228,0 71.30190634349061,24.1340361183392,0 71.29266134285292,24.13775036879108,0 71.28824634333479,24.136886119169,0 71.28184659295422,24.13325411892276,0 71.27828534289822,24.1341863688906,0 71.27845534344182,24.13799461890128,0 71.28136709345797,24.14065336870653,0 71.28357259287107,24.1478201185928,0 71.28512109301593,24.14908186895846,0 71.28929159315483,24.14989086912861,0 71.28953034340471,24.15294661890704,0 71.27576834355177,24.16221536886529,0 71.28230259280122,24.17537786849153,0 71.28492234361012,24.17537661839166,0 71.28665984345754,24.17641186898197,0 71.28940184352592,24.17612461865101,0 71.29246259270421,24.17409361897042,0 71.2980378432452,24.16835836900102,0 71.30170634290567,24.16927911899758,0 71.30452434355142,24.16696411838692,0 71.30740934266687,24.16395186889671,0 71.31281184284123,24.15579861899755,0 71.31763759273065,24.15105561868002,0 71.32262559322417,24.14867861851254,0 71.32645384305886,24.15548436842991,0 71.33012159278681,24.15599861892543,0 71.33610509285559,24.1552318687097,0 71.33901384314363,24.15840811832807,0 71.33251009315578,24.16321836905784,0 71.33505234274803,24.16511261910955,0 71.34138909278914,24.16781586916388,0 71.35290359308827,24.16843086839782,0 71.355814842981,24.17090361860346,0 71.35790384283224,24.17540786871828,0 71.36063959291258,24.17592161902794,0 71.36531884291385,24.17440711870777,0 71.36742409326514,24.17544111833709,0 71.3705193428795,24.17919236854866,0 71.3693565928982,24.18722161913214,0 71.37120334363158,24.19028461872074,0 71.36890134292305,24.1910958690723,0 71.35963559330781,24.18979711880836,0 71.35583159295182,24.19043836851526,0 71.35272909363026,24.18923511838278,0 71.34817959338628,24.18993336897159,0 71.34500909300958,24.18884586863382,0 71.34043834312625,24.18191586889836,0 71.33806909356032,24.18290511922057,0 71.33542209280701,24.18926861890997,0 71.33475134343914,24.19903461879429,0 71.33255959352893,24.20228036867008,0 71.32664834297074,24.20194386897358,0 71.32383809287595,24.20305111896363,0 71.32045009358193,24.20912336902366,0 71.31190134319229,24.23006936854965,0 71.30640659331152,24.23338136884758,0 71.29861134331485,24.23645661843327,0 71.30084584269378,24.23894036898334,0 71.30314359279862,24.23951561923606,0 71.30656984314112,24.24014336896824,0 71.31286334277652,24.23961186910125,0 71.31434784301597,24.24203211910949,0 71.31047559343095,24.24661011925665,0 71.30298162358177,24.25032560805968,0</coordinates></LinearRing></outerBoundaryIs>
        </Polygon>
      </MultiGeometry>
    </Placemark>
    <Placemark id="ID_70002">
      <name>Gujarat</name>
      <Snippet></Snippet>
      <description><![CDATA[<html xmlns:fo="http://www.w3.org/1999/XSL/Format" xmlns:msxsl="urn:schemas-microsoft-com:xslt">
<head>
<META http-equiv="Content-Type" content="text/html">
<meta http-equiv="content-type" content="text/html; charset=UTF-8">
</head>
<body style="margin:0px 0px 0px 0px;overflow:auto;background:#FFFFFF;">
<table style="font-family:Arial,Verdana,Times;font-size:12px;text-align:left;width:100%;border-collapse:collapse;padding:3px 3px 3px 3px">
<tr style="text-align:center;font-weight:bold;background:#9CBCE2">
<td>Gujarat</td>
</tr>
<tr>
<td>
<table style="font-family:Arial,Verdana,Times;font-size:12px;text-align:left;width:100%;border-spacing:0px; padding:3px 3px 3px 3px">
<tr>
<td>FID</td>
<td>3</td>
</tr>
<tr bgcolor="#D4E4F3">
<td>FID_gujarat</td>
<td>9</td>
</tr>
<tr>
<td>STATE</td>
<td>Gujarat</td>
</tr>
<tr bgcolor="#D4E4F3">
<td>DISTRICT</td>
<td>Patan</td>
</tr>
<tr>
<td>RR</td>
<td>Patan (201-210)</td>
</tr>
<tr bgcolor="#D4E4F3">
<td>FID_Kutch_2</td>
<td>0</td>
</tr>
<tr>
<td>Id</td>
<td>0</td>
</tr>
</table>
</td>
</tr>
</table>
</body>
</html>
]]></description>
      <styleUrl>#PolyStyle40</styleUrl>
      <MultiGeometry>
        <Polygon>
          <extrude>0</extrude><altitudeMode>clampToGround</altitudeMode>
          <outerBoundaryIs><LinearRing><coordinates> 71.53337743531436,23.98019391071723,0 71.53308484314749,23.9802143686421,0 71.52629409335059,23.97954611890666,0 71.51124459367936,23.97653086903643,0 71.50551034356108,23.97445811843923,0 71.50087484315988,23.9707901185049,0 71.49672959365346,23.96978511866914,0 71.49096384364563,23.9709408685626,0 71.48794384366522,23.97651986823154,0 71.48853484358072,23.98218461835084,0 71.48770384324936,23.9877516186306,0 71.48935384314167,23.99292611870479,0 71.49020959360028,23.99998436897164,0 71.49191584339029,24.01384036833881,0 71.48890784284001,24.01739311845209,0 71.48582159370726,24.01911961826696,0 71.48194884325326,24.02397786833125,0 71.47706734298886,24.02360486838705,0 71.47263559291248,24.02132436898776,0 71.46274384344112,24.01112411820453,0 71.46027559365443,23.99984536868705,0 71.45217134323374,23.9908211189804,0 71.44276134292132,23.98330311852154,0 71.44372234327999,23.97917336816586,0 71.44739709331631,23.97810786837401,0 71.44706984346134,23.96848411862366,0 71.45098734297063,23.96332461834728,0 71.4479945932401,23.95871336881182,0 71.44634159313291,23.94640711839424,0 71.44413734281753,23.94141786829911,0 71.43733159279415,23.93828136880575,0 71.42398834286099,23.93403611845175,0 71.41763734354106,23.92912761814519,0 71.41324709361258,23.92673661844029,0 71.40831259345109,23.93008961845306,0 71.4051733434587,23.93428636849986,0 71.40476409335459,23.9465258685363,0 71.40214434350295,23.95331836846486,0 71.39454509327797,23.96294236857628,0 71.39185784340047,23.96323411820855,0 71.38950134317282,23.96255486863453,0 71.38855134369689,23.95609011836831,0 71.3863040928788,23.95241661896958,0 71.37283509298604,23.95340186812346,0 71.37071734321188,23.9572701187807,0 71.36960534302681,23.96156161850188,0 71.36598184349673,23.96287036850264,0 71.36407159347903,23.96674561823691,0 71.36022734344502,23.96729911856815,0 71.34314209296548,23.96682311830165,0 71.33241484272443,23.96873486820421,0 71.32725209296649,23.97599361877256,0 71.31931709305124,23.98127536856293,0 71.31562109307237,23.98207836850043,0 71.31225884318197,23.97802211821195,0 71.29917284351555,23.96811586869261,0 71.29667009275462,23.96528686884656,0 71.3022075932444,23.95333611878231,0 71.30241234268055,23.95081311885946,0 71.29038334315173,23.94944411882478,0 71.28926109274369,23.94717786818883,0 71.29750909287446,23.93678361820758,0 71.29862359296601,23.93278786851897,0 71.29846834354929,23.9292778682371,0 71.29450609269406,23.92711761821868,0 71.29037109290721,23.92644861858595,0 71.28432709308483,23.92666286837486,0 71.27878284270002,23.92802836893336,0 71.27679509326583,23.93097361895193,0 71.27297234270485,23.93381861869057,0 71.27155559300471,23.93194561864389,0 71.27213734349421,23.92719311856873,0 71.2714138434754,23.92367136873891,0 71.26878909327543,23.92159361837308,0 71.26400284273232,23.92195011818739,0 71.259928843083,23.92513561812325,0 71.25749159297072,23.92915736842981,0 71.25222334349016,23.93140261900941,0 71.2480493430281,23.92923361829712,0 71.24986234285137,23.92042061862001,0 71.23909184255982,23.91811386893494,0 71.23132409289435,23.92684661865758,0 71.22544134323986,23.9303403685197,0 71.21854834258814,23.93156211880623,0 71.21129909318979,23.9309316185326,0 71.20552259263611,23.92861161866058,0 71.20035409339678,23.92502311871387,0 71.19696634326586,23.92266961848066,0 71.19130709277086,23.91977686858012,0 71.18420484346599,23.92156611816104,0 71.18080934292701,23.92429986891952,0 71.17633534341455,23.92488836842192,0 71.17419234316016,23.92040561816146,0 71.15367459266423,23.91307636820814,0 71.14947259256027,23.91291886853118,0 71.14383834315167,23.91008336857663,0 71.13671284343077,23.90795961810886,0 71.12978659317369,23.90791111818779,0 71.12573834258845,23.90632261850256,0 71.11806809268737,23.90636661867628,0 71.10851009316296,23.90492811832933,0 71.09967509316256,23.90126161851196,0 71.0943890927602,23.89371586876544,0 71.08458809320148,23.87612686855163,0 71.08110034248308,23.87115811871661,0 71.08060643500754,23.87017163014568,0 71.53333333378166,23.866666666698,0 71.53337743531436,23.98019391071723,0</coordinates></LinearRing></outerBoundaryIs>
        </Polygon>
      </MultiGeometry>
    </Placemark>
  </Folder>
  <Folder id="FeatureLayer8">
    <name>IAF</name>
    <Snippet></Snippet>
    <Placemark id="ID_80000">
      <name>0</name>
      <Snippet></Snippet>
      <description><![CDATA[<html xmlns:fo="http://www.w3.org/1999/XSL/Format" xmlns:msxsl="urn:schemas-microsoft-com:xslt">
<head>
<META http-equiv="Content-Type" content="text/html">
<meta http-equiv="content-type" content="text/html; charset=UTF-8">
</head>
<body style="margin:0px 0px 0px 0px;overflow:auto;background:#FFFFFF;">
<table style="font-family:Arial,Verdana,Times;font-size:12px;text-align:left;width:100%;border-collapse:collapse;padding:3px 3px 3px 3px">
<tr style="text-align:center;font-weight:bold;background:#9CBCE2">
<td>0</td>
</tr>
<tr>
<td>
<table style="font-family:Arial,Verdana,Times;font-size:12px;text-align:left;width:100%;border-spacing:0px; padding:3px 3px 3px 3px">
<tr>
<td>FID</td>
<td>0</td>
</tr>
<tr bgcolor="#D4E4F3">
<td>Id</td>
<td>0</td>
</tr>
</table>
</td>
</tr>
</table>
</body>
</html>
]]></description>
      <styleUrl>#PolyStyle80</styleUrl>
      <MultiGeometry>
        <Polygon>
          <extrude>0</extrude><altitudeMode>clampToGround</altitudeMode>
          <outerBoundaryIs><LinearRing><coordinates> 69.93107309138514,21.28333333333347,0 69.95965888938036,21.25034184279451,0 69.96666666666681,21.25000000000011,0 70.38333333333344,21.28333333333347,0 69.93107309138514,21.28333333333347,0</coordinates></LinearRing></outerBoundaryIs>
        </Polygon>
      </MultiGeometry>
    </Placemark>
  </Folder>
  <Folder id="FeatureLayer9">
    <name>Amreli_2</name>
    <Snippet></Snippet>
    <Placemark id="ID_90000">
      <name>0</name>
      <Snippet></Snippet>
      <description><![CDATA[<html xmlns:fo="http://www.w3.org/1999/XSL/Format" xmlns:msxsl="urn:schemas-microsoft-com:xslt">
<head>
<META http-equiv="Content-Type" content="text/html">
<meta http-equiv="content-type" content="text/html; charset=UTF-8">
</head>
<body style="margin:0px 0px 0px 0px;overflow:auto;background:#FFFFFF;">
<table style="font-family:Arial,Verdana,Times;font-size:12px;text-align:left;width:100%;border-collapse:collapse;padding:3px 3px 3px 3px">
<tr style="text-align:center;font-weight:bold;background:#9CBCE2">
<td>0</td>
</tr>
<tr>
<td>
<table style="font-family:Arial,Verdana,Times;font-size:12px;text-align:left;width:100%;border-spacing:0px; padding:3px 3px 3px 3px">
<tr>
<td>FID</td>
<td>0</td>
</tr>
<tr bgcolor="#D4E4F3">
<td>Id</td>
<td>0</td>
</tr>
</table>
</td>
</tr>
</table>
</body>
</html>
]]></description>
      <styleUrl>#PolyStyle80</styleUrl>
      <MultiGeometry>
        <Polygon>
          <extrude>0</extrude><altitudeMode>clampToGround</altitudeMode>
          <outerBoundaryIs><LinearRing><coordinates> 71.38333333333333,20.94999999999999,0 71.41666666666674,20.86666666666673,0 72.18333333333345,21.38333333333333,0 72.16666666666674,21.76666666666659,0 71.9666666666667,21.76666666666659,0 71.9666666666667,21.68333333333334,0 71.86666666666673,21.46666666666675,0 71.38333333333333,20.94999999999999,0</coordinates></LinearRing></outerBoundaryIs>
        </Polygon>
      </MultiGeometry>
    </Placemark>
  </Folder>
  </Folder>
  <Folder id="GroupLayer10">
    <name>No WTG Zone</name>
    <Snippet></Snippet>
  <Folder id="FeatureLayer11">
    <name>No wtg mod remarks-14062024</name>
    <Snippet></Snippet>
    <Placemark id="ID_110000">
      <name>Area-Bound</name>
      <Snippet></Snippet>
      <description><![CDATA[<html xmlns:fo="http://www.w3.org/1999/XSL/Format" xmlns:msxsl="urn:schemas-microsoft-com:xslt">
<head>
<META http-equiv="Content-Type" content="text/html">
<meta http-equiv="content-type" content="text/html; charset=UTF-8">
</head>
<body style="margin:0px 0px 0px 0px;overflow:auto;background:#FFFFFF;">
<table style="font-family:Arial,Verdana,Times;font-size:12px;text-align:left;width:100%;border-collapse:collapse;padding:3px 3px 3px 3px">
<tr style="text-align:center;font-weight:bold;background:#9CBCE2">
<td>Area-Bound</td>
</tr>
<tr>
<td>
<table style="font-family:Arial,Verdana,Times;font-size:12px;text-align:left;width:100%;border-spacing:0px; padding:3px 3px 3px 3px">
<tr>
<td>FID</td>
<td>0</td>
</tr>
<tr bgcolor="#D4E4F3">
<td>NAME</td>
<td>Area-Bound</td>
</tr>
<tr>
<td>LAYER</td>
<td>Unknown Area Type</td>
</tr>
<tr bgcolor="#D4E4F3">
<td>KML_STYLE</td>
<td>inline</td>
</tr>
<tr>
<td>KML_FOLDER</td>
<td>GJ-No WTG Zone-MOD remarks</td>
</tr>
<tr bgcolor="#D4E4F3">
<td>tessellate</td>
<td>1</td>
</tr>
</table>
</td>
</tr>
</table>
</body>
</html>
]]></description>
      <styleUrl>#PolyStyle110</styleUrl>
      <MultiGeometry>
        <Polygon>
          <extrude>0</extrude><altitudeMode>clampToGround</altitudeMode>
          <outerBoundaryIs><LinearRing><coordinates> 70.54772049183859,21.32807898888174,0 70.58355681399449,21.24985470935813,0 71.14683663841389,21.23278017015803,0 71.14211217921032,21.32714493530177,0 70.54772049183859,21.32807898888174,0</coordinates></LinearRing></outerBoundaryIs>
        </Polygon>
      </MultiGeometry>
    </Placemark>
  </Folder>
  <Folder id="FeatureLayer12">
    <name>No WTG Zone</name>
    <Snippet></Snippet>
    <Placemark id="ID_120000">
      <name>naliya</name>
      <Snippet></Snippet>
      <description><![CDATA[<html xmlns:fo="http://www.w3.org/1999/XSL/Format" xmlns:msxsl="urn:schemas-microsoft-com:xslt">
<head>
<META http-equiv="Content-Type" content="text/html">
<meta http-equiv="content-type" content="text/html; charset=UTF-8">
</head>
<body style="margin:0px 0px 0px 0px;overflow:auto;background:#FFFFFF;">
<table style="font-family:Arial,Verdana,Times;font-size:12px;text-align:left;width:100%;border-collapse:collapse;padding:3px 3px 3px 3px">
<tr style="text-align:center;font-weight:bold;background:#9CBCE2">
<td>naliya</td>
</tr>
<tr>
<td>
<table style="font-family:Arial,Verdana,Times;font-size:12px;text-align:left;width:100%;border-spacing:0px; padding:3px 3px 3px 3px">
<tr>
<td>FID</td>
<td>0</td>
</tr>
<tr bgcolor="#D4E4F3">
<td>NAME</td>
<td>naliya</td>
</tr>
<tr>
<td>LAYER</td>
<td>Unknown Point Feature</td>
</tr>
<tr bgcolor="#D4E4F3">
<td>KML_FOLDER</td>
<td>naliya and bhuj airfield</td>
</tr>
<tr>
<td>BUFF_DIST</td>
<td>20</td>
</tr>
<tr bgcolor="#D4E4F3">
<td>ORIG_FID</td>
<td>0</td>
</tr>
<tr>
<td>Shape_Leng</td>
<td>1.181576</td>
</tr>
</table>
</td>
</tr>
</table>
</body>
</html>
]]></description>
      <styleUrl>#PolyStyle110</styleUrl>
      <MultiGeometry>
        <Polygon>
          <extrude>0</extrude><altitudeMode>clampToGround</altitudeMode>
          <outerBoundaryIs><LinearRing><coordinates> 68.89138888888618,23.40308950947332,0 68.88267266051491,23.40290999759839,0 68.87397380794494,23.40237182080295,0 68.86530967100458,23.40147605017961,0 68.85669752027439,23.40022447358064,0 68.84815452111434,23.39861958392669,0 68.83969770038863,23.39666458010635,0 68.83134390869446,23.39436335978127,0 68.82310979068433,23.39172050859463,0 68.81501175089164,23.38874129387568,0 68.80706591685862,23.38543165204914,0 68.79928811035808,23.38179817784368,0 68.79169381591691,23.37784811170104,0 68.78429814664219,23.37358932268916,0 68.77711581724122,23.3690302959115,0 68.77016111254534,23.36418011182275,0 68.76344785873175,23.35904843004107,0 68.75698939814225,23.35364547226078,0 68.75079855870655,23.3479819952729,0 68.74488763325775,23.3420692765759,0 68.73926835075383,23.33591908559737,0 68.73395185649304,23.32954366570766,0 68.72894868693243,23.32295570544153,0 68.72426875170157,23.31616831241774,0 68.7199213129183,23.30919499355417,0 68.71591496540339,23.30204961999402,0 68.71225762319079,23.29474640462291,0 68.70895650154137,23.28729987059262,0 68.70601810615074,23.2797248243412,0 68.70344821516306,23.27203632681505,0 68.70125187377499,23.26424965929436,0 68.69943338074597,23.25638029731294,0 68.69799628300211,23.24844387738307,0 68.69694336844174,23.24045616731831,0 68.69627665784157,23.23243303295817,0 68.69599740845371,23.22439040759127,0 68.69610610231484,23.21634426227791,0 68.69660245613852,23.20831056987697,0 68.69748541501997,23.20030527716688,0 68.6987531569327,23.19234427067158,0 68.70040309902384,23.1844433487816,0 68.70243190121136,23.17661818398204,0 68.70483547247915,23.16888430037022,0 68.7076089843672,23.16125703318556,0 68.71074687277002,23.15375150902497,0 68.71424285772179,23.14638260627231,0 68.71808995149013,23.13916493261559,0 68.72228047386483,23.13211279357063,0 68.72680606834541,23.125240161904,0 68.73165771742975,23.11856065694883,0 68.7368257641977,23.11208750953097,0 68.7422999267003,23.10583354128494,0 68.74806932224146,23.09981113857322,0 68.75412248896174,23.09403222730549,0 68.76044740652264,23.08850824865681,0 68.76703152218704,23.08325013928254,0 68.77386177330226,23.07826830703681,0 68.78092461517889,23.07357261298574,0 68.78820604897004,23.06917234982416,0 68.79569164505341,23.06507622478802,0 68.80336657540721,23.06129234256758,0 68.81121564058941,23.05782819091831,0 68.81922330121444,23.05469062267417,0 68.82737370583192,23.05188584405653,0 68.83565072600027,23.04941940388244,0 68.84403798506503,23.047296180974,0 68.8525188887358,23.04552037426589,0 68.86107666285778,23.04409549561069,0 68.86969438129074,23.04302436348365,0 68.87835500008322,23.04230909668752,0 68.8870413934456,23.04195110895654,0 68.89573638432671,23.04195110895654,0 68.90442277768909,23.04230909668752,0 68.91308339648162,23.04302436348365,0 68.92170111491458,23.04409549561069,0 68.93025888903657,23.04552037426589,0 68.93873979270734,23.047296180974,0 68.9471270517721,23.04941940388244,0 68.95540407194045,23.05188584405653,0 68.96355447655793,23.05469062267417,0 68.97156213718296,23.05782819091831,0 68.97941120236516,23.06129234256758,0 68.9870861327189,23.06507622478802,0 68.99457172880227,23.06917234982416,0 69.00185316259342,23.07357261298574,0 69.00891600447011,23.07826830703681,0 69.01574625558527,23.08325013928254,0 69.02233037124967,23.08850824865681,0 69.02865528881057,23.09403222730549,0 69.03470845553085,23.09981113857322,0 69.04047785107201,23.10583354128494,0 69.04595201357461,23.11208750953097,0 69.05112006034256,23.11856065694883,0 69.0559717094269,23.125240161904,0 69.06049730390748,23.13211279357063,0 69.06468782628224,23.13916493261559,0 69.06853492005058,23.14638260627231,0 69.07203090500229,23.15375150902497,0 69.07516879340517,23.16125703318556,0 69.07794230529322,23.16888430037022,0 69.08034587656101,23.17661818398204,0 69.08237467874847,23.1844433487816,0 69.08402462083961,23.19234427067158,0 69.0852923627524,23.20030527716688,0 69.08617532163385,23.20831056987697,0 69.08667167545752,23.21634426227791,0 69.08678036931866,23.22439040759127,0 69.0865011199308,23.23243303295817,0 69.08583440933057,23.24045616731831,0 69.0847814947702,23.24844387738307,0 69.08334439702634,23.25638029731294,0 69.08152590399732,23.26424965929436,0 69.0793295626093,23.27203632681505,0 69.07675967162163,23.2797248243412,0 69.07382127623094,23.28729987059262,0 69.07052015458152,23.29474640462291,0 69.06686281236892,23.30204961999402,0 69.06285646485401,23.30919499355417,0 69.05850902607074,23.31616831241774,0 69.05382909083994,23.32295570544153,0 69.04882592127927,23.32954366570766,0 69.04350942701848,23.33591908559737,0 69.03789014451462,23.3420692765759,0 69.03197921906576,23.3479819952729,0 69.02578837963006,23.35364547226078,0 69.01932991904062,23.35904843004107,0 69.01261666522697,23.36418011182275,0 69.00566196053109,23.3690302959115,0 68.99847963113012,23.37358932268916,0 68.9910839618554,23.37784811170104,0 68.98348966741429,23.38179817784368,0 68.97571186091369,23.38543165204914,0 68.96776602688067,23.38874129387568,0 68.95966798708798,23.39172050859463,0 68.95143386907785,23.39436335978127,0 68.94308007738374,23.39666458010635,0 68.93462325665803,23.39861958392669,0 68.92608025749792,23.40022447358064,0 68.91746810676779,23.40147605017961,0 68.90880396982737,23.40237182080295,0 68.9001051172574,23.40290999759839,0 68.89138888888618,23.40308950947332,0</coordinates></LinearRing></outerBoundaryIs>
        </Polygon>
      </MultiGeometry>
    </Placemark>
    <Placemark id="ID_120001">
      <name>BHUJ</name>
      <Snippet></Snippet>
      <description><![CDATA[<html xmlns:fo="http://www.w3.org/1999/XSL/Format" xmlns:msxsl="urn:schemas-microsoft-com:xslt">
<head>
<META http-equiv="Content-Type" content="text/html">
<meta http-equiv="content-type" content="text/html; charset=UTF-8">
</head>
<body style="margin:0px 0px 0px 0px;overflow:auto;background:#FFFFFF;">
<table style="font-family:Arial,Verdana,Times;font-size:12px;text-align:left;width:100%;border-collapse:collapse;padding:3px 3px 3px 3px">
<tr style="text-align:center;font-weight:bold;background:#9CBCE2">
<td>BHUJ</td>
</tr>
<tr>
<td>
<table style="font-family:Arial,Verdana,Times;font-size:12px;text-align:left;width:100%;border-spacing:0px; padding:3px 3px 3px 3px">
<tr>
<td>FID</td>
<td>1</td>
</tr>
<tr bgcolor="#D4E4F3">
<td>NAME</td>
<td>BHUJ</td>
</tr>
<tr>
<td>LAYER</td>
<td>Unknown Point Feature</td>
</tr>
<tr bgcolor="#D4E4F3">
<td>KML_FOLDER</td>
<td>naliya and bhuj airfield</td>
</tr>
<tr>
<td>BUFF_DIST</td>
<td>20</td>
</tr>
<tr bgcolor="#D4E4F3">
<td>ORIG_FID</td>
<td>1</td>
</tr>
<tr>
<td>Shape_Leng</td>
<td>1.181872</td>
</tr>
</table>
</td>
</tr>
</table>
</body>
</html>
]]></description>
      <styleUrl>#PolyStyle110</styleUrl>
      <MultiGeometry>
        <Polygon>
          <extrude>0</extrude><altitudeMode>clampToGround</altitudeMode>
          <outerBoundaryIs><LinearRing><coordinates> 69.67083333329174,23.46753246764933,0 69.6621128790062,23.46735295667366,0 69.65340980771651,23.46681478167687,0 69.64474147004285,23.46591901555018,0 69.63612514465973,23.46466744344781,0 69.62757800592027,23.46306256098848,0 69.61911708698403,23.46110756526195,0 69.61075924834068,23.45880635482945,0 69.60252114453527,23.45616351533403,0 69.59441918459777,23.45318431320555,0 69.58646950686233,23.44987468576818,0 69.57868794029628,23.44624122864985,0 69.57108997572186,23.44229118049361,0 69.56369073523928,23.43803241216614,0 69.55650493985115,23.43347340697221,0 69.54954688158335,23.42862324626583,0 69.54283039380766,23.42349159056448,0 69.53636882516122,23.41808866066322,0 69.53017500896954,23.41242521335295,0 69.52426124526033,23.40651252613225,0 69.51863926748825,23.40036237022724,0 69.51332022634745,23.39398698631044,0 69.50831466459016,23.38739906381579,0 69.50363249454404,23.38061171216083,0 69.49928298372276,23.3736384355654,0 69.49527473144377,23.36649310787067,0 69.49161565443893,23.35918993926435,0 69.48831297246574,23.3517434546967,0 69.4853731921192,23.34416845970668,0 69.48280209603996,23.33648001613989,0 69.4806047303241,23.32869340437713,0 69.47878539642898,23.32082409995229,0 69.47734764218001,23.31288774027706,0 69.4762942563749,23.30490009136616,0 69.4756272615889,23.29687701995857,0 69.47534791327564,23.28883446024219,0 69.47545669706898,23.28078838057934,0 69.47595332518586,23.27275475562755,0 69.47683674362088,23.26474953216524,0 69.47810513034756,23.25678859671643,0 69.47975589891564,23.2488877449735,0 69.48178570834381,23.24106265301907,0 69.48419046671671,23.23332884045368,0 69.48696534017836,23.22570164611415,0 69.49010476462325,23.21819619479862,0 69.49360245468961,23.21082736489103,0 69.49745141994714,23.20360976318005,0 69.5016439765883,23.19655769608084,0 69.50617176271675,23.18968513546071,0 69.51102575813229,23.18300570065259,0 69.51619629961959,23.17653262158325,0 69.52167310163242,23.17027872168569,0 69.52744527517939,23.16425638462448,0 69.53350135300508,23.15847753720863,0 69.53982930847587,23.15295362061318,0 69.54641658435793,23.14769557059418,0 69.5532501099047,23.14271379590502,0 69.56031633682954,23.13801815581331,0 69.56760125639295,23.13361794301369,0 69.57509043357669,23.12952186654098,0 69.58276903316442,23.12573802928665,0 69.59062184851956,23.1222739190062,0 69.59863333306191,23.11913638853355,0 69.60678762904593,23.11633164409017,0 69.61506859813733,23.11386523359369,0 69.62345985738659,23.11174203586631,0 69.63194480620791,23.10996625074193,0 69.64050666055402,23.10854139007313,0 69.64912848619076,23.10747027143594,0 69.65779323287148,23.10675501273369,0 69.66648376581321,23.10639702949936,0 69.67518290077032,23.10639702949936,0 69.68387343371205,23.10675501273369,0 69.69253818039277,23.10747027143594,0 69.70116000692883,23.10854139007313,0 69.70972186037562,23.10996625074193,0 69.71820680919694,23.11174203586631,0 69.72659806844615,23.11386523359369,0 69.73487903753761,23.11633164409017,0 69.74303333352157,23.11913638853355,0 69.75104481806397,23.1222739190062,0 69.75889763341911,23.12573802928665,0 69.76657623300679,23.12952186654098,0 69.77406541108991,23.13361794301369,0 69.78135033065331,23.13801815581331,0 69.78841655667878,23.14271379590502,0 69.79525008312487,23.14769557059418,0 69.80183735810766,23.15295362061318,0 69.8081653135784,23.15847753720863,0 69.81422139140415,23.16425638462448,0 69.81999356495112,23.17027872168569,0 69.82547036696394,23.17653262158325,0 69.83064090845124,23.18300570065259,0 69.83549490386679,23.18968513546071,0 69.84002268999518,23.19655769608084,0 69.8442152466364,23.20360976318005,0 69.84806421189393,23.21082736489103,0 69.8515619028596,23.21819619479862,0 69.85470132640512,23.22570164611415,0 69.85747619986677,23.23332884045368,0 69.85988095823967,23.24106265301907,0 69.86191076766784,23.2488877449735,0 69.86356153623598,23.25678859671643,0 69.86482992296266,23.26474953216524,0 69.86571334139762,23.27275475562755,0 69.86620996951456,23.28078838057934,0 69.86631875330789,23.28883446024219,0 69.86603940499458,23.29687701995857,0 69.86537241020864,23.30490009136616,0 69.86431902440353,23.31288774027706,0 69.86288127015456,23.32082409995229,0 69.86106193625943,23.32869340437713,0 69.85886457054357,23.33648001613989,0 69.85629347446434,23.34416845970668,0 69.85335369411774,23.3517434546967,0 69.85005101214455,23.35918993926435,0 69.84639193513976,23.36649310787067,0 69.84238368286071,23.3736384355654,0 69.83803417203944,23.38061171216083,0 69.83335200199338,23.38739906381579,0 69.82834644023609,23.39398698631044,0 69.82302739909522,23.40036237022724,0 69.8174054213232,23.40651252613225,0 69.81149165761394,23.41242521335295,0 69.80529784232164,23.41808866066322,0 69.79883627277582,23.42349159056448,0 69.79211978500012,23.42862324626583,0 69.78516172673238,23.43347340697221,0 69.7779759313442,23.43803241216614,0 69.77057669086167,23.44229118049361,0 69.76297872718658,23.44624122864985,0 69.75519715972121,23.44987468576818,0 69.74724748198577,23.45318431320555,0 69.73914552204826,23.45616351533403,0 69.73090741824279,23.45880635482945,0 69.72254958049882,23.46110756526195,0 69.71408866156253,23.46306256098848,0 69.70554152192375,23.46466744344781,0 69.69692519654063,23.46591901555018,0 69.68825685886702,23.46681478167687,0 69.6795537884766,23.46735295667366,0 69.67083333329174,23.46753246764933,0</coordinates></LinearRing></outerBoundaryIs>
        </Polygon>
      </MultiGeometry>
    </Placemark>
  </Folder>
  <Folder id="FeatureLayer13">
    <name>JamANDkhamairfiled_20km-NEW</name>
    <Snippet></Snippet>
    <Placemark id="ID_130000">
      <name>Khambaliya airfield</name>
      <Snippet></Snippet>
      <description><![CDATA[<html xmlns:fo="http://www.w3.org/1999/XSL/Format" xmlns:msxsl="urn:schemas-microsoft-com:xslt">
<head>
<META http-equiv="Content-Type" content="text/html">
<meta http-equiv="content-type" content="text/html; charset=UTF-8">
</head>
<body style="margin:0px 0px 0px 0px;overflow:auto;background:#FFFFFF;">
<table style="font-family:Arial,Verdana,Times;font-size:12px;text-align:left;width:100%;border-collapse:collapse;padding:3px 3px 3px 3px">
<tr style="text-align:center;font-weight:bold;background:#9CBCE2">
<td>Khambaliya airfield</td>
</tr>
<tr>
<td>
<table style="font-family:Arial,Verdana,Times;font-size:12px;text-align:left;width:100%;border-spacing:0px; padding:3px 3px 3px 3px">
<tr>
<td>FID</td>
<td>1</td>
</tr>
<tr bgcolor="#D4E4F3">
<td>FID_Gujarat</td>
<td>0</td>
</tr>
<tr>
<td>STATE</td>
<td>GUJARAT</td>
</tr>
<tr bgcolor="#D4E4F3">
<td>area</td>
<td>187413</td>
</tr>
<tr>
<td>FID_Jamnagar_and_khambaliya_airfield_20km</td>
<td>0</td>
</tr>
<tr bgcolor="#D4E4F3">
<td>NAME</td>
<td>Khambaliya airfield</td>
</tr>
<tr>
<td>LAYER</td>
<td>Unknown Point Feature</td>
</tr>
<tr bgcolor="#D4E4F3">
<td>KML_FOLDER</td>
<td>jamnagar and khambaliya airfield</td>
</tr>
<tr>
<td>BUFF_DIST</td>
<td>20</td>
</tr>
<tr bgcolor="#D4E4F3">
<td>ORIG_FID</td>
<td>0</td>
</tr>
<tr>
<td>Shape_Leng</td>
<td>1.17722</td>
</tr>
</table>
</td>
</tr>
</table>
</body>
</html>
]]></description>
      <styleUrl>#PolyStyle110</styleUrl>
      <MultiGeometry>
        <Polygon>
          <extrude>0</extrude><altitudeMode>clampToGround</altitudeMode>
          <outerBoundaryIs><LinearRing><coordinates> 69.77376384162645,22.38284911702275,0 69.77373159203647,22.38757761698835,0 69.77690720470152,22.39284263415522,0 69.77049396149519,22.39694286120703,0 69.76315086867673,22.40120194501727,0 69.75561059848258,22.40515228020042,0 69.747888157532,22.40878599772086,0 69.73999891323977,22.41209585631919,0 69.73195857619349,22.41507526280675,0 69.72378315646776,22.4177182824651,0 69.71548893735184,22.42001964707173,0 69.70801967666162,22.42175889289129,0 69.70790284127011,22.42176411753429,0 69.70763574190877,22.4218482811098,0 69.70709244356635,22.42197477140875,0 69.70393635242826,22.42257203605406,0 69.70070809126436,22.42105761743964,0 69.7009135913913,22.41784986755167,0 69.70116184162356,22.41649361669063,0 69.70338934124609,22.41471386704927,0 69.70471609164518,22.41365711717124,0 69.70516084129102,22.40665336739481,0 69.70539884139897,22.40303036697788,0 69.70766109126959,22.39922886690248,0 69.70809409147647,22.39574361710033,0 69.7085015912772,22.39223836730374,0 69.70092759135734,22.38127336684001,0 69.70013809207001,22.3770866173573,0 69.69733834151018,22.37782111712179,0 69.69754334152596,22.38010136706682,0 69.69724184188442,22.38046386703131,0 69.69481634170442,22.38365861694997,0 69.68633459202412,22.38520361721225,0 69.67535209189455,22.39387211689247,0 69.67160934205005,22.39214661750821,0 69.66843209126075,22.39074111702223,0 69.66571959173588,22.39017711749213,0 69.66351309159825,22.38710486737867,0 69.66273784201385,22.3768191167817,0 69.66161309199958,22.37218211724068,0 69.65953409158413,22.36297986698771,0 69.65816784165715,22.35688161695191,0 69.65811409189716,22.35304261681944,0 69.66074559169292,22.34787086701013,0 69.66149784138425,22.34723686721311,0 69.66292434158464,22.3459498668881,0 69.66790859186743,22.34164036702378,0 69.66820459116585,22.33893061698444,0 69.66461284145906,22.33581886719526,0 69.66489309183274,22.33402886732102,0 69.6654255914774,22.33165136720003,0 69.6647003413546,22.33097411659349,0 69.66274259147042,22.33160861671455,0 69.64269034138357,22.34034861726314,0 69.64223459161408,22.34507136737392,0 69.64237159145796,22.34562786704193,0 69.64411109166157,22.35029086690787,0 69.64360259172769,22.3511998671678,0 69.64082234134786,22.35485411723715,0 69.63909759144127,22.35623836710241,0 69.63694484152491,22.35798311744901,0 69.63089959194791,22.36103511747788,0 69.61794209132697,22.36708311745373,0 69.61674259153195,22.36659686728149,0 69.61555184132759,22.36568661714323,0 69.61533309111505,22.36409761740017,0 69.61581409116316,22.3608191172589,0 69.61638859194463,22.3594898671762,0 69.61789659203504,22.35621261680383,0 69.61892509188139,22.35388311703433,0 69.61994584124665,22.3452713669083,0 69.61998559167749,22.34317636732569,0 69.62094409205152,22.33791111692877,0 69.62232909177429,22.33499236676678,0 69.62224134120257,22.33165836690188,0 69.61941459157799,22.32729886723298,0 69.61291909171624,22.32381786694178,0 69.61202809203037,22.32148136686913,0 69.61116234128274,22.31360986736629,0 69.60301109141305,22.31586961729831,0 69.59299059112362,22.30869986739033,0 69.59273259143622,22.30798286723403,0 69.5918735912058,22.3064973673121,0 69.59241234164659,22.30364986672773,0 69.59546434145712,22.30129361676227,0 69.59659184197929,22.29830886734603,0 69.59641059106347,22.29650336724347,0 69.59424259161385,22.29766261691742,0 69.59076184155592,22.3000191172207,0 69.58880734177936,22.30098761721228,0 69.58711609157488,22.29955336700091,0 69.58586109125744,22.29752836676689,0 69.58418934115171,22.29510061664075,0 69.582229841822,22.29647486665461,0 69.58197659129966,22.29847436739307,0 69.57841659183993,22.30503011665343,0 69.57618684166954,22.30920336717527,0 69.57144984148574,22.30972836688327,0 69.56608009129941,22.30963686691846,0 69.56393009126717,22.30959936672845,0 69.56364984145588,22.31320786740771,0 69.56397459154937,22.31862136724872,0 69.56405384184157,22.32070836700563,0 69.56530334152886,22.3288328668994,0 69.56528459120706,22.33388811736166,0 69.56446759154927,22.33539161740434,0 69.56340434123038,22.33765161699096,0 69.56055159152081,22.33898686744913,0 69.55753934111721,22.34076361705123,0 69.5542783417505,22.3425186167946,0 69.55275859186536,22.34368736729703,0 69.5518505915357,22.34608036707106,0 69.54968309143784,22.34725061685596,0 69.54690934173315,22.34600636730416,0 69.54475909170087,22.34596611663303,0 69.54004859121933,22.3476943673041,0 69.52618659194624,22.35733936691313,0 69.52442584179397,22.35921836714757,0 69.5201950909746,22.3572403672865,0 69.51374913373841,22.35995379313743,0 69.51312861142013,22.3592697340171,0 69.50784960128614,22.35289377713411,0 69.50288165390783,22.34630524556383,0 69.49823460813154,22.33951725095444,0 69.49391766145811,22.33254329642488,0 69.49320486157333,22.33126296010165,0 69.49499234144984,22.32808711701277,0 69.49744209122488,22.32371311667953,0 69.50090734182045,22.32037661671511,0 69.50562559142924,22.31480511714475,0 69.50597659103643,22.31315186692368,0 69.50551459164994,22.3115803673816,0 69.50570184181541,22.31076236699395,0 69.50502034163301,22.31038286687248,0 69.49875584153342,22.30678811691537,0 69.4926533413243,22.30760336719116,0 69.49162884110274,22.32249211683767,0 69.48959310884911,22.32470094030966,0 69.48630754229394,22.31809333582151,0 69.48302939547976,22.31064606702045,0 69.48011137369613,22.30307025465284,0 69.47945803983529,22.30110186660865,0 69.48667509106731,22.29674661720532,0 69.48645434109085,22.29538811690593,0 69.4834783412858,22.29251786682001,0 69.48104159112113,22.29247286732264,0 69.47639950239022,22.29124058615863,0 69.47537794949722,22.28759346184015,0 69.47357183060535,22.27972324018389,0 69.47214438921281,22.27178593275839,0 69.47109839904078,22.26379730600662,0 69.47043587118128,22.25577322984891,0 69.47015805616677,22.2477296388021,0 69.47026543943433,22.23968250334308,0 69.47075774247324,22.23164780171419,0 69.47163392094872,22.22364148174853,0 69.4728921726618,22.21567943055442,0 69.4745299344264,22.20777745055356,0 69.47654389660327,22.19995121811349,0 69.47892999922786,22.19221625601663,0 69.48168345082678,22.18458790846677,0 69.4847987324091,22.17708129812936,0 69.4882696094397,22.16971131314001,0 69.49208914850276,22.16249255973177,0 69.49624972542115,22.15543934809133,0 69.50074304471319,22.1485656558786,0 69.50556015503594,22.14188510481332,0 69.51069146821312,22.13541092771863,0 69.51612677966189,22.12915595257394,0 69.52185528077993,22.12313256728415,0 69.52786559290536,22.11735270021971,0 69.53414578228151,22.11182779849335,0 69.5406833821192,22.10656880048974,0 69.54746542337281,22.10158611789624,0 69.55447845617631,22.09688961437105,0 69.56170857787542,22.09248858465241,0 69.5691414604308,22.08839174071635,0 69.57676237835436,22.08460719081571,0 69.58455623916413,22.08114242222542,0 69.59250760650239,22.07800429144826,0 69.60060074192381,22.07519900769058,0 69.60881962715041,22.07273212115166,0 69.61714799580679,22.07060851194722,0 69.62556937076863,22.06883238028091,0 69.63406709061988,22.06740724115301,0 69.64262434428183,22.06633591248324,0 69.65122420661115,22.06562051484287,0 69.65984966712261,22.06526246175988,0 69.66848366641622,22.06526246122002,0 69.67710912611646,22.06562051489727,0 69.68570898876763,22.06633591270662,0 69.69426624323965,22.06740724145337,0 69.70276396169395,22.06883238090451,0 69.71118533661097,22.07060851141806,0 69.71951370543636,22.0727321215744,0 69.72773259119394,22.07519900799612,0 69.7358257265183,22.07800429180834,0 69.74377709504066,22.08114242204315,0 69.75157095472665,22.08460719024449,0 69.75919187303704,22.0883917414359,0 69.7666247554962,22.09248858462284,0 69.7738548772748,22.09688961419466,0 69.78086791019891,22.1015861176445,0 69.7876499513269,22.10656880033175,0 69.7941875515647,22.11182779867137,0 69.80046773990341,22.11735270104838,0 69.80647805261768,22.12313256730862,0 69.81220655449359,22.12915595305822,0 69.81764186441751,22.13541092804759,0 69.82277317834173,22.1418851041967,0 69.8275902890676,22.14856565629466,0 69.83208360755822,22.15543934817832,0 69.83624418518077,22.16249255989447,0 69.8400637236961,22.16971131315126,0 69.84353460139153,22.17708129881175,0 69.84664988272095,22.18458790773247,0 69.8494033341087,22.19221625671631,0 69.85178943759276,22.19995121791492,0 69.85380339856465,22.20777745053082,0 69.85544116032747,22.21567943124525,0 69.85669941221347,22.22364148156153,0 69.85757559142522,22.23164780187783,0 69.85806789365279,22.23968250352981,0 69.85817527716137,22.24772963863176,0 69.85789746203238,22.25577323050532,0 69.85723493400235,22.26379730624108,0 69.85618894323075,22.27178593250305,0 69.85476150293698,22.27972324065693,0 69.8529553833385,22.28759346229267,0 69.85077411080667,22.2953809588945,0 69.8482219590733,22.30307025454454,0 69.84530393759975,22.31064606755551,0 69.84202579093925,22.31809333575461,0 69.838393979828,22.32539725387671,0 69.83441567104695,22.33254329642596,0 69.83009872541223,22.33951725110899,0 69.82545167953133,22.34630524559721,0 69.82048373108834,22.35289377720889,0 69.81520472191954,22.35926973352156,0 69.80962511489624,22.36542042947739,0 69.80375597641238,22.3713336216989,0 69.79760895348893,22.37699754113003,0 69.79688587572981,22.37760685332725,0 69.7959233417413,22.37637786689788,0 69.79531209177303,22.37597661730031,0 69.78270734191273,22.36759336726616,0 69.78124984218729,22.36779736676585,0 69.77880334210997,22.3695771173482,0 69.7755370913422,22.37584761662242,0 69.77439109214892,22.37952486693146,0 69.77376384162645,22.38284911702275,0</coordinates></LinearRing></outerBoundaryIs>
        </Polygon>
      </MultiGeometry>
    </Placemark>
    <Placemark id="ID_130001">
      <name>Jamnagar airfield</name>
      <Snippet></Snippet>
      <description><![CDATA[<html xmlns:fo="http://www.w3.org/1999/XSL/Format" xmlns:msxsl="urn:schemas-microsoft-com:xslt">
<head>
<META http-equiv="Content-Type" content="text/html">
<meta http-equiv="content-type" content="text/html; charset=UTF-8">
</head>
<body style="margin:0px 0px 0px 0px;overflow:auto;background:#FFFFFF;">
<table style="font-family:Arial,Verdana,Times;font-size:12px;text-align:left;width:100%;border-collapse:collapse;padding:3px 3px 3px 3px">
<tr style="text-align:center;font-weight:bold;background:#9CBCE2">
<td>Jamnagar airfield</td>
</tr>
<tr>
<td>
<table style="font-family:Arial,Verdana,Times;font-size:12px;text-align:left;width:100%;border-spacing:0px; padding:3px 3px 3px 3px">
<tr>
<td>FID</td>
<td>2</td>
</tr>
<tr bgcolor="#D4E4F3">
<td>FID_Gujarat</td>
<td>0</td>
</tr>
<tr>
<td>STATE</td>
<td>GUJARAT</td>
</tr>
<tr bgcolor="#D4E4F3">
<td>area</td>
<td>187413</td>
</tr>
<tr>
<td>FID_Jamnagar_and_khambaliya_airfield_20km</td>
<td>1</td>
</tr>
<tr bgcolor="#D4E4F3">
<td>NAME</td>
<td>Jamnagar airfield</td>
</tr>
<tr>
<td>LAYER</td>
<td>Unknown Point Feature</td>
</tr>
<tr bgcolor="#D4E4F3">
<td>KML_FOLDER</td>
<td>jamnagar and khambaliya airfield</td>
</tr>
<tr>
<td>BUFF_DIST</td>
<td>20</td>
</tr>
<tr bgcolor="#D4E4F3">
<td>ORIG_FID</td>
<td>1</td>
</tr>
<tr>
<td>Shape_Leng</td>
<td>1.178183</td>
</tr>
</table>
</td>
</tr>
</table>
</body>
</html>
]]></description>
      <styleUrl>#PolyStyle110</styleUrl>
      <MultiGeometry>
        <Polygon>
          <extrude>0</extrude><altitudeMode>clampToGround</altitudeMode>
          <outerBoundaryIs><LinearRing><coordinates> 70.05429684155051,22.55506311743865,0 70.04767859145716,22.5583571176111,0 70.03771334185822,22.55755186726573,0 70.02352434215398,22.54923386706623,0 70.01290234217814,22.54662786689617,0 70.01029134148962,22.54633786718867,0 70.00915384179274,22.54636661709657,0 70.0071883415053,22.54595311735008,0 70.00272959197196,22.54348286717631,0 69.99518459172538,22.54294086732213,0 69.98837284160932,22.54307436692741,0 69.98791434232045,22.54374086732078,0 69.97844559207354,22.54314686733711,0 69.97140284143686,22.53913861730751,0 69.96644084236496,22.53737686683793,0 69.95230609200662,22.52927461705914,0 69.95069384186812,22.52821236705235,0 69.94822134159458,22.52686911743054,0 69.9474623421798,22.52640336743708,0 69.94650984141725,22.52577236692871,0 69.94824334221907,22.51628361720718,0 69.95261959156851,22.5126951167602,0 69.95662734216516,22.50760061749453,0 69.95569734197296,22.50554761704476,0 69.93981484148459,22.51094486730474,0 69.93064159140843,22.5090311173201,0 69.92822359202846,22.50740511696731,0 69.91889934144177,22.49959861676034,0 69.91844109189276,22.49890586756153,0 69.91769609192633,22.49774861756368,0 69.91331509168077,22.49092861676587,0 69.91119309137129,22.47891486741941,0 69.91141634158664,22.47280561698949,0 69.91203484160351,22.46971311758302,0 69.91249084193666,22.46708761706955,0 69.9127168419455,22.4657666168892,0 69.91566509156668,22.44991661750575,0 69.91721634160159,22.44531736687966,0 69.91665659152862,22.44349636725304,0 69.9110598418401,22.44628461726747,0 69.90975834214053,22.44741836685096,0 69.90925734188581,22.44796186735255,0 69.90777384171494,22.44968361732336,0 69.89962784144014,22.45882486675818,0 69.89515009133575,22.4582996173782,0 69.88493984142328,22.45209561669018,0 69.87419009152727,22.44129961696023,0 69.87290559225785,22.43846061727122,0 69.8728188418589,22.437723366739,0 69.87132834137334,22.42341361744189,0 69.86510734148301,22.42522161712093,0 69.86312409136202,22.43457036708861,0 69.85941959147989,22.43791511730342,0 69.84511759156888,22.44349561677674,0 69.84095534180027,22.44444386674546,0 69.83703909207333,22.44411161735239,0 69.83111134159331,22.44177711734687,0 69.82471259171238,22.43924711692001,0 69.82626784156592,22.43345561688836,0 69.82598913785714,22.43218607366843,0 69.82673137971611,22.42861060278403,0 69.82874862705559,22.4207846093619,0 69.83113859645248,22.41304988829582,0 69.83389648809499,22.40542178122461,0 69.83701677466743,22.39791541462483,0 69.84049320986672,22.3905456704947,0 69.84431884726907,22.38332715866235,0 69.84848605165116,22.37627418678969,0 69.85298651391444,22.3694007324134,0 69.85781126887248,22.362720414294,0 69.86295071268439,22.35624646730069,0 69.86839462110265,22.34999171823743,0 69.87413217422555,22.34396855141522,0 69.88015197053942,22.33818889931252,0 69.88644205768318,22.33266420318704,0 69.89298995207996,22.32740540408809,0 69.89978266219418,22.32242291181629,0 69.9068067182134,22.31772658856471,0 69.91404819507822,22.3133257311797,0 69.92149274357983,22.30922904771121,0 69.9291256145591,22.30544464771588,0 69.9369316910791,22.30198001614201,0 69.94489551571913,22.29884201180175,0 69.95300132553412,22.29603684137694,0 69.96123307480872,22.29357005393993,0 69.96957447638752,22.29144653047881,0 69.97800902393398,22.28967047207009,0 69.98652003309249,22.28824539109861,0 69.99509066690881,22.28717410759719,0 70.00370397434153,22.2864587375347,0 70.01234291865876,22.28610069998706,0 70.02099041448484,22.28610069990397,0 70.02962935887633,22.28645873807072,0 70.0382426664049,22.28717410704811,0 70.0468133001058,22.28824539125707,0 70.05532430878144,22.28967047192821,0 70.06375885679034,22.29144653062018,0 70.07210025762123,22.29357005386565,0 70.08033200818841,22.29603684141225,0 70.08843781664638,22.29884201222047,0 70.09640164223114,22.30198001661648,0 70.10420771895626,22.30544464733308,0 70.11184058917867,22.30922904764717,0 70.11928513822875,22.31332573117604,0 70.12652661475627,22.31772658910697,0 70.13355067018682,22.32242291121104,0 70.14034338122339,22.32740540392514,0 70.14689127473623,22.33266420325228,0 70.15318136237323,22.33818889903294,0 70.15920115951114,22.34396855192388,0 70.16493871134224,22.34999171801167,0 70.17038262046317,22.35624646730258,0 70.17552206394369,22.36272041489952,0 70.18034681872453,22.3694007322518,0 70.18484728191696,22.37627418751924,0 70.18901448655605,22.38332715889749,0 70.19284012425027,22.3905456707386,0 70.19631655848862,22.39791541479857,0 70.19943684492326,22.40542178090895,0 70.20219473627749,22.41304988842618,0 70.20458470712856,22.42078460924713,0 70.20660195374371,22.42861060344442,0 70.20824241275778,22.4365123472914,0 70.2095027652673,22.44447416390366,0 70.21038044658533,22.4524802551909,0 70.21087364658725,22.46051473142249,0 70.21098132115651,22.46856164603798,0 70.21070318985309,22.47660502242192,0 70.21003973682453,22.48462888806556,0 70.20899221639588,22.49261730996787,0 70.20756263927329,22.50055441983045,0 70.20575378291187,22.50842444894451,0 70.20356917605997,22.51621176135173,0 70.20101310018913,22.52390087925052,0 70.19809057065727,22.53147652131929,0 70.19480734104067,22.53892362657097,0 70.19116987982832,22.54622738704927,0 70.18718536718247,22.55337328100548,0 70.18286167337162,22.56034709413227,0 70.18048083036658,22.56381945334045,0 70.1770235920619,22.54646261751587,0 70.17381334241271,22.54145536688846,0 70.17187209239329,22.54074786754029,0 70.16878284194514,22.54252011728316,0 70.16003234228243,22.54502511684979,0 70.15667684241845,22.54512086683349,0 70.14949009240678,22.54351586757697,0 70.14775634208971,22.54143961687665,0 70.14779934252225,22.53856061714171,0 70.14917909238712,22.53604311709585,0 70.14968734223298,22.53338586685386,0 70.15279734167378,22.52510886678509,0 70.15413584210349,22.52303161752022,0 70.1509168418666,22.52362986708756,0 70.14232009222702,22.52911311723692,0 70.14018034185628,22.5304136172967,0 70.13646634159993,22.53624911724462,0 70.13476659206151,22.53599536682983,0 70.13198009156517,22.53391961746845,0 70.13257759216062,22.5270273674985,0 70.12786984179617,22.52658436747227,0 70.12323659209606,22.52610911683733,0 70.12252809246151,22.52565686728835,0 70.12211334161506,22.52023511679941,0 70.12128859217493,22.51941536718509,0 70.10646784179592,22.51022186756968,0 70.10588284218127,22.50984461725755,0 70.10368959178918,22.50958811695863,0 70.10221534196566,22.51069161755299,0 70.10298859160429,22.5168128670437,0 70.1077693421424,22.5237681172697,0 70.10975134227292,22.5282283676206,0 70.11041234228769,22.52864986760358,0 70.11164409216562,22.53039161686703,0 70.11474159241601,22.53459036765543,0 70.11448134179302,22.53704686754151,0 70.11382134235926,22.54163211771356,0 70.11354759247109,22.54357786752499,0 70.11095759216587,22.54327261719713,0 70.09929534230243,22.53753361763434,0 70.09837309160646,22.53646261720987,0 70.09594634156544,22.53361136755996,0 70.09534309239378,22.5328888673775,0 70.08418834207488,22.53102361688315,0 70.08387959199979,22.52857836746124,0 70.08738584216705,22.52033511681368,0 70.08680534159312,22.51783986695133,0 70.08548634243147,22.51702436694386,0 70.08427334214775,22.51723561767884,0 70.079603342418,22.51901336758336,0 70.07300434177115,22.52297161708185,0 70.07094859188597,22.52986061706132,0 70.06845184177131,22.53836561727035,0 70.06650209232853,22.53993136739919,0 70.06489659185087,22.54477786764452,0 70.05429684155051,22.55506311743865,0</coordinates></LinearRing></outerBoundaryIs>
        </Polygon>
      </MultiGeometry>
    </Placemark>
  </Folder>
  <Folder id="FeatureLayer14">
    <name>Jamnagar_2</name>
    <Snippet></Snippet>
    <Placemark id="ID_140000">
      <name>0</name>
      <Snippet></Snippet>
      <description><![CDATA[<html xmlns:fo="http://www.w3.org/1999/XSL/Format" xmlns:msxsl="urn:schemas-microsoft-com:xslt">
<head>
<META http-equiv="Content-Type" content="text/html">
<meta http-equiv="content-type" content="text/html; charset=UTF-8">
</head>
<body style="margin:0px 0px 0px 0px;overflow:auto;background:#FFFFFF;">
<table style="font-family:Arial,Verdana,Times;font-size:12px;text-align:left;width:100%;border-collapse:collapse;padding:3px 3px 3px 3px">
<tr style="text-align:center;font-weight:bold;background:#9CBCE2">
<td>0</td>
</tr>
<tr>
<td>
<table style="font-family:Arial,Verdana,Times;font-size:12px;text-align:left;width:100%;border-spacing:0px; padding:3px 3px 3px 3px">
<tr>
<td>FID</td>
<td>0</td>
</tr>
<tr bgcolor="#D4E4F3">
<td>Id</td>
<td>0</td>
</tr>
</table>
</td>
</tr>
</table>
</body>
</html>
]]></description>
      <styleUrl>#PolyStyle110</styleUrl>
      <MultiGeometry>
        <Polygon>
          <extrude>0</extrude><altitudeMode>clampToGround</altitudeMode>
          <outerBoundaryIs><LinearRing><coordinates> 70.58333333333354,21.25000000000011,0 71.14361111111128,20.76500000000016,0 71.14601134302978,20.77138736529673,0 71.15225309303548,20.77362036529888,0 71.15673034303984,20.7730418652983,0 71.16369784304629,20.77944811530432,0 71.17902334306058,20.78481036530923,0 71.18214284306345,20.78505411530949,0 71.1913404682536,20.78947479736388,0 71.19927534307942,20.79343511531727,0 71.20928834308864,20.79630686532005,0 71.21301834309213,20.80259886532588,0 71.23663459311416,20.80522311532826,0 71.24951619670458,20.81341537044574,0 71.25815384313415,20.81890861534112,0 71.26319209313885,20.82075561534276,0 71.27029509314553,20.82392086534566,0 71.28286059315724,20.82805361534957,0 71.28949634316342,20.83051111535184,0 71.29613384316957,20.83439886535552,0 71.31400684318629,20.84319186536368,0 71.32933734320045,20.84810536536821,0 71.33599434320678,20.84910586536927,0 71.35031559322005,20.85062536537066,0 71.3585003432276,20.85210236537188,0 71.36550504359184,20.85423786765944,0 71.37041209323883,20.85573386537538,0 71.38203684324958,20.85851586537797,0 71.38201909324954,20.86142011538061,0 71.37864509324646,20.86685636538579,0 71.37576184324377,20.86750811538627,0 71.37087609323919,20.86860661538742,0 71.36615984323481,20.87019136538891,0 71.36542409323414,20.87064661538926,0 71.35665191367343,20.87721698461911,0 71.35309059322265,20.88053261539847,0 71.34832284321823,20.87801786539609,0 71.34110709321152,20.87729186539531,0 71.33858709927335,20.87123977615403,0 71.33733059320792,20.86822211538686,0 71.33208959320308,20.86276736538196,0 71.32812859319938,20.86015111537955,0 71.32012209319186,20.85696161537658,0 71.31658759318861,20.85629361537582,0 71.31194284318428,20.85789961537745,0 71.31132209318372,20.86361861538273,0 71.31166557522562,20.86667295550706,0 71.31196656575747,20.86934944902703,0 71.31227498535156,20.87209200388043,0 71.313741343186,20.8787341153967,0 71.31278309318503,20.8796253653976,0 71.30530659317822,20.88185936539969,0 71.31072169418422,20.88469295776702,0 71.31437894179209,20.88660670764824,0 71.31827059319016,20.88864311540601,0 71.31932084319112,20.8883676154058,0 71.32557434319693,20.89132436540848,0 71.33044759320154,20.89238061540937,0 71.34198484321234,20.8938038654108,0 71.34822684321813,20.89406336541111,0 71.35556009322499,20.89660411541337,0 71.36332467314537,20.89921453863172,0 71.36644384323506,20.90027311541689,0 71.37242109324058,20.9054948654217,0 71.37470711323289,20.90947945781534,0 71.37648084324445,20.91257111542831,0 71.37815992260107,20.91460178659537,0 70.78333333333342,22.03333333333353,0 70.50138888888898,22.17444444444459,0 70.21666666666675,22.31666666666683,0 70.1333333333335,22.18333333333351,0 70.58333333333354,21.25000000000011,0</coordinates></LinearRing></outerBoundaryIs>
        </Polygon>
      </MultiGeometry>
    </Placemark>
    <Placemark id="ID_140001">
      <name>0</name>
      <Snippet></Snippet>
      <description><![CDATA[<html xmlns:fo="http://www.w3.org/1999/XSL/Format" xmlns:msxsl="urn:schemas-microsoft-com:xslt">
<head>
<META http-equiv="Content-Type" content="text/html">
<meta http-equiv="content-type" content="text/html; charset=UTF-8">
</head>
<body style="margin:0px 0px 0px 0px;overflow:auto;background:#FFFFFF;">
<table style="font-family:Arial,Verdana,Times;font-size:12px;text-align:left;width:100%;border-collapse:collapse;padding:3px 3px 3px 3px">
<tr style="text-align:center;font-weight:bold;background:#9CBCE2">
<td>0</td>
</tr>
<tr>
<td>
<table style="font-family:Arial,Verdana,Times;font-size:12px;text-align:left;width:100%;border-spacing:0px; padding:3px 3px 3px 3px">
<tr>
<td>FID</td>
<td>1</td>
</tr>
<tr bgcolor="#D4E4F3">
<td>Id</td>
<td>0</td>
</tr>
</table>
</td>
</tr>
</table>
</body>
</html>
]]></description>
      <styleUrl>#PolyStyle110</styleUrl>
      <MultiGeometry>
        <Polygon>
          <extrude>0</extrude><altitudeMode>clampToGround</altitudeMode>
          <outerBoundaryIs><LinearRing><coordinates> 70.27805555555557,22.72000000000014,0 70.26638888888891,22.6755555555556,0 70.28416666666681,22.66250000000002,0 70.22388888888889,22.59638888888895,0 70.20666666666671,22.4430555555557,0 70.36722222222221,22.67472222222221,0 70.41194444444443,22.73666666666668,0 70.36666666666667,22.81527777777779,0 70.27805555555557,22.72000000000014,0</coordinates></LinearRing></outerBoundaryIs>
        </Polygon>
      </MultiGeometry>
    </Placemark>
  </Folder>
  <Folder id="FeatureLayer15">
    <name>Amreli-1new</name>
    <Snippet></Snippet>
    <Placemark id="ID_150000">
      <name>0</name>
      <Snippet></Snippet>
      <description><![CDATA[<html xmlns:fo="http://www.w3.org/1999/XSL/Format" xmlns:msxsl="urn:schemas-microsoft-com:xslt">
<head>
<META http-equiv="Content-Type" content="text/html">
<meta http-equiv="content-type" content="text/html; charset=UTF-8">
</head>
<body style="margin:0px 0px 0px 0px;overflow:auto;background:#FFFFFF;">
<table style="font-family:Arial,Verdana,Times;font-size:12px;text-align:left;width:100%;border-collapse:collapse;padding:3px 3px 3px 3px">
<tr style="text-align:center;font-weight:bold;background:#9CBCE2">
<td>0</td>
</tr>
<tr>
<td>
<table style="font-family:Arial,Verdana,Times;font-size:12px;text-align:left;width:100%;border-spacing:0px; padding:3px 3px 3px 3px">
<tr>
<td>FID</td>
<td>0</td>
</tr>
<tr bgcolor="#D4E4F3">
<td>Id</td>
<td>0</td>
</tr>
</table>
</td>
</tr>
</table>
</body>
</html>
]]></description>
      <styleUrl>#PolyStyle110</styleUrl>
      <MultiGeometry>
        <Polygon>
          <extrude>0</extrude><altitudeMode>clampToGround</altitudeMode>
          <outerBoundaryIs><LinearRing><coordinates> 71.30000000000007,21.10000000000002,0 71.30000000000007,20.83618001573023,0 71.32371234319521,20.84710436536739,0 71.35031559321999,20.8506253653706,0 71.37041209323877,20.85573386537527,0 71.38203684324952,20.85851586537791,0 71.37576184324371,20.86750811538633,0 71.35309059322253,20.88053261539835,0 71.34832284321817,20.87801786539597,0 71.32812859319927,20.86015111537944,0 71.31505109318715,20.85610086537565,0 71.31266359318499,20.87554761539377,0 71.30653284317924,20.88050661539836,0 71.32323809319485,20.89050236540771,0 71.34822684321801,20.89406336541105,0 71.37242109324063,20.90549486542164,0 71.37648084324439,20.91257111542825,0 71.3840393432514,20.93113336544565,0 71.39328434326001,20.93196436544639,0 71.39884859326526,20.92363286543861,0 71.38631234325351,20.91280761542845,0 71.3735050932417,20.88245411540032,0 71.3890785932561,20.87714886539533,0 71.40505034327106,20.87036711538894,0 71.43604234329996,20.86964361538827,0 71.43775307639186,20.87041153934718,0 71.30000000000007,21.10000000000002,0</coordinates></LinearRing></outerBoundaryIs>
        </Polygon>
      </MultiGeometry>
    </Placemark>
  </Folder>
  <Folder id="FeatureLayer16">
    <name>Jamnagar_1</name>
    <Snippet></Snippet>
    <Placemark id="ID_160000">
      <name>22 07 56 070 10 08</name>
      <Snippet></Snippet>
      <description><![CDATA[<html xmlns:fo="http://www.w3.org/1999/XSL/Format" xmlns:msxsl="urn:schemas-microsoft-com:xslt">
<head>
<META http-equiv="Content-Type" content="text/html">
<meta http-equiv="content-type" content="text/html; charset=UTF-8">
</head>
<body style="margin:0px 0px 0px 0px;overflow:auto;background:#FFFFFF;">
<table style="font-family:Arial,Verdana,Times;font-size:12px;text-align:left;width:100%;border-collapse:collapse;padding:3px 3px 3px 3px">
<tr style="text-align:center;font-weight:bold;background:#9CBCE2">
<td>22 07 56 070 10 08</td>
</tr>
<tr>
<td>
<table style="font-family:Arial,Verdana,Times;font-size:12px;text-align:left;width:100%;border-spacing:0px; padding:3px 3px 3px 3px">
<tr>
<td>FID</td>
<td>0</td>
</tr>
<tr bgcolor="#D4E4F3">
<td>NAME</td>
<td>22 07 56 070 10 08</td>
</tr>
<tr>
<td>LAYER</td>
<td>Unknown Point Feature</td>
</tr>
<tr bgcolor="#D4E4F3">
<td>KML_FOLDER</td>
<td>Jamnagar_1</td>
</tr>
<tr>
<td>BUFF_DIST</td>
<td>10</td>
</tr>
<tr bgcolor="#D4E4F3">
<td>ORIG_FID</td>
<td>0</td>
</tr>
<tr>
<td>Shape_Leng</td>
<td>0.588394</td>
</tr>
</table>
</td>
</tr>
</table>
</body>
</html>
]]></description>
      <styleUrl>#PolyStyle110</styleUrl>
      <MultiGeometry>
        <Polygon>
          <extrude>0</extrude><altitudeMode>clampToGround</altitudeMode>
          <outerBoundaryIs><LinearRing><coordinates> 70.1688888892109,22.22252980400731,0 70.16615640619324,22.22249393724547,0 70.16342609593761,22.22238636573826,0 70.16070013120617,22.22220717492121,0 70.15798067936493,22.22195650868599,0 70.15526990328345,22.22163456398397,0 70.1525699577374,22.22124159802138,0 70.14988299210648,22.22077792376223,0 70.14721114138115,22.22024390992857,0 70.14455653155875,22.2196399810004,0 70.14192127244883,22.21896661631632,0 70.13930746037107,22.2182243527717,0 70.13671717365867,22.21741377942243,0 70.13415247175919,22.21653554198173,0 70.13161539343571,22.21559033832352,0 70.12910795586754,22.21457892028099,0 70.12663215285164,22.21350209094879,0 70.12418995120532,22.21236070917945,0 70.12178329346426,22.21115567969093,0 70.11941409068777,22.20988796295916,0 70.11708422785489,22.20855856532557,0 70.1147955539717,22.20716854439286,0 70.11254988926601,22.2057190054278,0 70.11034901799286,22.2042111013613,0 70.10819468663556,22.20264603009025,0 70.1060886075033,22.20102503627646,0 70.10403245423441,22.19934940774903,0 70.10202785729984,22.19762047820257,0 70.10007641029813,22.19583962090184,0 70.09817966096261,22.19400825137973,0 70.09633911565771,22.19212782563869,0 70.09455623578174,22.19019983835193,0 70.09283243416957,22.18822582106486,0 70.09116907869009,22.18620734399377,0 70.08956749044739,22.18414601062995,0 70.08802893748555,22.18204345863876,0 70.08655464018454,22.17990135896059,0 70.08514576856243,22.17772141491145,0 70.08380343687918,22.17550535768618,0 70.08252870903277,22.17325494725804,0 70.08132259586114,22.17097197327797,0 70.08018605154513,22.1686582487792,0 70.07911997450725,22.16631561107664,0 70.07812521011039,22.16394592266624,0 70.07720254346265,22.16155106492977,0 70.07635270391421,22.15913293993327,0 70.07557636415794,22.15669346952802,0 70.07487413483352,22.15423459085372,0 70.07424657082265,22.15175825543918,0 70.07369416675243,22.14926643190034,0 70.0732173578948,22.1467610969471,0 70.07281651746837,22.14424424167845,0 70.07249196023582,22.141717864388,0 70.07224393980601,22.13918396966454,0 70.0720726495332,22.13664457109013,0 70.07197822071839,22.13410168314618,0 70.07196072440797,22.13155732571005,0 70.07202016959519,22.12901351865901,0 70.07215650591809,22.12647228007171,0 70.0723696209613,22.12393562712754,0 70.07265934115571,22.12140557430786,0 70.07302543177832,22.11888412889948,0 70.07346759965009,22.11637329189398,0 70.07398548953876,22.11387505618893,0 70.07457868595765,22.11139140478957,0 70.07524671406463,22.10892430631174,0 70.07598903966249,22.10647572037823,0 70.07680507189662,22.10404758952467,0 70.07769415785913,22.10164183830022,0 70.07865558888437,22.09926037776427,0 70.0796885987499,22.09690509559374,0 70.08079236367672,22.09457786057988,0 70.08196600682584,22.09228051813147,0 70.08320859200296,22.09001489207367,0 70.08451913085327,22.08778277745324,0 70.0858965810624,22.0855859450354,0 70.0873398472562,22.08342613770611,0 70.08884778189969,22.08130506777474,0 70.09041918619653,22.07922441787264,0 70.09205281098849,22.07718583735658,0 70.09374735945312,22.07519094230821,0 70.09550148350672,22.07324131553435,0 70.09731379189805,22.07133850117094,0 70.09918284571182,22.06948401007907,0 70.10110715926805,22.06767930995227,0 70.10308520551786,22.06592583341052,0 70.10511541514433,22.06422496990649,0 70.10719617656235,22.06257806842319,0 70.10932583951592,22.06098643297753,0 70.11150271238034,22.05945132531843,0 70.11372507025584,22.05797396402727,0 70.11599114957193,22.05655551822264,0 70.11829915258386,22.05519711295642,0 70.12064724917127,22.05389982471718,0 70.12303357863681,22.05266468232929,0 70.12545624700823,22.05149266335576,0 70.12791333423303,22.05038469679636,0 70.13040289237966,22.049341662188,0 70.13292294833548,22.04836438420904,0 70.13547150380691,22.04745363897433,0 70.138046539816,22.04661014684086,0 70.14064601400241,22.04583457690427,0 70.14326786781788,22.04512754340146,0 70.14591002292929,22.04448960750943,0 70.14857038481546,22.04392127284854,0 70.15124684546561,22.04342299177767,0 70.15393728517762,22.04299515820003,0 70.15663957075964,22.04263811026061,0 70.15935156182519,22.04235213214525,0 70.16207110989387,22.04213745048298,0 70.16479605929078,22.04199423434648,0 70.16752425164293,22.04192259794956,0 70.17025352587956,22.04192259794956,0 70.17298171823177,22.04199423434648,0 70.17570666762867,22.04213745048298,0 70.17842621569736,22.04235213214525,0 70.18113820676291,22.04263811026061,0 70.18384049324425,22.04299515820003,0 70.18653093205694,22.04342299177767,0 70.18920739360641,22.04392127284854,0 70.19186775549258,22.04448960750943,0 70.19450990970461,22.04512754340146,0 70.19713176352013,22.04583457690427,0 70.19973123770649,22.04661014684086,0 70.20230627371564,22.04745363897433,0 70.20485482918707,22.04836438420904,0 70.20737488514288,22.049341662188,0 70.20986444328946,22.05038469679636,0 70.21232153141358,22.05149266335576,0 70.21474419978506,22.05266468232929,0 70.21713052835128,22.05389982471718,0 70.21947862493863,22.05519711295642,0 70.22178662884988,22.05655551822264,0 70.22405270726671,22.05797396402727,0 70.2262750651422,22.05945132531843,0 70.22845193890589,22.06098643297753,0 70.23058160096019,22.06257806842319,0 70.23266236237816,22.06422496990649,0 70.23469257200463,22.06592583341052,0 70.23667061915381,22.06767930995227,0 70.23859493271004,22.06948401007907,0 70.2404639856245,22.07133850117094,0 70.24227629401582,22.07324131553435,0 70.24403041896869,22.07519094230821,0 70.24572496653406,22.07718583735658,0 70.24735859222528,22.07922441787264,0 70.24892999562286,22.08130506777474,0 70.25043793026634,22.08342613770611,0 70.25188119646009,22.0855859450354,0 70.25325864666928,22.08778277745324,0 70.25456918641885,22.09001489207367,0 70.25581177159603,22.09228051813147,0 70.25698541384583,22.09457786057988,0 70.25808917967197,22.09690509559374,0 70.25912218953749,22.09926037776427,0 70.26008362056268,22.10164183830022,0 70.26097270562593,22.10404758952467,0 70.26178873786,22.10647572037823,0 70.26253106435718,22.10892430631174,0 70.26319909246422,22.11139140478957,0 70.26379228798373,22.11387505618893,0 70.26431017787246,22.11637329189398,0 70.26475234574423,22.11888412889948,0 70.2651184372661,22.12140557430786,0 70.26540815656125,22.12393562712754,0 70.26562127160446,22.12647228007171,0 70.2657576079273,22.12901351865901,0 70.26581705401389,22.13155732571005,0 70.26579955770347,22.13410168314618,0 70.26570512798935,22.13664457109013,0 70.26553383771648,22.13918396966454,0 70.26528581728667,22.141717864388,0 70.2649612609535,22.14424424167845,0 70.26456042052706,22.1467610969471,0 70.26408361077006,22.14926643190034,0 70.26353120669989,22.15175825543918,0 70.26290364268903,22.15423459085372,0 70.26220141426393,22.15669346952802,0 70.26142507360834,22.15913293993327,0 70.26057523405984,22.16155106492977,0 70.2596525674121,22.16394592266624,0 70.25865780301524,22.16631561107664,0 70.25759172687674,22.1686582487792,0 70.25645518166135,22.17097197327797,0 70.25524906848977,22.17325494725804,0 70.25397434154269,22.17550535768618,0 70.25263200985944,22.17772141491145,0 70.251223137338,22.17990135896059,0 70.249748840037,22.18204345863876,0 70.24821028707515,22.18414601062995,0 70.24660869883246,22.18620734399377,0 70.2449453442523,22.18822582106486,0 70.24322154264013,22.19019983835193,0 70.24143866186483,22.19212782563869,0 70.23959811655988,22.19400825137973,0 70.23770136722436,22.19583962090184,0 70.2357499202227,22.19762047820257,0 70.2337453241874,22.19934940774903,0 70.23168917001925,22.20102503627646,0 70.22958309088699,22.20264603009025,0 70.22742876042901,22.2042111013613,0 70.22522788825648,22.2057190054278,0 70.22298222355084,22.20716854439286,0 70.22069355056698,22.20855856532557,0 70.21836368683472,22.20988796295916,0 70.21599448495755,22.21115567969093,0 70.21358782631717,22.21236070917945,0 70.21114562557023,22.21350209094879,0 70.20866982165501,22.21457892028099,0 70.20616238408684,22.21559033832352,0 70.2036253057633,22.21653554198173,0 70.20106060386382,22.21741377942243,0 70.19847031715148,22.2182243527717,0 70.19585650507372,22.21896661631632,0 70.19322124686312,22.2196399810004,0 70.1905666361414,22.22024390992857,0 70.18789478541606,22.22077792376223,0 70.18520781978509,22.22124159802138,0 70.18250787513836,22.22163456398397,0 70.17979709815762,22.22195650868599,0 70.17707764631638,22.22220717492121,0 70.17435168158488,22.22238636573826,0 70.17162137222863,22.22249393724547,0 70.1688888892109,22.22252980400731,0</coordinates></LinearRing></outerBoundaryIs>
        </Polygon>
      </MultiGeometry>
    </Placemark>
  </Folder>
  <Folder id="FeatureLayer17">
    <name>Rajkot</name>
    <Snippet></Snippet>
    <Placemark id="ID_170000">
      <name>0</name>
      <Snippet></Snippet>
      <description><![CDATA[<html xmlns:fo="http://www.w3.org/1999/XSL/Format" xmlns:msxsl="urn:schemas-microsoft-com:xslt">
<head>
<META http-equiv="Content-Type" content="text/html">
<meta http-equiv="content-type" content="text/html; charset=UTF-8">
</head>
<body style="margin:0px 0px 0px 0px;overflow:auto;background:#FFFFFF;">
<table style="font-family:Arial,Verdana,Times;font-size:12px;text-align:left;width:100%;border-collapse:collapse;padding:3px 3px 3px 3px">
<tr style="text-align:center;font-weight:bold;background:#9CBCE2">
<td>0</td>
</tr>
<tr>
<td>
<table style="font-family:Arial,Verdana,Times;font-size:12px;text-align:left;width:100%;border-spacing:0px; padding:3px 3px 3px 3px">
<tr>
<td>FID</td>
<td>0</td>
</tr>
<tr bgcolor="#D4E4F3">
<td>Id</td>
<td>0</td>
</tr>
</table>
</td>
</tr>
</table>
</body>
</html>
]]></description>
      <styleUrl>#PolyStyle110</styleUrl>
      <MultiGeometry>
        <Polygon>
          <extrude>0</extrude><altitudeMode>clampToGround</altitudeMode>
          <outerBoundaryIs><LinearRing><coordinates> 70.86666666666673,21.73333333333341,0 70.98333333333341,21.73333333333341,0 70.86666666666673,21.9166666666668,0 70.86666666666673,21.73333333333341,0</coordinates></LinearRing></outerBoundaryIs>
        </Polygon>
      </MultiGeometry>
    </Placemark>
  </Folder>
  <Folder id="FeatureLayer18">
    <name>Kutch_1</name>
    <Snippet></Snippet>
    <Placemark id="ID_180000">
      <name>0</name>
      <Snippet></Snippet>
      <description><![CDATA[<html xmlns:fo="http://www.w3.org/1999/XSL/Format" xmlns:msxsl="urn:schemas-microsoft-com:xslt">
<head>
<META http-equiv="Content-Type" content="text/html">
<meta http-equiv="content-type" content="text/html; charset=UTF-8">
</head>
<body style="margin:0px 0px 0px 0px;overflow:auto;background:#FFFFFF;">
<table style="font-family:Arial,Verdana,Times;font-size:12px;text-align:left;width:100%;border-collapse:collapse;padding:3px 3px 3px 3px">
<tr style="text-align:center;font-weight:bold;background:#9CBCE2">
<td>0</td>
</tr>
<tr>
<td>
<table style="font-family:Arial,Verdana,Times;font-size:12px;text-align:left;width:100%;border-spacing:0px; padding:3px 3px 3px 3px">
<tr>
<td>FID</td>
<td>0</td>
</tr>
<tr bgcolor="#D4E4F3">
<td>Id</td>
<td>0</td>
</tr>
</table>
</td>
</tr>
</table>
</body>
</html>
]]></description>
      <styleUrl>#PolyStyle110</styleUrl>
      <MultiGeometry>
        <Polygon>
          <extrude>0</extrude><altitudeMode>clampToGround</altitudeMode>
          <outerBoundaryIs><LinearRing><coordinates> 70.01666666666677,23.36666666666679,0 70.36666666666667,23.5333333333333,0 70.64999999999998,23.56666666666666,0 70.63333333333333,23.88333333333338,0 69.74999999999994,23.86666666666667,0 69.73333333333346,23.64999999999992,0 70.01666666666677,23.36666666666679,0</coordinates></LinearRing></outerBoundaryIs>
        </Polygon>
      </MultiGeometry>
    </Placemark>
  </Folder>
  <Folder id="FeatureLayer19">
    <name>Kutch_6NM</name>
    <Snippet></Snippet>
    <Placemark id="ID_190000">
      <name>23 11 00 069 06 00</name>
      <Snippet></Snippet>
      <description><![CDATA[<html xmlns:fo="http://www.w3.org/1999/XSL/Format" xmlns:msxsl="urn:schemas-microsoft-com:xslt">
<head>
<META http-equiv="Content-Type" content="text/html">
<meta http-equiv="content-type" content="text/html; charset=UTF-8">
</head>
<body style="margin:0px 0px 0px 0px;overflow:auto;background:#FFFFFF;">
<table style="font-family:Arial,Verdana,Times;font-size:12px;text-align:left;width:100%;border-collapse:collapse;padding:3px 3px 3px 3px">
<tr style="text-align:center;font-weight:bold;background:#9CBCE2">
<td>23 11 00 069 06 00</td>
</tr>
<tr>
<td>
<table style="font-family:Arial,Verdana,Times;font-size:12px;text-align:left;width:100%;border-spacing:0px; padding:3px 3px 3px 3px">
<tr>
<td>FID</td>
<td>0</td>
</tr>
<tr bgcolor="#D4E4F3">
<td>NAME</td>
<td>23 11 00 069 06 00</td>
</tr>
<tr>
<td>LAYER</td>
<td>Unknown Point Feature</td>
</tr>
<tr bgcolor="#D4E4F3">
<td>BUFF_DIST</td>
<td>6</td>
</tr>
<tr>
<td>ORIG_FID</td>
<td>0</td>
</tr>
<tr bgcolor="#D4E4F3">
<td>Shape_Leng</td>
<td>0.65679</td>
</tr>
</table>
</td>
</tr>
</table>
</body>
</html>
]]></description>
      <styleUrl>#PolyStyle110</styleUrl>
      <MultiGeometry>
        <Polygon>
          <extrude>0</extrude><altitudeMode>clampToGround</altitudeMode>
          <outerBoundaryIs><LinearRing><coordinates> 69.09999999960036,23.28373868299389,0 69.09349997324523,23.28355883747042,0 69.08702326631072,23.28301994571399,0 69.08059311727857,23.28212394126695,0 69.07423259285991,23.28087403830625,0 69.0679645097544,23.27927472085173,0 69.06181135191241,23.2773317274773,0 69.0557951859991,23.27505202613014,0 69.04993758675027,23.27244379524501,0 69.04425955513443,23.26951638956979,0 69.03878144280941,23.26628030958869,0 69.03352288377414,23.26274716105269,0 69.02850271792613,23.2589296136108,0 69.0237389245118,23.25484135674327,0 69.019248562771,23.25049704939937,0 69.0150477026894,23.24591226603832,0 69.01115137373694,23.24110344266978,0 69.00757351000954,23.23608781570016,0 69.00432689806797,23.23088336257717,0 69.00142313287137,23.22550873344136,0 68.99887257910632,23.21998318817367,0 68.99668432981804,23.21432652175162,0 68.99486617943069,23.2085590003976,0 68.9934245904725,23.20270128243828,0 68.99236467828734,23.19677434725838,0 68.99169018675275,23.19079941885815,0 68.99140347928721,23.18479789120977,0 68.99150553165504,23.17879125001622,0 68.99199592477214,23.17280099716834,0 68.99287285369928,23.16684857160436,0 68.99413312764176,23.16095527556558,0 68.99577218793615,23.15514219635531,0 68.99778412243933,23.1494301325946,0 69.00016168621289,23.14383951688023,0 69.00289633030144,23.13839034653734,0 69.00597823230964,23.13310210987453,0 69.00939633147556,23.12799371873518,0 69.01313836914051,23.1230834374507,0 69.01719093191605,23.11838882168684,0 69.02153950114712,23.11392665459147,0 69.02616850597184,23.1097128847419,0 69.03106137548212,23.10576257488299,0 69.03620060257583,23.1020898407736,0 69.0415678024122,23.09870780801896,0 69.04714378166022,23.09562856170879,0 69.0529086041488,23.09286310324967,0 69.05884166281254,23.09042131349287,0 69.06492175343624,23.0883119167616,0 69.07112715109719,23.08654244667662,0 69.07743568301044,23.08511922637126,0 69.08382481486336,23.08404733881366,0 69.09027172096319,23.08333061331717,0 69.09675337506826,23.08297160845302,0 69.10324662503177,23.08297160845302,0 69.10972827913685,23.08333061331717,0 69.11617518523667,23.08404733881366,0 69.12256431619028,23.08511922637126,0 69.12887284900285,23.08654244667662,0 69.1350782466638,23.0883119167616,0 69.14115833728749,23.09042131349287,0 69.14709139595124,23.09286310324967,0 69.15285621843981,23.09562856170879,0 69.15843219768783,23.09870780801896,0 69.16379939752426,23.1020898407736,0 69.16893862461791,23.10576257488299,0 69.17383149412819,23.1097128847419,0 69.17846049895292,23.11392665459147,0 69.18280906818399,23.11838882168684,0 69.18686163095958,23.1230834374507,0 69.19060366862448,23.12799371873518,0 69.19402176779039,23.13310210987453,0 69.19710366979859,23.13839034653734,0 69.19983831388714,23.14383951688023,0 69.20221587766071,23.1494301325946,0 69.20422781126456,23.15514219635531,0 69.20586687245827,23.16095527556558,0 69.20712714640075,23.16684857160436,0 69.20800407442857,23.17280099716834,0 69.208494468445,23.17879125001622,0 69.20859652081282,23.18479789120977,0 69.20830981334728,23.19079941885815,0 69.20763532181269,23.19677434725838,0 69.20657540962753,23.20270128243828,0 69.20513382066935,23.2085590003976,0 69.20331566938268,23.21432652175162,0 69.20112742099371,23.21998318817367,0 69.19857686722872,23.22550873344136,0 69.19567310203212,23.23088336257717,0 69.1924264900905,23.23608781570016,0 69.1888486263631,23.24110344266978,0 69.18495229741063,23.24591226603832,0 69.18075143732904,23.25049704939937,0 69.17626107558823,23.25484135674327,0 69.1714972821739,23.2589296136108,0 69.16647711632589,23.26274716105269,0 69.16121855729062,23.26628030958869,0 69.1557404449656,23.26951638956979,0 69.15006241334976,23.27244379524501,0 69.14420481410093,23.27505202613014,0 69.13818864818762,23.2773317274773,0 69.13203549034569,23.27927472085173,0 69.12576740724012,23.28087403830625,0 69.11940688282147,23.28212394126695,0 69.11297673378931,23.28301994571399,0 69.1065000268548,23.28355883747042,0 69.09999999960036,23.28373868299389,0</coordinates></LinearRing></outerBoundaryIs>
        </Polygon>
      </MultiGeometry>
    </Placemark>
  </Folder>
  </Folder>
  <Folder id="FeatureLayer20">
    <name>Gujarat</name>
    <Snippet></Snippet>
    <Placemark id="ID_200000">
      <name>GUJARAT</name>
      <Snippet></Snippet>
      <description><![CDATA[<html xmlns:fo="http://www.w3.org/1999/XSL/Format" xmlns:msxsl="urn:schemas-microsoft-com:xslt">
<head>
<META http-equiv="Content-Type" content="text/html">
<meta http-equiv="content-type" content="text/html; charset=UTF-8">
</head>
<body style="margin:0px 0px 0px 0px;overflow:auto;background:#FFFFFF;">
<table style="font-family:Arial,Verdana,Times;font-size:12px;text-align:left;width:100%;border-collapse:collapse;padding:3px 3px 3px 3px">
<tr style="text-align:center;font-weight:bold;background:#9CBCE2">
<td>GUJARAT</td>
</tr>
<tr>
<td>
<table style="font-family:Arial,Verdana,Times;font-size:12px;text-align:left;width:100%;border-spacing:0px; padding:3px 3px 3px 3px">
<tr>
<td>FID</td>
<td>0</td>
</tr>
<tr bgcolor="#D4E4F3">
<td>STATE</td>
<td>GUJARAT</td>
</tr>
<tr>
<td>area</td>
<td>187413</td>
</tr>
</table>
</td>
</tr>
</table>
</body>
</html>
]]></description>
      <styleUrl>#PolyStyle200</styleUrl>
      <MultiGeometry>
        <Polygon>
          <extrude>0</extrude><altitudeMode>clampToGround</altitudeMode>
          <outerBoundaryIs><LinearRing><coordinates> 68.10599409019852,23.63615436796476,0 68.10598709019848,23.63475611796349,0 68.10939434020167,23.63167636796061,0 68.11151159020363,23.62836211795753,0 68.11259584020462,23.62545486795483,0 68.11587534020771,23.62078486795047,0 68.11918359021075,23.61610086794611,0 68.12508459021626,23.61187286794217,0 68.12680534021786,23.61057686794095,0 68.12843484021937,23.60899161793946,0 68.13275509022344,23.60687911793752,0 68.13741009022777,23.60365561793452,0 68.1417815902318,23.60147286793244,0 68.14599334023575,23.60043011793152,0 68.15696959024598,23.59792161792916,0 68.17449084026231,23.59384736792538,0 68.17879884026632,23.59292461792449,0 68.1864075902734,23.59219961792382,0 68.21522284030021,23.59146711792317,0 68.23078759031472,23.59526086792669,0 68.23454084031823,23.59288011792443,0 68.23802684032148,23.59114836792287,0 68.24090784032416,23.59055736792232,0 68.24408259032708,23.59087361792257,0 68.24466034032764,23.59072186792247,0 68.25102834033356,23.58907586792094,0 68.25172484033419,23.58830461792019,0 68.26413584034577,23.585938367918,0 68.26582309034734,23.58621136791828,0 68.26825384034959,23.58718611791915,0 68.26865034035001,23.58809211791999,0 68.26897684035026,23.58886111792071,0 68.26999984035126,23.59467086792614,0 68.27098759035215,23.59491786792637,0 68.27392059035486,23.59499786792645,0 68.27465409035557,23.59464761792612,0 68.28806059036805,23.58811911792003,0 68.28984809036973,23.58816861792008,0 68.29917734037844,23.59335686792491,0 68.30093834038007,23.59184036792351,0 68.3013038403804,23.58959761792141,0 68.29896409037821,23.58456011791674,0 68.29997934037914,23.5830048679153,0 68.30432834038322,23.58074886791314,0 68.3100043403885,23.57884186791136,0 68.32623884040362,23.49629111783451,0 68.40469484047668,23.48740661782625,0 68.40558084047751,23.4868248678257,0 68.4073673404792,23.48619836782513,0 68.40889084048058,23.48607636782497,0 68.40957134048125,23.48594336782486,0 68.41025134048186,23.48595586782488,0 68.41295509048439,23.48602286782494,0 68.4159718404872,23.48687361782573,0 68.41780834048888,23.48770361782653,0 68.4199768404909,23.48899811782769,0 68.42314709049384,23.49048611782911,0 68.4253203404959,23.49147586783005,0 68.4279953404984,23.49248036783098,0 68.43082034050099,23.49441561783277,0 68.43296234050302,23.49634536783458,0 68.43527659050518,23.49828111783637,0 68.4379033405076,23.50115036783904,0 68.43987009050943,23.50338986784113,0 68.44148984051094,23.50592886784347,0 68.44159409051105,23.50826961784565,0 68.44199734051142,23.51203511784917,0 68.44182484051129,23.51812686785485,0 68.4409025905104,23.52091186785742,0 68.43876384050839,23.52461636786092,0 68.43733384050705,23.52739286786345,0 68.43591559050577,23.52969911786562,0 68.43501609050492,23.53155261786737,0 68.43462634050456,23.53342411786912,0 68.43475759050466,23.53467436787025,0 68.43490209050481,23.53561161787115,0 68.43503184050496,23.53702111787243,0 68.43566884050551,23.53844611787378,0 68.43633209050614,23.5389306178742,0 68.43767834050738,23.53911586787439,0 68.4382035905079,23.53850686787382,0 68.43838559050806,23.53804011787338,0 68.43858409050824,23.53710586787253,0 68.43879159050846,23.53570786787122,0 68.43949934050909,23.53462511787023,0 68.44171734051116,23.53405411786969,0 68.44341459051276,23.53378786786942,0 68.44596234051511,23.53353511786917,0 68.4471268405162,23.53418461786981,0 68.44776384051681,23.5356096178711,0 68.44906484051802,23.53751211787289,0 68.45073934051959,23.53817711787354,0 68.45193834052066,23.53773911787312,0 68.4519780905207,23.5363353678718,0 68.4506608405195,23.53489586787049,0 68.44955334051843,23.53205886786781,0 68.44860309051757,23.52984786786579,0 68.44780734051682,23.527953617864,0 68.44739184051645,23.52466286786091,0 68.4476303405167,23.52232511785877,0 68.44919009051813,23.52095561785745,0 68.4504263405193,23.51911386785576,0 68.45201734052074,23.51680211785362,0 68.4532678405219,23.51448986785147,0 68.45449184052308,23.51295186785001,0 68.45622134052468,23.51158861784876,0 68.45895359052719,23.51072136784796,0 68.46114084052925,23.51108086784831,0 68.4628145905308,23.51174811784892,0 68.46446709053237,23.51318986785026,0 68.46662659053436,23.51464886785164,0 68.46829034053593,23.51562936785251,0 68.4701380905376,23.51614561785301,0 68.47366059054093,23.5173198678541,0 68.47584384054295,23.51783586785456,0 68.47853809054544,23.51821511785494,0 68.48023684054704,23.51809636785481,0 68.4814540905482,23.51688336785367,0 68.48115659054787,23.51546811785238,0 68.47983134054664,23.51434236785133,0 68.47802559054497,23.51242511784955,0 68.47521959054234,23.51001161784728,0 68.47139059053882,23.50758111784501,0 68.4680780905357,23.50514786784276,0 68.46490709053273,23.50351736784126,0 68.46155809052965,23.50233986784014,0 68.45668034052511,23.50128686783916,0 68.45080159051963,23.4997468678377,0 68.44545709051465,23.49727211783545,0 68.43971259050932,23.49150786783008,0 68.43614084050597,23.48760811782643,0 68.43181409050192,23.48502086782401,0 68.42545159049604,23.48046561781979,0 68.4181543404892,23.4728961178127,0 68.41657384048773,23.46996036780996,0 68.41758659048867,23.46840436780855,0 68.42298659049374,23.46830411780843,0 68.43300659050306,23.47448861781419,0 68.43874834050837,23.47715536781669,0 68.4394815905091,23.47671211781624,0 68.43930259050893,23.47512336781477,0 68.43946834050905,23.47365761781344,0 68.44054209051006,23.4735218678133,0 68.44289634051228,23.47284361781266,0 68.44258359051196,23.47160486781149,0 68.43645159050624,23.46778361780798,0 68.43239934050246,23.46515461780552,0 68.43139834050157,23.46444586780484,0 68.42675284049722,23.46350161780396,0 68.42381909049448,23.46343811780389,0 68.4216618404925,23.46322811780374,0 68.41772009048879,23.46197461780253,0 68.41687934048804,23.46177211780235,0 68.41572009048696,23.46152011780214,0 68.41317359048458,23.46014836780086,0 68.41299184048438,23.45865161779943,0 68.41235709048379,23.4530343677942,0 68.41170609048322,23.44700911778864,0 68.40952984048118,23.44222636778414,0 68.4089185904806,23.4418678677838,0 68.40718009047902,23.44271961778463,0 68.40702609047884,23.44377061778561,0 68.40602609047791,23.44484711778659,0 68.4042823404763,23.44405136778585,0 68.40019609047249,23.43904436778121,0 68.3998615904722,23.43861461778079,0 68.39967334047202,23.43041886777314,0 68.39961884047193,23.42433736776752,0 68.39992684047223,23.42232136776562,0 68.39963484047195,23.42029636776374,0 68.40793359047967,23.41168411775572,0 68.41426309048558,23.40840761775269,0 68.41835334048938,23.40697011775131,0 68.41933534049031,23.4065388677509,0 68.42488809049547,23.40960561775376,0 68.42608059049661,23.41147261775552,0 68.42679509049725,23.41519036775896,0 68.4332685905033,23.41568436775941,0 68.4377770905075,23.42059061776399,0 68.44573734051488,23.42920961777202,0 68.44749134051654,23.43486761777728,0 68.44774459051678,23.43556611777797,0 68.4496698405186,23.43696861777925,0 68.45028109051913,23.43643036777877,0 68.4506638405195,23.43609461777845,0 68.4527003405214,23.43343561777595,0 68.45267484052135,23.43209161777475,0 68.45247009052116,23.43112911777382,0 68.45126159052006,23.42918511777203,0 68.45006059051894,23.42692961776993,0 68.44853184051749,23.4240281177672,0 68.44655134051567,23.42142036776477,0 68.44364284051295,23.4161643677599,0 68.44273584051211,23.41297286775693,0 68.44201359051146,23.40866336775292,0 68.44210459051152,23.40710886775144,0 68.44243159051183,23.4025671177472,0 68.44474234051398,23.39901661774394,0 68.4519545905207,23.39432286773956,0 68.45321884052186,23.39355711773885,0 68.45913409052736,23.39167936773708,0 68.45845609052674,23.36739636771449,0 68.47435084054155,23.36356486771092,0 68.48000334054683,23.36211711770954,0 68.48093659054769,23.36259661770998,0 68.48127159054798,23.36302386771041,0 68.48263059054926,23.36422836771152,0 68.48717609055348,23.36256961770999,0 68.4862293405526,23.3613106177088,0 68.48555009055201,23.36059186770814,0 68.48501259055149,23.35960186770722,0 68.4847098405512,23.35782586770557,0 68.48491609055139,23.35516211770306,0 68.48493834055142,23.35161161769975,0 68.48705184055336,23.34975486769804,0 68.4890140905552,23.3497993676981,0 68.49046159055655,23.35201061770016,0 68.4912445905573,23.35443736770242,0 68.49187834055789,23.35747411770524,0 68.49218609055816,23.36023886770777,0 68.49195809055794,23.36218961770959,0 68.49050434055658,23.36363186771098,0 68.50051734056592,23.36958061771651,0 68.50675884057176,23.36834711771536,0 68.51263334057722,23.37069136771754,0 68.51550459057989,23.36926111771618,0 68.51613309058047,23.36622961771337,0 68.51666209058095,23.36596236771311,0 68.5171130905814,23.3649938677122,0 68.52136234058531,23.36314086771052,0 68.52478159058853,23.361564617709,0 68.52890484059236,23.36065361770818,0 68.53737409060022,23.35712936770488,0 68.54540159060775,23.35605436770391,0 68.54955609061159,23.35569236770357,0 68.55047309061246,23.35584686770369,0 68.55327159061505,23.35614036770397,0 68.55617809061778,23.35710936770488,0 68.55908059062045,23.36274836771014,0 68.56240884062356,23.36921111771613,0 68.56316459062424,23.37062836771747,0 68.56648609062734,23.37362161772029,0 68.56907634062975,23.37429411772086,0 68.57096409063155,23.37424886772083,0 68.57632534063652,23.37365786772028,0 68.58074034064066,23.37107886771787,0 68.5767010906369,23.37066736771749,0 68.57233209063281,23.37150136771828,0 68.57104559063163,23.37122236771802,0 68.57035209063093,23.37111486771795,0 68.56446059062546,23.36406711771139,0 68.5641688406252,23.36286486771024,0 68.56221334062337,23.35408236770207,0 68.56069234062198,23.35002536769827,0 68.55940184062075,23.34445936769311,0 68.55911134062052,23.33867261768773,0 68.56385109062489,23.33515311768446,0 68.56444284062547,23.33527836768457,0 68.56654384062739,23.33567636768492,0 68.57848234063852,23.336838117686,0 68.58214909064196,23.33624011768546,0 68.58750534064694,23.33750561768664,0 68.59763284065639,23.33388536768325,0 68.59991709065849,23.33122961768078,0 68.60242784066082,23.32926736767894,0 68.60465859066289,23.32750111767729,0 68.60788534066592,23.32578636767573,0 68.60940284066731,23.32718861767699,0 68.61199434066975,23.32866436767841,0 68.61461259067221,23.3295253676792,0 68.61852084067584,23.33007411767971,0 68.61948959067672,23.33009336767975,0 68.62050009067764,23.32855211767827,0 68.61542909067293,23.32411986767414,0 68.61533309067283,23.32302011767314,0 68.61431334067191,23.32209861767228,0 68.61041559066825,23.32108861767136,0 68.58227184064208,23.32338261767347,0 68.58058259064052,23.32242911767258,0 68.58009859064003,23.32196086767214,0 68.58065809064055,23.31867011766911,0 68.58175509064159,23.31577986766638,0 68.58187359064169,23.31511436766578,0 68.58144884064131,23.31329011766405,0 68.57872859063878,23.31391061766465,0 68.57289159063333,23.317521367668,0 68.57240784063288,23.31705311766757,0 68.56973259063039,23.31676211766734,0 68.56976409063043,23.31563511766626,0 68.57233134063279,23.31340286766419,0 68.57327934063369,23.31232136766317,0 68.57468334063498,23.30906861766016,0 68.57499834063526,23.30659786765784,0 68.57542359063569,23.30559986765689,0 68.57665934063681,23.30494186765628,0 68.57693009063706,23.30405236765546,0 68.5759553406362,23.30336461765484,0 68.57002734063065,23.30579986765713,0 68.56174259062294,23.31386386766462,0 68.56110634062236,23.3136221176644,0 68.55690884061846,23.31173386766261,0 68.55611584061768,23.31017511766117,0 68.55414334061589,23.30801286765916,0 68.55166709061353,23.30560936765692,0 68.54793384061009,23.30294261765442,0 68.54392209060637,23.30096861765259,0 68.54195534060449,23.29857336765036,0 68.54103234060364,23.2952633676473,0 68.53911459060186,23.29098461764329,0 68.53839259060118,23.289560617642,0 68.53493234059795,23.28596261763863,0 68.53398209059708,23.2835836176364,0 68.5320300905953,23.28071811763374,0 68.53208284059531,23.27884661763199,0 68.53295259059615,23.27463011762808,0 68.53428284059737,23.27255911762614,0 68.53718259060008,23.26862486762246,0 68.5380745906009,23.26707311762101,0 68.53749684060034,23.2662833676203,0 68.53601134059898,23.26484586761893,0 68.5352863405983,23.26365486761784,0 68.53584959059884,23.26154936761588,0 68.53996159060267,23.25976661761421,0 68.54408509060647,23.25751336761215,0 68.54437409060677,23.25610536761081,0 68.54265659060519,23.25395511760883,0 68.54044209060311,23.25131711760633,0 68.54000959060272,23.2484851176037,0 68.54105559060366,23.24733761760262,0 68.54435784060678,23.24741761760271,0 68.54536759060767,23.24767386760294,0 68.55014084061213,23.24924336760444,0 68.55181459061367,23.24746861760275,0 68.55301884061481,23.24523336760069,0 68.55565284061726,23.2443851175999,0 68.55926184062065,23.24356411759913,0 68.56236009062354,23.24363311759919,0 68.56539884062636,23.24596786760139,0 68.56601509062693,23.24734461760266,0 68.56561209062653,23.25004661760516,0 68.56275659062391,23.25315311760806,0 68.55990109062122,23.25625736761094,0 68.5550500906167,23.26067586761507,0 68.55220409061405,23.26332811761756,0 68.55774459061922,23.26345836761766,0 68.56379434062484,23.26314186761737,0 68.56934759063,23.26281761761709,0 68.57542659063569,23.26114486761549,0 68.57758134063772,23.25983761761426,0 68.58172159064156,23.25766786761227,0 68.58634859064585,23.25550461761026,0 68.58995734064922,23.25468511760948,0 68.594043340653,23.25432386760917,0 68.59714084065592,23.25440361760923,0 68.60117109065965,23.25630161761103,0 68.60371934066205,23.25862636761315,0 68.60719684066527,23.26278086761704,0 68.61019809066806,23.2664676176205,0 68.61124259066906,23.27012086762386,0 68.61180659066957,23.27329711762684,0 68.61279184067047,23.27976611763285,0 68.61117384066898,23.2832501176361,0 68.61231434067003,23.28820636764072,0 68.61724059067461,23.29395836764609,0 68.62298559068,23.2976191176495,0 68.62800484068464,23.29983486765156,0 68.63228059068865,23.30134836765296,0 68.63432859069053,23.30068836765235,0 68.63264509068898,23.29712586764902,0 68.63016734068668,23.29495711764702,0 68.62539884068224,23.29273461764495,0 68.62215784067922,23.29054311764287,0 68.61969434067692,23.2876728676402,0 68.61799234067536,23.28481111763756,0 68.61785309067523,23.28058111763363,0 68.61926984067651,23.27496861762836,0 68.61996234067715,23.27348461762699,0 68.62218059067925,23.26990911762368,0 68.62248534067953,23.26448836761864,0 68.62319734068018,23.26223886761653,0 68.62294109067993,23.25951536761398,0 68.62414409068106,23.25727961761191,0 68.62579784068259,23.2564076176111,0 68.62890559068552,23.25602561761076,0 68.6286055906852,23.25511186760991,0 68.62492684068178,23.25230786760727,0 68.62074934067788,23.24994911760507,0 68.61608334067353,23.24757711760287,0 68.61094059066875,23.24460086760013,0 68.60826959066628,23.2409158675967,0 68.60576234066394,23.23693111759297,0 68.60250234066092,23.23685536759291,0 68.597213590656,23.23945236759533,0 68.59142584065057,23.24249211759815,0 68.58866734064804,23.24197111759764,0 68.5844535906441,23.24097136759673,0 68.58171634064155,23.23955561759539,0 68.5804730906404,23.23723586759325,0 68.5808030906407,23.23387936759014,0 68.58188059064167,23.22986761758636,0 68.58373709064341,23.2238428675808,0 68.58776009064718,23.21855311757582,0 68.59273434065182,23.21372736757132,0 68.59644584065524,23.21067086756852,0 68.60263559066101,23.20588036756402,0 68.60587534066406,23.20258736756097,0 68.60916634066712,23.19727936755601,0 68.61460109067218,23.19336511755239,0 68.62152459067862,23.18813736754754,0 68.62694209068366,23.18489586754453,0 68.6352430906914,23.18238936754216,0 68.63766634069367,23.18244561754221,0 68.6422288406979,23.18389036754354,0 68.64679909070213,23.18533786754489,0 68.64848934070375,23.18537636754496,0 68.65023884070536,23.18339361754311,0 68.65051809070565,23.18205661754183,0 68.64862959070388,23.17999636753996,0 68.6431038406987,23.17830911753839,0 68.64316759069879,23.17583561753605,0 68.64420734069972,23.17316961753357,0 68.64815409070343,23.17056611753116,0 68.65213109070713,23.16661336752748,0 68.65244259070744,23.16393236752498,0 68.65627134071099,23.15781136751929,0 68.65721809071186,23.15574811751736,0 68.65791534071252,23.15282336751465,0 68.65588259071063,23.15459536751627,0 68.65200559070701,23.15772411751919,0 68.64287459069851,23.16646736752733,0 68.6361323406922,23.17290361753334,0 68.63336634068963,23.17516811753546,0 68.63336984068962,23.17227211753277,0 68.6342955906905,23.16728361752809,0 68.63477534069096,23.16691061752778,0 68.63538834069152,23.16629836752719,0 68.63947259069533,23.16283661752396,0 68.64640484070178,23.15759236751905,0 68.66644184072044,23.14248236750501,0 68.67187684072553,23.13943486750218,0 68.67417359072766,23.13792461750075,0 68.67454234072801,23.13701436749989,0 68.68452484073731,23.13080411749411,0 68.69602859074803,23.12517761748887,0 68.71797784076847,23.11244161747703,0 68.7285613407783,23.1056428674707,0 68.72924259077894,23.10515511747024,0 68.73411334078349,23.10094836746634,0 68.73606909078529,23.09912111746462,0 68.74461284079325,23.09134811745735,0 68.75096134079917,23.08551161745191,0 68.75581834080367,23.08231011744897,0 68.76141609080889,23.07778461744476,0 68.76696084081408,23.07525486744237,0 68.77537534082188,23.0727866174401,0 68.79170109083714,23.06849336743608,0 68.79650059084156,23.06727236743495,0 68.80281359084745,23.06276136743076,0 68.81567934085945,23.05375161742234,0 68.82198809086532,23.04924411741814,0 68.82756434087054,23.04538911741457,0 68.82894759087179,23.0444193674137,0 68.83469834087714,23.0403853674099,0 68.85045809089183,23.03437986740431,0 68.87010909091015,23.02308586739377,0 68.8751463409148,23.01972336739067,0 68.87730334091685,23.01859511738963,0 68.88123734092051,23.01684411738796,0 68.88542009092441,23.01504186738629,0 68.89465909093298,23.01090086738248,0 68.9020598409399,23.00602011737789,0 68.91152409094872,22.99983486737216,0 68.9124065909495,22.9992551173716,0 68.91852009095521,22.9952956173679,0 68.933320590969,22.98549461735877,0 68.93359009096923,22.98458361735794,0 68.93728809097269,22.98218386735573,0 68.96917884100242,22.96388436733866,0 68.98870759102061,22.95270861732825,0 69.02742684105664,22.93747461731408,0 69.04082734106913,22.92934311730647,0 69.04270959107089,22.92818386730539,0 69.05945759108647,22.91798136729591,0 69.06679134109334,22.91559361729367,0 69.06915884109549,22.91916061729699,0 69.0730398410991,22.9195738672974,0 69.07873884110444,22.91608436729416,0 69.07867909110439,22.91545911729355,0 69.07855284110428,22.91336736729164,0 69.08014034110573,22.90775111728641,0 69.0813985911069,22.90573136728449,0 69.08335884110875,22.90553761728433,0 69.10266059112672,22.89475486727429,0 69.10423784112817,22.89401161727358,0 69.10943384113301,22.89296461727264,0 69.11507009113825,22.89347986727307,0 69.11680109113991,22.89238711727211,0 69.12223509114494,22.88842711726841,0 69.12453959114708,22.88604336726615,0 69.1245550911471,22.88535186726551,0 69.12502784114753,22.88306086726339,0 69.1235963411462,22.88179236726222,0 69.12120784114398,22.88016661726073,0 69.12148534114425,22.87881286725946,0 69.12296959114565,22.87771861725843,0 69.14139734116281,22.87051686725169,0 69.16407484118389,22.85873586724074,0 69.16750909118713,22.85787986723994,0 69.168482341188,22.85762161723972,0 69.18318934120174,22.8538801172362,0 69.188860591207,22.84914536723181,0 69.18988659120794,22.84746611723023,0 69.20987809122659,22.83496136721863,0 69.21937484123544,22.83511461721872,0 69.22486234124051,22.83998786722327,0 69.22512159124074,22.84061811722387,0 69.22589109124146,22.84384461722686,0 69.22745834124294,22.84456086722752,0 69.22820184124362,22.84457661722757,0 69.2306645912459,22.84280536722588,0 69.24242209125686,22.83917236722254,0 69.24306509125745,22.83693486722046,0 69.23854434125326,22.8330151172168,0 69.23897809125367,22.83008386721406,0 69.24512034125939,22.82865886721271,0 69.25000034126396,22.8282843672124,0 69.25627234126978,22.82651936721073,0 69.26366684127669,22.8244296172088,0 69.27343234128574,22.8234836172079,0 69.28363084129523,22.82568886720998,0 69.30122609131166,22.83348011721721,0 69.3060940913162,22.8337956172175,0 69.34068534134838,22.82410361720849,0 69.37148584137708,22.81551436720048,0 69.37455434137991,22.81428186719933,0 69.38058909138556,22.8131671171983,0 69.39399509139804,22.81072086719604,0 69.40626059140948,22.80597311719163,0 69.42382559142584,22.79484236718122,0 69.4251940914271,22.79380911718027,0 69.42878334143046,22.79176011717834,0 69.43813009143912,22.7866151171736,0 69.44285534144353,22.78458511717167,0 69.44758334144797,22.7825458671698,0 69.45347009145343,22.77947436716693,0 69.46507559146426,22.77543361716317,0 69.4690193414679,22.77443786716224,0 69.47333009147195,22.77416711716199,0 69.47533909147381,22.77490436716266,0 69.47459009147309,22.77662736716428,0 69.4725455914712,22.7775311171651,0 69.45759909145727,22.78290286717009,0 69.44968784144993,22.78788811717476,0 69.43560809143679,22.79924836718532,0 69.42031834142256,22.80802761719349,0 69.41275409141554,22.8102653671956,0 69.4127225914155,22.81185136719705,0 69.41464334141727,22.81346261719858,0 69.41794709142033,22.81279536719796,0 69.42859109143023,22.80884236719425,0 69.44030734144116,22.81279061719795,0 69.450839841451,22.81069586719599,0 69.45253534145257,22.81115986719641,0 69.45329984145326,22.8100498671954,0 69.45227259145229,22.80585111719148,0 69.45548859145532,22.80441486719014,0 69.45876634145839,22.80378411718954,0 69.46473309146393,22.80358236718939,0 69.47668734147504,22.79687786718313,0 69.48113759147918,22.7982183671844,0 69.48495934148275,22.80278586718862,0 69.49816084149506,22.80539936719106,0 69.50136684149805,22.8098593671952,0 69.50354809150008,22.81081586719609,0 69.51216559150811,22.80530661719098,0 69.51324809150913,22.80512736719084,0 69.51462159151038,22.80488761719062,0 69.5146360915104,22.80399536718977,0 69.51464859151042,22.80331311718913,0 69.51901609151446,22.80281161718864,0 69.52772184152258,22.80024611718624,0 69.54071509153471,22.80238661718823,0 69.57542484156698,22.81369236719877,0 69.59545009158562,22.81041611719576,0 69.59802209158806,22.80897911719438,0 69.60280959159252,22.8069208671925,0 69.60327584159296,22.80716286719269,0 69.60379109159345,22.80738036719293,0 69.60555809159507,22.81198161719721,0 69.60574784159525,22.8125046171977,0 69.60854509159788,22.81376961719889,0 69.62044334160896,22.8084261171939,0 69.624832341613,22.80783311719335,0 69.63041059161822,22.80978636719516,0 69.63356684162113,22.81044986719576,0 69.6318753416196,22.80824086719372,0 69.62965584161752,22.80531461719096,0 69.62967534161754,22.80419211718993,0 69.63065209161846,22.80343011718924,0 69.63359009162116,22.80255086718842,0 69.638785591626,22.80493236719064,0 69.64045484162756,22.80560486719128,0 69.64411109163098,22.8058661171915,0 69.64008684162724,22.79880086718492,0 69.65453734164065,22.7945086171809,0 69.66748159165275,22.79937911718548,0 69.67243309165735,22.79777536718399,0 69.67577859166045,22.79746511718367,0 69.67657659166122,22.79838961718451,0 69.67743784166203,22.79999461718603,0 69.6791338416636,22.80045636718648,0 69.68776984167164,22.80045511718646,0 69.68936559167314,22.79969786718579,0 69.68904109167283,22.79845036718462,0 69.68859909167242,22.79686236718311,0 69.67815259166269,22.78665686717363,0 69.67677034166138,22.78518711717226,0 69.69572384167907,22.78312236717034,0 69.69763209168082,22.78294261717014,0 69.70901334169145,22.78406161717118,0 69.712850341695,22.7879591171748,0 69.71334984169545,22.79995986718597,0 69.71525184169724,22.80292536718877,0 69.71886809170059,22.80388361718963,0 69.72319209170462,22.80151561718747,0 69.72404109170543,22.801039867187,0 69.72683709170803,22.80097086718695,0 69.72769659170882,22.80130836718724,0 69.73686209171734,22.81288911719804,0 69.74614634172599,22.81810286720292,0 69.7614005917402,22.82263411720715,0 69.77621659175401,22.83133711721525,0 69.78669034176374,22.83907461722242,0 69.79322059176985,22.84776961723053,0 69.79912934177537,22.85076786723334,0 69.81104134178645,22.85164186723415,0 69.82227309179689,22.85736911723944,0 69.82889659180307,22.86073011724261,0 69.85555634182788,22.86881736725013,0 69.87376709184485,22.87179186725291,0 69.89447984186415,22.87186611725298,0 69.9081535918769,22.87989536726048,0 69.90939509187803,22.88103936726151,0 69.91162884188014,22.883712617264,0 69.91684034188495,22.88891436726885,0 69.91886834188688,22.89038986727024,0 69.9209755918888,22.89151761727129,0 69.93450659190142,22.89663386727603,0 69.94411734191038,22.89759161727693,0 69.9443478419106,22.89860836727786,0 69.94530184191149,22.8992856172785,0 69.94592184191208,22.89915811727837,0 69.95202384191776,22.89845886727772,0 69.98020934194398,22.90327336728222,0 69.98316109194673,22.90392261728283,0 69.98657159194994,22.90466461728352,0 69.99330809195618,22.9060481172848,0 70.00089209196324,22.91012236728858,0 70.01365534197515,22.91221311729055,0 70.02795434198845,22.91738961729539,0 70.04066759200032,22.91643336729447,0 70.05024709200922,22.91955361729737,0 70.0557203420143,22.92089061729865,0 70.06649034202434,22.92255086730017,0 70.09412959205008,22.92482236730228,0 70.10242159205779,22.92493861730242,0 70.12058534207472,22.93039036730749,0 70.12345609207739,22.93356761731042,0 70.12245934207647,22.93560736731234,0 70.10977884206466,22.93599111731271,0 70.0939438420499,22.93522911731196,0 70.08710734204357,22.93715986731377,0 70.0859988420425,22.93849761731503,0 70.08747484204389,22.94552586732158,0 70.08523834204181,22.94754211732344,0 70.08424259204088,22.94798936732388,0 70.08050209203742,22.94658686732254,0 70.07875359203575,22.9428818673191,0 70.07776984203485,22.94241836731868,0 70.0770485920342,22.94086436731721,0 70.07608634203331,22.940640117317,0 70.0743578420317,22.94197386731826,0 70.07641209203359,22.95013636732586,0 70.0756618420329,22.95216661732775,0 70.06957359202721,22.9518816173275,0 70.06208909202024,22.94769061732359,0 70.05618684201477,22.94986811732559,0 70.05324284201203,22.95278836732831,0 70.05308084201187,22.95527011733065,0 70.06200609202017,22.96092661733593,0 70.06209834202025,22.96285486733768,0 70.06179359201997,22.96345111733825,0 70.06001809201831,22.96627711734089,0 70.05877584201716,22.96818511734267,0 70.05992959201825,22.97164836734589,0 70.06343634202153,22.97079536734509,0 70.06418359202218,22.96897036734339,0 70.0698630920275,22.96521111733989,0 70.07222159202968,22.96474211733948,0 70.07622184203342,22.96391661733872,0 70.07790784203496,22.96550136734015,0 70.08103184203787,22.96692161734148,0 70.0857643420423,22.96983361734419,0 70.08624184204274,22.97096086734524,0 70.08761909204401,22.97153061734577,0 70.0885270920449,22.97200986734623,0 70.08896684204529,22.97405786734817,0 70.08868409204501,22.97630086735024,0 70.08942059204571,22.97677336735069,0 70.10327434205863,22.97920886735295,0 70.10835709206333,22.98221436735577,0 70.11706409207147,22.99602661736861,0 70.11848434207275,22.99836436737075,0 70.12068134207482,23.00166861737387,0 70.12321534207717,23.00378786737582,0 70.12639434208012,23.00591436737778,0 70.12893809208254,23.00744361737923,0 70.13180134208517,23.00956086738119,0 70.13463609208782,23.01287861738427,0 70.13524509208838,23.0152718673865,0 70.13648184208955,23.01826211738932,0 70.13866934209159,23.0224608673932,0 70.13993409209274,23.02366911739432,0 70.14311634209571,23.02549986739604,0 70.14757359209989,23.02823961739858,0 70.15067259210275,23.02912811739941,0 70.15163684210364,23.02936836739962,0 70.15371684210561,23.02939236739968,0 70.15742534210904,23.02650586739696,0 70.15797359210956,23.02129861739212,0 70.15512584210688,23.01629811738746,0 70.15486034210664,23.0108721173824,0 70.15546834210721,23.00998611738163,0 70.15902684211051,23.00881361738049,0 70.16524984211634,23.00659036737846,0 70.16580384211682,23.00436961737637,0 70.16517984211629,23.00296311737509,0 70.16245009211372,23.0000958673724,0 70.15916834211066,22.99932261737166,0 70.15357609210548,22.99897861737134,0 70.15237209210432,22.99832136737075,0 70.14932684210152,22.99653186736907,0 70.14443134209694,22.99920036737155,0 70.13712059209013,22.99798286737041,0 70.13419784208742,22.99635561736892,0 70.13483284208797,22.98708586736029,0 70.13552759208864,22.98702936736021,0 70.13700459209002,22.9859228673592,0 70.14265634209528,22.98537586735869,0 70.14368559209623,22.98290661735637,0 70.14287234209547,22.98087411735452,0 70.13941584209226,22.97708461735096,0 70.13700884209004,22.97569611734969,0 70.1341103420873,22.97260486734678,0 70.13390959208715,22.97117511734547,0 70.13399309208722,22.97046736734478,0 70.14268409209529,22.96729336734182,0 70.14368934209625,22.96616086734076,0 70.14424659209675,22.96189111733679,0 70.14718409209951,22.9608103673358,0 70.14864584210085,22.9608221173358,0 70.1504100921025,22.95900961733412,0 70.15089934210295,22.95586861733119,0 70.1530073421049,22.95573761733107,0 70.154148342106,22.95554161733088,0 70.15942959211088,22.9566451173319,0 70.16857859211945,22.96425036733899,0 70.17298084212354,22.9646943673394,0 70.18394584213371,22.96306561733792,0 70.19098884214031,22.9573943673326,0 70.1971868421461,22.95850511733363,0 70.20099384214961,22.95728536733253,0 70.20219184215074,22.95821886733341,0 70.20274384215122,22.96128411733622,0 70.20101859214964,22.96238886733727,0 70.20087184214952,22.96397386733872,0 70.20103834214967,22.96441161733918,0 70.20287709215137,22.96918436734359,0 70.20271459215121,22.97177686734602,0 70.19643484214538,22.97611136735003,0 70.19417034214325,22.98219311735573,0 70.18554284213525,22.98774161736088,0 70.18567284213532,22.99587036736847,0 70.18469259213441,22.99654311736907,0 70.18141659213137,22.99549611736813,0 70.17948184212958,22.99411561736684,0 70.17880059212894,22.99323161736601,0 70.17504009212547,22.98783811736098,0 70.17337034212386,22.9869133673601,0 70.16822234211912,22.98841486736148,0 70.16793859211884,22.99088861736379,0 70.16848559211934,22.99239161736523,0 70.1775753421278,22.99916836737151,0 70.177809842128,22.99985961737218,0 70.17584209212617,23.00073386737295,0 70.1753218421257,23.00237536737449,0 70.17555259212594,23.00351186737555,0 70.17503059212544,23.00524561737717,0 70.17601384212632,23.00592311737779,0 70.18342659213323,23.00682436737867,0 70.18956684213896,23.01220736738367,0 70.19372159214282,23.01949736739044,0 70.19688509214581,23.02009386739104,0 70.19853059214734,23.01595411738714,0 70.20368834215213,23.01376686738513,0 70.211087092159,23.00922261738089,0 70.21207309215993,23.00787611737962,0 70.21502634216267,23.0043698673764,0 70.21796159216541,23.00142986737364,0 70.22088934216816,22.9984868673709,0 70.2226518421698,22.99642436736894,0 70.22488784217188,22.99681986736937,0 70.22463659217163,22.99884111737123,0 70.22536709217229,22.9997673673721,0 70.22665109217348,23.00341486737545,0 70.22671434217358,23.00596186737783,0 70.22638259217325,23.01177611738326,0 70.21604434216363,23.0193186173903,0 70.21625159216381,23.02203411739282,0 70.21697359216449,23.02181286739261,0 70.21733484216486,23.02420586739487,0 70.21765009216512,23.02634686739686,0 70.22438984217138,23.03141161740155,0 70.2243700921714,23.0327718674028,0 70.22167384216885,23.03454811740448,0 70.22014284216743,23.03926311740889,0 70.21949884216684,23.04946011741839,0 70.21432109216204,23.05435336742295,0 70.21510834216275,23.05990286742809,0 70.21519859216284,23.06059411742871,0 70.21433184216204,23.06217186743021,0 70.20367759215213,23.06394086743182,0 70.19949984214821,23.06659986743432,0 70.19970534214843,23.06976761743726,0 70.2010100921496,23.07171611743911,0 70.21156134215948,23.07556636744266,0 70.21197009215985,23.07799261744492,0 70.21126284215916,23.07897161744586,0 70.20805884215622,23.0811811174479,0 70.20007084214876,23.07859211744551,0 70.19993709214862,23.07917411744603,0 70.19907659214783,23.07881186744572,0 70.19266409214185,23.07487461744205,0 70.18262684213249,23.06656336743429,0 70.18193959213187,23.06591911743368,0 70.18029309213034,23.06318436743112,0 70.1798278421299,23.0613846174295,0 70.17626384212656,23.05597136742444,0 70.16970509212047,23.04554411741469,0 70.16547659211653,23.04312686741247,0 70.16205559211335,23.04161086741107,0 70.15965409211111,23.04158236741102,0 70.15790384210948,23.042636867412,0 70.15593609210765,23.04343461741274,0 70.15589034210763,23.0463808674155,0 70.1581298421097,23.05079486741959,0 70.16359684211477,23.06140586742947,0 70.16518884211627,23.06264661743063,0 70.17604334212638,23.07092186743836,0 70.17866709212882,23.07290036744018,0 70.17998584213007,23.07829761744523,0 70.17456659212502,23.07822661744518,0 70.18635934213597,23.09319836745908,0 70.19335759214249,23.10598611747099,0 70.2019605921505,23.1162021174805,0 70.2039755921524,23.11982336748389,0 70.20640784215465,23.12658886749016,0 70.20901409215708,23.13972961750244,0 70.21306434216086,23.1406526175033,0 70.2103423421583,23.14970061751171,0 70.20950859215753,23.1581896175196,0 70.21290459216073,23.16376861752485,0 70.21797159216544,23.1667781175276,0 70.22360409217066,23.16721411752803,0 70.23605184218229,23.16539661752631,0 70.24011434218608,23.16696786752783,0 70.23951409218552,23.16964536753028,0 70.23980709218574,23.17451936753486,0 70.24249409218828,23.17702911753719,0 70.24856084219391,23.17717336753731,0 70.25311259219814,23.18111086754095,0 70.25890534220355,23.17968211753965,0 70.26631809221044,23.17968336753967,0 70.26999509221389,23.18264611754239,0 70.27345784221711,23.18747536754688,0 70.28314909222615,23.1971398675559,0 70.28930609223187,23.19849286755715,0 70.29274084223505,23.20187086756033,0 70.29577209223788,23.21564136757314,0 70.2979543422399,23.22059161757772,0 70.30247059224411,23.22557986758238,0 70.30644409224783,23.22523061758205,0 70.32325009226349,23.21938686757665,0 70.32590959226593,23.22672511758344,0 70.32790059226778,23.22825461758486,0 70.33257009227214,23.22562761758246,0 70.33641684227575,23.2249328675818,0 70.34223859228115,23.2218136175789,0 70.35610609229406,23.22246886757949,0 70.36345259230092,23.22170911757877,0 70.36560884230295,23.22249386757949,0 70.36544234230274,23.22632511758309,0 70.36790684230505,23.22692886758363,0 70.37534034231197,23.23366136758989,0 70.38046559231674,23.2354941175916,0 70.38543859232141,23.23587536759197,0 70.39101984232661,23.23305736758937,0 70.41227784234638,23.23799486759395,0 70.42073284235425,23.23791811759389,0 70.4337635923664,23.23635861759243,0 70.43739109236975,23.23375086759,0 70.43413509236672,23.2306668675871,0 70.4278600923609,23.2179951175753,0 70.44188784237394,23.21160611756937,0 70.45151759238291,23.20587711756406,0 70.46063634239141,23.20519386756342,0 70.47239934240235,23.20221361756063,0 70.48059159241001,23.1981878675569,0 70.48930559241813,23.19292536755199,0 70.49369784242219,23.18634486754587,0 70.50133709242931,23.17972036753969,0 70.51105859243836,23.17867936753873,0 70.52065759244732,23.18037586754031,0 70.52850909245461,23.18081861754069,0 70.55307059247752,23.18016736754009,0 70.56552659248911,23.18064261754052,0 70.56882834249217,23.1803651175403,0 70.5732585924963,23.18101111754089,0 70.59010059251199,23.18094611754083,0 70.5980713425194,23.18260611754238,0 70.60472634252562,23.18378761754349,0 70.63565059255444,23.18840911754779,0 70.63954934255804,23.1900308675493,0 70.64026209255871,23.19070236754993,0 70.63977409255824,23.19425986755323,0 70.63947034255796,23.19681586755558,0 70.64233534256067,23.20416936756243,0 70.64332259256156,23.20810836756613,0 70.64384709256205,23.21125961756905,0 70.64405934256223,23.21222786756993,0 70.64511934256325,23.21494861757247,0 70.64624584256427,23.21628886757373,0 70.64825559256616,23.21826511757559,0 70.65142759256912,23.21959261757684,0 70.65232534256995,23.21977936757696,0 70.65403934257154,23.22013836757731,0 70.65811309257532,23.22132036757841,0 70.66124359257827,23.22243061757944,0 70.66336784258021,23.22416911758109,0 70.66642484258307,23.22668661758343,0 70.66896809258543,23.22909411758565,0 70.66973484258614,23.22957486758611,0 70.67075784258714,23.22982686758633,0 70.6700040925864,23.22815411758478,0 70.67130834258762,23.22625686758301,0 70.67107534258741,23.22435536758126,0 70.67211634258837,23.22313886758013,0 70.680306342596,23.21617486757362,0 70.69105584260603,23.21267086757036,0 70.70006434261438,23.21270236757039,0 70.70448859261853,23.21212586756985,0 70.70783609262168,23.21281711757052,0 70.71848959263156,23.21326636757089,0 70.7276358426401,23.20950736756743,0 70.73050034264276,23.20822386756623,0 70.7300895926424,23.21185086756958,0 70.72579334263838,23.2172136175746,0 70.72577959263833,23.21856236757583,0 70.72552634263815,23.21899661757624,0 70.72771934264017,23.22016611757732,0 70.72772834264015,23.21948161757672,0 70.73369659264574,23.22011036757732,0 70.73556059264746,23.22187311757893,0 70.73683484264865,23.22283661757984,0 70.74043009265199,23.22286161757984,0 70.74274484265413,23.22288461757989,0 70.74687134265798,23.22102011757812,0 70.74791134265899,23.21983986757704,0 70.75050159266141,23.21514786757269,0 70.74855534265959,23.20872011756671,0 70.74576759265699,23.19987636755843,0 70.74553034265676,23.19507511755398,0 70.74271734265415,23.18863136754799,0 70.74006009265167,23.18634486754587,0 70.73328609264536,23.18888336754821,0 70.73180809264397,23.19022586754949,0 70.73111834264336,23.1899231175492,0 70.72769259264015,23.18816411754756,0 70.72434109263702,23.18847911754784,0 70.72224559263509,23.18951636754878,0 70.72050859263345,23.19056861754979,0 70.71965309263265,23.18975736754902,0 70.72142934263428,23.18549861754508,0 70.72468584263731,23.17752111753765,0 70.72792309264037,23.17113886753168,0 70.73113309264335,23.16716336752796,0 70.73522534264714,23.16159211752279,0 70.7358250926477,23.15919486752057,0 70.73644659264829,23.15519536751685,0 70.73531134264726,23.15358761751531,0 70.72899584264138,23.15192011751378,0 70.72353509263627,23.15027011751226,0 70.71749384263063,23.14941486751144,0 70.71262659262612,23.14696536750915,0 70.70919734262293,23.14426211750669,0 70.70549534261949,23.14230586750483,0 70.69849834261294,23.13608761749901,0 70.69631634261094,23.13394711749703,0 70.69252634260738,23.13040236749373,0 70.68905184260416,23.12757586749109,0 70.6868268426021,23.12524111748894,0 70.68610034260138,23.12291261748675,0 70.68461109259999,23.12173011748569,0 70.68242109259796,23.11922436748336,0 70.68330159259881,23.11810636748231,0 70.6841713425996,23.11783911748205,0 70.68496234260033,23.11814811748235,0 70.6863053426016,23.11774836748196,0 70.69784684261236,23.12199586748591,0 70.70252584261669,23.12370986748749,0 70.70495259261895,23.12416736748793,0 70.70592434261988,23.12351836748735,0 70.70534784261935,23.12181286748575,0 70.70483359261885,23.12129486748529,0 70.70051359261481,23.11724486748147,0 70.6968645926114,23.11539311747976,0 70.68948009260453,23.11067786747537,0 70.68587409260118,23.10736111747229,0 70.68453609259996,23.10595036747099,0 70.68469559260012,23.10410511746926,0 70.68395809259943,23.10364011746884,0 70.68382734259927,23.10421586746935,0 70.67921759259502,23.10189411746722,0 70.67718209259311,23.09994911746537,0 70.66134309257836,23.09560886746135,0 70.65739959257468,23.09315436745908,0 70.6561653425735,23.09151886745752,0 70.65019834256799,23.08821061745448,0 70.64621659256426,23.08608561745245,0 70.64441084256259,23.08557086745202,0 70.63855209255712,23.081253617448,0 70.6329518425519,23.07660386744362,0 70.62534759254481,23.06170461742977,0 70.6200758425399,23.06064561742881,0 70.60706459252782,23.06256936743057,0 70.59847859251983,23.06052286742869,0 70.59430684251589,23.0566636174251,0 70.59491959251648,23.04870036741767,0 70.60018659252137,23.03572586740557,0 70.59432984251595,23.03294811740301,0 70.5875443425096,23.03164436740178,0 70.57067384249393,23.0350146174049,0 70.56304984248681,23.0316598674018,0 70.55356809247797,23.01869786738973,0 70.54847934247323,23.00137811737358,0 70.54233534246754,22.96727711734183,0 70.5402653424656,22.9598256173349,0 70.5351203424608,22.9618861173368,0 70.5347030924604,22.96217836733706,0 70.52369259245017,22.95421061732963,0 70.51771459244458,22.95487811733028,0 70.51174759243901,22.95481486733024,0 70.49877059242692,22.95467286733009,0 70.48734659241632,22.95455536732998,0 70.47667784240639,22.95661161733187,0 70.46835709239861,22.95796561733318,0 70.46157384239228,22.96077686733577,0 70.45400784238524,22.96358936733839,0 70.45035459238187,22.96499336733968,0 70.44750409237918,22.96495936733965,0 70.44622909237802,22.96277736733765,0 70.4488818423805,22.95847061733361,0 70.45386234238509,22.95418536732961,0 70.45882509238976,22.95207686732766,0 70.46144584239215,22.9499366173257,0 70.46640884239679,22.94781861732372,0 70.47837384240796,22.94577961732182,0 70.48716909241614,22.94804486732392,0 70.49366459242219,22.94738336732332,0 70.51108284243838,22.94540386732143,0 70.51914384244594,22.94403861732019,0 70.52641209245269,22.94411586732025,0 70.52900809245511,22.94414636732029,0 70.53084284245682,22.94272411731896,0 70.53347009245925,22.93985411731631,0 70.53377184245954,22.93624836731294,0 70.53330534245913,22.93190511730887,0 70.53671884246228,22.92904236730624,0 70.54012634246544,22.92619536730359,0 70.54096309246626,22.92286761730048,0 70.54121559246647,22.92186136729953,0 70.54232434246751,22.91608886729415,0 70.54182934246705,22.91391711729215,0 70.53977984246512,22.91171986729006,0 70.5377140924632,22.9109821172894,0 70.53485734246055,22.91095186728938,0 70.52861334245472,22.91232736729063,0 70.52497209245132,22.91301386729128,0 70.52264009244919,22.91299286729128,0 70.52031609244699,22.91176586729011,0 70.51825859244508,22.91053686728901,0 70.51672159244367,22.90835311728693,0 70.51366509244082,22.90398161728286,0 70.51154884243886,22.90384011728275,0 70.5104485924378,22.90383136728275,0 70.5010948424291,22.9006533672798,0 70.49673309242502,22.89599236727542,0 70.49737859242566,22.88829911726828,0 70.49631659242465,22.88520811726539,0 70.48702434241602,22.87742561725815,0 70.47938634240887,22.8696378672509,0 70.47506734240488,22.86189411724371,0 70.47240034240241,22.85417086723646,0 70.46973859239989,22.84644561722928,0 70.46377934239433,22.83715186722065,0 70.4560903423872,22.83399236721772,0 70.44179784237389,22.82920761721323,0 70.41763259235137,22.8197146172044,0 70.40377584233846,22.81509911720008,0 70.40329184233804,22.81420111719927,0 70.39435134232968,22.80731811719283,0 70.38705234232287,22.79462086718103,0 70.38245784231862,22.78660061717358,0 70.3819928423182,22.78615811717316,0 70.37901859231539,22.78660636717359,0 70.37832384231478,22.78678386717371,0 70.37752884231401,22.79061186717729,0 70.37684134231341,22.79783811718403,0 70.37829809231476,22.8075746171931,0 70.37875509231515,22.80849661719395,0 70.37925434231562,22.80827686719374,0 70.37948709231586,22.80940361719479,0 70.38172034231792,22.82376686720818,0 70.38206384231825,22.82592736721017,0 70.38175484231795,22.84945311723209,0 70.38399159232006,22.85611961723828,0 70.38556259232149,22.86077611724267,0 70.3853450923213,22.86419761724585,0 70.38334734231944,22.87308786725413,0 70.3812773423175,22.87829811725896,0 70.38072609231699,22.88063961726112,0 70.38125909231752,22.88698136726703,0 70.38217409231834,22.89081161727063,0 70.38248259231864,22.89176111727148,0 70.38421259232024,22.8957561172752,0 70.38627809232219,22.90438436728323,0 70.3869595923228,22.90905586728758,0 70.38811659232391,22.9150473672932,0 70.38867334232441,22.91790211729585,0 70.38619484232208,22.9181743672961,0 70.38183709231805,22.91819136729611,0 70.37787484231433,22.912721367291,0 70.37510409231174,22.90892336728746,0 70.37359634231035,22.90509461728391,0 70.37153434230845,22.89976561727895,0 70.36811109230524,22.89304436727269,0 70.36670084230394,22.89123586727101,0 70.36286534230038,22.88558186726573,0 70.36183184229941,22.88490961726512,0 70.36094509229861,22.883734117264,0 70.36012459229784,22.88267386726301,0 70.35908409229683,22.88139186726182,0 70.35804009229588,22.88012111726067,0 70.35745609229531,22.87842036725909,0 70.357093842295,22.8773591172581,0 70.35673184229466,22.87609261725692,0 70.35243809229064,22.85669486723884,0 70.35164609228991,22.85296436723536,0 70.34763159228618,22.84430586722732,0 70.33815534227733,22.83152986721541,0 70.33440409227387,22.82340461720781,0 70.32576034226582,22.80437261719009,0 70.32266384226295,22.79934836718542,0 70.32098184226135,22.79739986718362,0 70.31966709226015,22.7884928671753,0 70.31935459225986,22.77865561716618,0 70.32004209226051,22.76265236715124,0 70.31853809225908,22.7585463671474,0 70.31253459225348,22.75386011714307,0 70.30323334224482,22.74759661713723,0 70.29727334223929,22.73983236713003,0 70.29124084223366,22.73037636712121,0 70.28220284222527,22.72952961712042,0 70.28097959222413,22.72862061711959,0 70.2804138422236,22.72856836711952,0 70.2780428422214,22.72647361711756,0 70.27413484221773,22.72688286711792,0 70.26889709221285,22.72647761711756,0 70.26359509220794,22.72393161711517,0 70.26364284220796,22.72052436711203,0 70.27028584221415,22.71562336710747,0 70.27041359221425,22.70637011709885,0 70.27155759221534,22.70590361709839,0 70.2720770922158,22.7059068670984,0 70.27287184221655,22.70575486709828,0 70.27406459221766,22.70526611709783,0 70.27801334222136,22.70193136709469,0 70.28047109222365,22.6992488670922,0 70.2813005922244,22.69291786708629,0 70.2803285922235,22.69177811708522,0 70.2774233422208,22.69105636708457,0 70.27307634221677,22.68919486708285,0 70.27360709221722,22.68651086708036,0 70.27974809222297,22.68371386707776,0 70.2834130922264,22.68141086707561,0 70.28345434222643,22.67824786707263,0 70.28054734222371,22.67595261707049,0 70.27663759222008,22.67637111707092,0 70.27051709221439,22.67946236707377,0 70.26609784221023,22.68437686707835,0 70.25499709219991,22.68159411707574,0 70.25396109219895,22.68128286707548,0 70.2537318421987,22.67992536707419,0 70.25538284220028,22.67519536706981,0 70.25663434220144,22.67385236706855,0 70.25889259220355,22.66064761705627,0 70.25914059220378,22.6588546170546,0 70.25856734220321,22.65567761705165,0 70.24023684218616,22.63804036703521,0 70.23274484217916,22.63512136703247,0 70.23042734217705,22.63486811703223,0 70.22728059217411,22.62510611702317,0 70.21846859216589,22.6175578670161,0 70.21783409216528,22.6169723670156,0 70.21225734216011,22.61338911701222,0 70.21197334215985,22.60729561700657,0 70.21507934216271,22.60255636700214,0 70.21452909216219,22.59952136699934,0 70.21269384216049,22.60006961699986,0 70.20515759215351,22.60901011700816,0 70.20082459214944,22.60780236700702,0 70.19981959214851,22.60735436700662,0 70.19838459214719,22.60597636700533,0 70.19571109214468,22.58922086698977,0 70.20133309214992,22.58635211698709,0 70.20862884215671,22.58733611698795,0 70.20937834215744,22.58509336698591,0 70.20939334215745,22.58396611698486,0 70.20471809215309,22.58097136698206,0 70.20492534215327,22.57853886697978,0 70.20642034215467,22.57609536697748,0 70.20660309215486,22.57531586697678,0 70.20613859215439,22.57329211697493,0 70.20324384215172,22.57187536697359,0 70.20300109215151,22.57199561697371,0 70.19076209214006,22.57806311697936,0 70.18823034213773,22.5771353669785,0 70.18344634213327,22.56974886697162,0 70.18086334213086,22.56573986696787,0 70.17702359212728,22.54646261694989,0 70.17381334212428,22.54145536694523,0 70.1718720921225,22.54074786694457,0 70.16878284211964,22.54252011694626,0 70.16003234211149,22.54502511694858,0 70.15667684210837,22.54512086694865,0 70.14949009210164,22.54351586694719,0 70.14775634210002,22.54143961694524,0 70.14779934210009,22.53856061694256,0 70.14917909210135,22.53604311694022,0 70.14968734210186,22.53338586693775,0 70.15279734210475,22.52510886693,0 70.15413584210597,22.52303161692811,0 70.15091684210296,22.52362986692867,0 70.14232009209496,22.52911311693373,0 70.140180342093,22.53041361693499,0 70.13646634208953,22.53624911694038,0 70.13476659208794,22.53599536694014,0 70.13198009208531,22.53391961693825,0 70.13257759208591,22.5270273669318,0 70.12786984208151,22.52658436693139,0 70.12323659207721,22.52610911693097,0 70.12252809207655,22.52565686693055,0 70.12211334207615,22.5202351169255,0 70.12128859207536,22.51941536692471,0 70.10646784206159,22.51022186691614,0 70.10588284206102,22.50984461691581,0 70.10368959205897,22.50958811691555,0 70.1022153420576,22.51069161691657,0 70.10298859205835,22.51681286692229,0 70.1077693420628,22.52376811692875,0 70.10975134206461,22.52822836693293,0 70.11041234206527,22.52864986693333,0 70.1116440920664,22.53039161693493,0 70.11474159206927,22.53459036693885,0 70.11448134206904,22.53704686694113,0 70.11382134206843,22.54163211694543,0 70.11354759206819,22.5435778669472,0 70.11095759206574,22.54327261694692,0 70.09929534205492,22.53753361694157,0 70.09837309205403,22.53646261694058,0 70.09594634205177,22.53361136693792,0 70.09534309205122,22.5328888669373,0 70.08418834204082,22.53102361693555,0 70.08387959204055,22.52857836693323,0 70.08738584204383,22.52033511692559,0 70.08680534204325,22.51783986692328,0 70.08548634204203,22.5170243669225,0 70.08427334204089,22.51723561692268,0 70.07960334203653,22.51901336692436,0 70.0730043420304,22.52297161692803,0 70.07094859202851,22.52986061693446,0 70.06845184202615,22.53836561694237,0 70.06650209202434,22.53993136694385,0 70.06489659202288,22.54477786694832,0 70.054296842013,22.55506311695791,0 70.04767859200683,22.55835711696096,0 70.03771334199757,22.55755186696024,0 70.02352434198434,22.54923386695248,0 70.01290234197444,22.54662786695008,0 70.01029134197199,22.54633786694979,0 70.00915384197094,22.5463666169498,0 70.00718834196914,22.54595311694942,0 70.00272959196496,22.54348286694716,0 69.99518459195792,22.54294086694665,0 69.98837284195162,22.54307436694678,0 69.98791434195118,22.54374086694736,0 69.97844559194237,22.54314686694681,0 69.9714028419358,22.5391386169431,0 69.96644084193116,22.53737686694143,0 69.95230609191799,22.52927461693389,0 69.95069384191652,22.5282123669329,0 69.94822134191418,22.52686911693166,0 69.94746234191348,22.52640336693122,0 69.94650984191259,22.52577236693065,0 69.94824334191424,22.51628361692178,0 69.95261959191828,22.51269511691845,0 69.95662734192206,22.50760061691369,0 69.95569734192117,22.50554761691182,0 69.93981484190634,22.51094486691682,0 69.93064159189782,22.50903111691503,0 69.92822359189557,22.50740511691356,0 69.91889934188691,22.49959861690627,0 69.91844109188645,22.4989058669056,0 69.91769609188577,22.49774861690452,0 69.91331509188171,22.4909286168982,0 69.91119309187974,22.47891486688701,0 69.91141634187994,22.47280561688131,0 69.91203484188048,22.46971311687844,0 69.91249084188092,22.46708761687597,0 69.91271684188115,22.46576661687476,0 69.91566509188391,22.44991661685998,0 69.91721634188531,22.4453173668557,0 69.91665659188482,22.44349636685399,0 69.91105984187959,22.44628461685659,0 69.90975834187839,22.44741836685768,0 69.90925734187789,22.44796186685818,0 69.90777384187652,22.44968361685977,0 69.89962784186895,22.45882486686827,0 69.89515009186476,22.45829961686781,0 69.88493984185527,22.45209561686204,0 69.87419009184526,22.44129961685195,0 69.87290559184407,22.43846061684934,0 69.87281884184398,22.43772336684862,0 69.87132834184257,22.42341361683533,0 69.86510734183679,22.425221616837,0 69.86312409183495,22.43457036684572,0 69.85941959183151,22.43791511684884,0 69.84511759181817,22.44349561685402,0 69.84095534181432,22.4444438668549,0 69.83703909181065,22.44411161685457,0 69.83111134180513,22.44177711685239,0 69.8247125917992,22.43924711685008,0 69.82626784180064,22.43345561684464,0 69.82400084179852,22.42312911683507,0 69.82298259179754,22.42068136683275,0 69.81935234179417,22.41509261682756,0 69.81321384178847,22.40774061682071,0 69.80997459178548,22.40503936681818,0 69.80909784178465,22.40030286681377,0 69.81307184178831,22.39586311680967,0 69.8127983417881,22.39450161680838,0 69.81111959178651,22.39314711680714,0 69.80996734178547,22.39264936680667,0 69.80931434178484,22.387653366802,0 69.80735284178303,22.38553436680002,0 69.80137709177745,22.38395236679855,0 69.79628359177269,22.38260711679732,0 69.79734484177368,22.3781928667932,0 69.79592334177238,22.37637786679153,0 69.79531209177179,22.37597661679115,0 69.78270734176004,22.36759336678336,0 69.78124984175872,22.36779736678352,0 69.77880334175643,22.36957711678519,0 69.77553709175339,22.37584761679102,0 69.77439109175231,22.37952486679444,0 69.7737638417517,22.38284911679756,0 69.7737315917517,22.38757761680194,0 69.77759134175528,22.39397686680792,0 69.77883909175648,22.39601811680978,0 69.77943709175702,22.40144686681487,0 69.77870034175635,22.40258761681594,0 69.77161884174973,22.40564661681878,0 69.77116259174932,22.40773661682073,0 69.77209034175019,22.41399536682655,0 69.77084559174898,22.42172036683371,0 69.77057784174877,22.42304986683496,0 69.7666298417451,22.42592361683768,0 69.7646868417433,22.42702436683868,0 69.76412109174277,22.42689611683858,0 69.76179059174058,22.426290616838,0 69.76014684173907,22.42496561683674,0 69.7580688417371,22.42329261683523,0 69.75768409173673,22.42262511683458,0 69.7570860917362,22.42151386683355,0 69.75383609173315,22.4156676168281,0 69.75203734173147,22.41553186682797,0 69.7464518417263,22.41611336682854,0 69.74394809172395,22.41699136682933,0 69.74349534172353,22.41735311682964,0 69.7413043417215,22.41851511683075,0 69.74019884172048,22.4252986168371,0 69.73939759171969,22.42601961683772,0 69.73846359171887,22.4270711168387,0 69.73671009171721,22.42724286683887,0 69.72701534170818,22.42603086683778,0 69.72505109170635,22.42692461683856,0 69.72391684170532,22.42686136683853,0 69.72081109170239,22.43652736684754,0 69.71870984170044,22.43796311684889,0 69.71701709169889,22.43748561684839,0 69.71583184169776,22.43611286684717,0 69.71576659169773,22.43151361684283,0 69.71612309169802,22.42947261684094,0 69.71691434169878,22.42528461683708,0 69.71740509169922,22.4226733668346,0 69.71670084169858,22.42197011683396,0 69.71355234169567,22.42151136683355,0 69.70790284169038,22.4217641168338,0 69.70449984168721,22.42283636683476,0 69.70070809168368,22.42105761683314,0 69.7009135916839,22.41784986683012,0 69.7011618416841,22.41649361682886,0 69.7033893416862,22.41471386682719,0 69.70471609168743,22.41365711682624,0 69.70516084168781,22.40665336681968,0 69.70539884168807,22.40303036681632,0 69.70766109169017,22.39922886681279,0 69.70809409169055,22.39574361680957,0 69.70850159169095,22.39223836680627,0 69.70092759168386,22.38127336679606,0 69.70013809168313,22.37708661679215,0 69.69733834168056,22.37782111679286,0 69.69754334168073,22.38010136679497,0 69.69724184168047,22.38046386679531,0 69.69481634167818,22.3836586167983,0 69.68633459167029,22.38520361679974,0 69.67535209166005,22.39387211680781,0 69.67160934165656,22.3921466168062,0 69.66843209165364,22.39074111680486,0 69.66571959165111,22.39017711680435,0 69.66351309164907,22.38710486680151,0 69.66273784164832,22.37681911679192,0 69.66161309164727,22.3721821167876,0 69.65953409164536,22.36297986677903,0 69.65816784164406,22.35688161677336,0 69.65811409164399,22.35304261676976,0 69.66074559164645,22.34787086676494,0 69.66149784164719,22.34723686676438,0 69.66292434164848,22.34594986676318,0 69.66790859165313,22.34164036675918,0 69.66820459165342,22.33893061675661,0 69.66461284165007,22.33581886675375,0 69.66489309165036,22.33402886675208,0 69.66542559165083,22.33165136674984,0 69.66470034165013,22.33097411674925,0 69.66274259164834,22.3316086167498,0 69.64269034162963,22.34034861675798,0 69.64223459162923,22.34507136676234,0 69.64237159162934,22.34562786676286,0 69.64411109163098,22.35029086676724,0 69.6436025916305,22.35119986676807,0 69.64082234162794,22.35485411677149,0 69.6390975916263,22.35623836677274,0 69.63694484162431,22.3579831167744,0 69.63089959161869,22.3610351167772,0 69.61794209160661,22.36708311678285,0 69.61674259160549,22.3665968667824,0 69.61555184160437,22.36568661678154,0 69.61533309160416,22.3640976167801,0 69.61581409160465,22.36081911677701,0 69.61638859160519,22.35948986677579,0 69.61789659160655,22.35621261677272,0 69.61892509160754,22.35388311677053,0 69.61994584160846,22.34527136676252,0 69.6199855916085,22.34317636676059,0 69.62094409160937,22.33791111675566,0 69.62232909161071,22.33499236675294,0 69.62224134161062,22.33165836674988,0 69.61941459160795,22.32729886674582,0 69.61291909160195,22.32381786674256,0 69.61202809160108,22.32148136674039,0 69.61116234160028,22.31360986673303,0 69.60301109159269,22.31586961673514,0 69.59299059158337,22.30869986672849,0 69.59273259158311,22.3079828667278,0 69.59187359158233,22.30649736672643,0 69.59241234158281,22.30364986672378,0 69.59546434158568,22.30129361672158,0 69.5965918415867,22.2983088667188,0 69.59641059158656,22.2965033667171,0 69.59424259158453,22.29766261671818,0 69.5907618415813,22.30001911672042,0 69.58880734157947,22.30098761672127,0 69.58711609157791,22.29955336671998,0 69.5858610915767,22.2975283667181,0 69.58418934157515,22.29510061671579,0 69.58222984157334,22.29647486671712,0 69.5819765915731,22.29847436671895,0 69.57841659156981,22.30503011672505,0 69.57618684156773,22.30920336672892,0 69.57144984156332,22.30972836672942,0 69.56608009155832,22.30963686672936,0 69.5639300915563,22.30959936672934,0 69.56364984155601,22.31320786673268,0 69.56397459155636,22.31862136673771,0 69.56405384155642,22.32070836673967,0 69.56530334155758,22.32883286674723,0 69.56528459155754,22.33388811675195,0 69.56446759155682,22.33539161675333,0 69.56340434155584,22.33765161675547,0 69.56055159155318,22.33898686675667,0 69.55753934155035,22.34076361675834,0 69.55427834154733,22.34251861676,0 69.55275859154591,22.34368736676106,0 69.55185059154508,22.34608036676332,0 69.54968309154305,22.34725061676437,0 69.54690934154047,22.34600636676322,0 69.54475909153842,22.34596611676318,0 69.54004859153406,22.34769436676481,0 69.52618659152114,22.35733936677376,0 69.52442584151953,22.35921836677551,0 69.52019509151557,22.35724036677368,0 69.51122284150722,22.36101711677719,0 69.5036820915002,22.36336961677938,0 69.50143509149808,22.36354361677956,0 69.49712309149407,22.36384411677983,0 69.48875409148627,22.35506711677164,0 69.48810459148568,22.354320366771,0 69.48756159148519,22.35301786676973,0 69.48685734148455,22.35159111676842,0 69.4882543414858,22.34652761676369,0 69.48995334148742,22.34026436675788,0 69.49165334148898,22.33401936675204,0 69.49499234149209,22.32808711674653,0 69.49744209149441,22.32371311674245,0 69.50090734149762,22.32037661673934,0 69.505625591502,22.31480511673419,0 69.5059765915023,22.31315186673265,0 69.50551459150188,22.31158036673116,0 69.50570184150206,22.31076236673039,0 69.50502034150145,22.31038286673004,0 69.49875584149561,22.30678811672669,0 69.49265334148993,22.30760336672745,0 69.49162884148899,22.32249211674133,0 69.48777284148537,22.32667586674524,0 69.48445034148227,22.33029911674862,0 69.47881659147703,22.3323348667505,0 69.47776309147605,22.33312711675126,0 69.47680759147515,22.33285286675095,0 69.47260909147127,22.33083186674907,0 69.46864859146757,22.32909036674749,0 69.46812784146709,22.32924111674759,0 69.46745559146643,22.32696011674551,0 69.46549434146465,22.32023211673919,0 69.46493734146412,22.31972461673877,0 69.46257834146189,22.31803011673718,0 69.4602793414598,22.31580661673508,0 69.4597455914593,22.31541161673471,0 69.45881934145842,22.31357911673302,0 69.47311284147173,22.30493036672499,0 69.48667509148436,22.29674661671737,0 69.48645434148415,22.29538811671608,0 69.48347834148137,22.29251786671341,0 69.48104159147908,22.29247286671335,0 69.47339284147199,22.29044236671149,0 69.46898184146789,22.28910561671023,0 69.46328884146259,22.28403986670548,0 69.46111059146057,22.28331336670482,0 69.45888559145845,22.28372136670521,0 69.45307334145303,22.28479061670623,0 69.44327609144392,22.2928328667137,0 69.44175409144253,22.29408361671489,0 69.43596684143711,22.29621786671686,0 69.43308309143447,22.29621011671685,0 69.42458859142653,22.28350361670499,0 69.42095784142316,22.2814816167031,0 69.41749909141993,22.2805538667023,0 69.41555884141815,22.28139211670305,0 69.40062359140421,22.28793136670913,0 69.38290834138769,22.28900286671012,0 69.37747934138264,22.29297636671384,0 69.37673259138194,22.29576061671645,0 69.37457959137998,22.29988586672027,0 69.37224234137778,22.30209436672231,0 69.37133134137696,22.30347736672359,0 69.33948509134729,22.29501861671577,0 69.33858134134641,22.29463636671539,0 69.33804384134595,22.2944438667152,0 69.33609859134413,22.29314311671396,0 69.33476034134287,22.29233786671324,0 69.33420809134236,22.28679186670808,0 69.33325109134148,22.28541786670678,0 69.32434509133316,22.27860561670047,0 69.32352334133242,22.27895136670077,0 69.3214913413305,22.27954186670132,0 69.32162309133065,22.28518986670656,0 69.31793834132719,22.2858803667072,0 69.31613934132554,22.28589386670722,0 69.31451309132399,22.28582286670717,0 69.31372509132331,22.28578536670716,0 69.30951159131934,22.28587286670722,0 69.29866359130926,22.28602361670738,0 69.29746109130815,22.28574686670709,0 69.29676359130747,22.28263011670419,0 69.29863884130924,22.28129036670293,0 69.30168309131204,22.27945611670123,0 69.30649984131657,22.27768986669958,0 69.30772459131771,22.27681186669878,0 69.30774334131769,22.27591536669797,0 69.30549484131564,22.2750243666971,0 69.30317434131348,22.27401536669618,0 69.30312434131343,22.27295711669518,0 69.30309309131337,22.2719761166943,0 69.30277534131307,22.26949111669193,0 69.29398084130491,22.2718086166941,0 69.28453184129609,22.27118036669356,0 69.28284934129454,22.27025311669269,0 69.28211659129386,22.26769461669028,0 69.28237559129411,22.2645923666874,0 69.28613484129761,22.25917186668238,0 69.28923209130045,22.25477511667827,0 69.29515184130599,22.23884436666344,0 69.29638834130714,22.23751711666216,0 69.29570934130652,22.23569411666051,0 69.29227434130331,22.23743786666211,0 69.29104359130218,22.23857386666316,0 69.28757234129893,22.24208986666645,0 69.28506734129661,22.24643386667049,0 69.28274284129441,22.25284011667645,0 69.2815138412933,22.25394836667749,0 69.2688753412815,22.25510086667856,0 69.26816784128084,22.25595761667938,0 69.26792034128061,22.25710111668041,0 69.26487109127777,22.26044811668356,0 69.26334909127638,22.26597411668871,0 69.26294359127598,22.26741111669003,0 69.25913734127244,22.2671636166898,0 69.25771109127112,22.26710836668974,0 69.25108634126497,22.26437511668718,0 69.24925609126325,22.26374186668659,0 69.24576509126001,22.25984186668295,0 69.23962634125428,22.25298336667657,0 69.23582259125072,22.24749361667148,0 69.23015284124546,22.24425961666845,0 69.22590509124149,22.2424586166668,0 69.20311409122024,22.23443311665932,0 69.19657334121416,22.23500636665983,0 69.19290759121077,22.23583361666061,0 69.18518184120359,22.23433661665922,0 69.18186209120046,22.23064561665581,0 69.18003659119876,22.21343411663974,0 69.17955984119834,22.21275611663913,0 69.17789834119679,22.21093361663742,0 69.17120759119058,22.21294461663928,0 69.1694318411889,22.21190536663835,0 69.16786584118745,22.20461461663154,0 69.16342434118332,22.19798986662539,0 69.16261059118256,22.19782061662523,0 69.15795684117819,22.19684961662432,0 69.13170684115374,22.19557636662313,0 69.1302460911524,22.19600436662353,0 69.12997334115215,22.19827461662561,0 69.13219084115423,22.20168886662884,0 69.13284409115482,22.21006636663662,0 69.13294834115493,22.21096261663746,0 69.13761684115929,22.21376361664005,0 69.13758184115926,22.21534911664157,0 69.130885091153,22.22201836664777,0 69.130865591153,22.22291261664856,0 69.13836409115999,22.22922736665447,0 69.14892309116982,22.23999961666448,0 69.15031109117109,22.24293836666726,0 69.15048359117122,22.24411661666835,0 69.15182859117249,22.25254136667616,0 69.15290809117352,22.25495486667842,0 69.15437059117488,22.25681636668014,0 69.15468859117516,22.26495061668771,0 69.16023734118033,22.27727336669921,0 69.15712359117742,22.28557911670697,0 69.15709034117742,22.28828661670946,0 69.15752084117781,22.28886911671003,0 69.15831109117852,22.28989761671096,0 69.15991759118003,22.29197511671288,0 69.15941434117957,22.29706111671766,0 69.15687784117722,22.3072248667271,0 69.15619359117659,22.31242736673192,0 69.15651884117688,22.31473111673409,0 69.15867109117886,22.31657061673581,0 69.16245159118239,22.32657836674514,0 69.16475809118452,22.3293151167477,0 69.16593709118564,22.33059786674886,0 69.16660634118625,22.33141436674964,0 69.16433609118417,22.34540411676267,0 69.16512159118486,22.34559886676282,0 69.17159534119094,22.34710136676426,0 69.17283534119207,22.34668936676388,0 69.17251634119179,22.35006436676701,0 69.17453334119364,22.35252886676932,0 69.1729853411922,22.35417211677083,0 69.17160034119092,22.35516261677174,0 69.17129834119066,22.35668286677316,0 69.17207234119138,22.35872586677505,0 69.17551459119454,22.36336961677938,0 69.17978634119856,22.36777286678347,0 69.1808328411995,22.36982361678542,0 69.18055059119928,22.37032511678586,0 69.17973009119851,22.37031261678584,0 69.17700459119595,22.37025611678581,0 69.17374959119292,22.36943436678501,0 69.17293159119214,22.36941961678502,0 69.17236584119161,22.37016861678575,0 69.17235209119161,22.37093386678646,0 69.17312609119233,22.37297686678835,0 69.17418809119334,22.37426936678952,0 69.17650384119548,22.37555711679073,0 69.17788234119678,22.37689536679198,0 69.18446059120288,22.38057686679542,0 69.19156959120954,22.38816961680249,0 69.19834059121581,22.38988836680408,0 69.1975645912151,22.39733036681105,0 69.19566384121333,22.3996646168132,0 69.19336309121121,22.40007961681357,0 69.18937259120747,22.40081461681427,0 69.18836684120652,22.40168911681508,0 69.18747359120567,22.40768711682069,0 69.18680884120511,22.41227236682494,0 69.19044434120849,22.41529761682773,0 69.1919475912099,22.41654311682891,0 69.19171684120965,22.41702286682937,0 69.19134284120929,22.42160611683363,0 69.19036859120837,22.42227961683426,0 69.18362384120212,22.41932286683152,0 69.1828640912014,22.4189916168312,0 69.18098734119968,22.41922911683145,0 69.18059659119928,22.41789211683016,0 69.17913684119793,22.41581886682826,0 69.17366484119282,22.41096261682372,0 69.16933509118883,22.4081736168211,0 69.16866834118821,22.40708236682008,0 69.16600734118572,22.40471036681788,0 69.16457459118436,22.40360811681688,0 69.15747109117774,22.40493636681811,0 69.15545134117588,22.40432311681752,0 69.1541103411746,22.40394061681718,0 69.15263734117326,22.40260461681595,0 69.15006459117086,22.40174586681513,0 69.13766134115929,22.40049786681396,0 69.13618734115795,22.39914311681269,0 69.13286909115487,22.39193536680602,0 69.13118209115328,22.39123711680537,0 69.12843859115071,22.39267661680668,0 69.11325209113659,22.40474211681794,0 69.11179284113524,22.40595736681905,0 69.1113163411348,22.4063133668194,0 69.10620209113,22.40780086682076,0 69.10038634112459,22.40656461681965,0 69.09944009112371,22.40585486681897,0 69.099729091124,22.39277036680676,0 69.09841509112277,22.39194611680603,0 69.08798559111307,22.39082461680499,0 69.07291134109903,22.38546061679995,0 69.07004209109635,22.3847153667993,0 69.06224934108906,22.38685961680125,0 69.0579740910851,22.38962761680386,0 69.05539584108271,22.3923728668064,0 69.05426534108165,22.39428086680817,0 69.05074984107836,22.39386936680779,0 69.04932409107704,22.39370161680761,0 69.04248259107067,22.38963936680387,0 69.039610341068,22.38910786680339,0 69.0359690910646,22.38992886680415,0 69.03447859106319,22.39035636680455,0 69.03347184106229,22.39125986680535,0 69.03367984106245,22.39511411680894,0 69.03492909106365,22.40099911681443,0 69.0355425910642,22.40217936681551,0 69.03901709106742,22.41001486682285,0 69.0448963410729,22.41819311683048,0 69.04499659107302,22.42250811683448,0 69.04463959107267,22.42413286683597,0 69.04392884107199,22.42496786683676,0 69.04353609107164,22.43033461684177,0 69.04106559106935,22.43492261684606,0 69.03950584106792,22.44165011685232,0 69.03944109106783,22.44458411685503,0 69.04113984106942,22.44473036685513,0 69.04599734107393,22.44494136685535,0 69.04617359107408,22.44259936685319,0 69.04892084107667,22.43900761684984,0 69.05038559107805,22.43859661684945,0 69.05906684108612,22.44409336685459,0 69.06106259108799,22.44526286685567,0 69.06415209109088,22.44733761685762,0 69.07378234109984,22.45691461686653,0 69.08235234110782,22.46974311687848,0 69.0822520911077,22.47968336688774,0 69.08102034110658,22.48077886688873,0 69.07684984110267,22.48184686688972,0 69.07070309109696,22.47977761688782,0 69.06371784109047,22.47208861688063,0 69.05852359108559,22.468176366877,0 69.05272984108024,22.46374261687288,0 69.04685634107472,22.46162986687091,0 69.03877709106723,22.45869011686818,0 69.01554509104557,22.44422436685471,0 69.00958059104005,22.43963561685041,0 69.00504609103581,22.43612011684712,0 68.99319859102479,22.42254261683451,0 68.98551384101762,22.40906861682197,0 68.97290459100589,22.39324286680721,0 68.97187334100488,22.39196011680605,0 68.96290159099658,22.37357536678888,0 68.96012809099398,22.36361661677961,0 68.95916934099307,22.35700861677345,0 68.9593085909932,22.35632836677286,0 68.96735459100069,22.35377611677046,0 68.96701059100036,22.34720161676433,0 68.96522159099874,22.34569736676292,0 68.96340934099703,22.34623461676341,0 68.96113384099493,22.34981986676678,0 68.95973984099362,22.3493093667663,0 68.95849634099244,22.34884236676584,0 68.95723859099127,22.34542361676267,0 68.95543759098962,22.33698111675483,0 68.95517984098939,22.33221586675041,0 68.95417684098845,22.33078036674902,0 68.94406859097899,22.33091411674917,0 68.94315409097817,22.33090011674915,0 68.94147384097658,22.33020011674853,0 68.9384900909738,22.30673411672666,0 68.94031334097554,22.29086211671187,0 68.94464384097955,22.27624961669824,0 68.94914009098375,22.27044236669286,0 68.95573834098985,22.26855411669107,0 68.95849534099244,22.27074311669315,0 68.96165184099539,22.27278136669503,0 68.96276434099644,22.27376536669596,0 68.9653110909988,22.27439236669653,0 68.96615834099958,22.27402036669616,0 68.96876459100201,22.27317411669537,0 68.9763610910091,22.26853211669106,0 68.97728234100992,22.26592836668862,0 68.97682159100953,22.26456511668738,0 68.97490334100775,22.26340236668631,0 68.97397309100688,22.26310836668603,0 68.96771309100103,22.26428786668714,0 68.9662683409997,22.26380386668666,0 68.96581609099928,22.263108116686,0 68.96537934099888,22.26084411668392,0 68.96765084100099,22.25725861668059,0 68.96719009100053,22.25589761667931,0 68.95799659099197,22.25390061667747,0 68.95432684098859,22.25066136667442,0 68.95429109098853,22.24682186667086,0 68.95665984099077,22.24346761666771,0 68.96176884099549,22.23884311666342,0 68.97594759100872,22.2361343666609,0 68.97653459100923,22.23511311665993,0 68.97767034101031,22.23396336665888,0 68.97988434101239,22.23084436665596,0 68.97991184101238,22.22972236665492,0 68.98630309101833,22.22599161665147,0 68.98727284101926,22.22669486665211,0 68.98610434101818,22.23362736665854,0 68.98654934101859,22.23685486666159,0 68.9889393410208,22.23780236666244,0 68.99372034102527,22.23449661665939,0 68.99437084102584,22.23404536665896,0 68.9961345910275,22.23114511665625,0 68.99725009102855,22.22439336664997,0 68.9953868410268,22.22074886664654,0 68.99987684103098,22.21608736664223,0 68.99975009103088,22.21086811663736,0 68.99902634103017,22.21018761663674,0 68.9889368410208,22.21731686664338,0 68.9841845910164,22.22066861664649,0 68.98283759101514,22.22123736664702,0 68.97923009101174,22.22174061664747,0 68.98009609101257,22.2184033666444,0 68.98181209101415,22.2165733666427,0 68.98912334102096,22.20923261663586,0 68.99321209102476,22.20486061663178,0 68.99444359102591,22.20268361662977,0 68.99586684102724,22.20073511662792,0 68.99747534102875,22.19929186662659,0 69.00255159103347,22.19374986662143,0 69.00306559103393,22.19173286661952,0 69.00478284103554,22.18990961661786,0 69.00481484103557,22.18855461661656,0 69.01553809104558,22.17705211660587,0 69.01690009104686,22.17558836660453,0 69.01707434104702,22.17324661660234,0 69.03687759106543,22.15443486658484,0 69.04718484107502,22.13835561656981,0 69.06898934109535,22.1164036165494,0 69.08369484110904,22.10355186653743,0 69.0904943411154,22.09759911653186,0 69.10143259112556,22.08356661651879,0 69.10613134112992,22.08027986651575,0 69.13400559115593,22.04982861648739,0 69.13402259115594,22.04890661648653,0 69.13440234115626,22.04847686648612,0 69.13714534115883,22.04558386648341,0 69.14455834116575,22.03849186647682,0 69.14874184116962,22.03496611647353,0 69.15506984117553,22.02422011646354,0 69.15636609117672,22.02231461646175,0 69.1805768411993,21.99691386643809,0 69.18821459120642,21.98889211643063,0 69.21117759122779,21.96806961641124,0 69.22201384123787,21.95901761640283,0 69.22690984124245,21.95281561639705,0 69.22920634124455,21.95009486639452,0 69.23943434125408,21.93581736638123,0 69.27300334128535,21.90272361635039,0 69.28799634129933,21.8917621163402,0 69.30984734131965,21.87579636632529,0 69.3354220913435,21.85409411630508,0 69.33838534134622,21.85075236630201,0 69.3626798413689,21.83353411628593,0 69.37121609137682,21.82777011628059,0 69.38124334138615,21.823908366277,0 69.38275684138756,21.82053536627381,0 69.38254834138741,21.8187438662722,0 69.38972034139408,21.81139686626534,0 69.39096859139522,21.80781361626197,0 69.41035909141328,21.78938736624485,0 69.4227398414248,21.77760361623387,0 69.42351609142554,21.77556986623199,0 69.42431559142625,21.77493611623134,0 69.42498859142688,21.77437186623086,0 69.42619434142802,21.77439911623088,0 69.44222134144297,21.76180411621914,0 69.44506584144563,21.75957161621704,0 69.45096684145108,21.75400436621186,0 69.46203359146142,21.7450218662035,0 69.46689359146592,21.74142561620016,0 69.47124209147,21.7386566161976,0 69.47415284147269,21.73780561619679,0 69.48098734147908,21.73334811619264,0 69.48566534148341,21.72883211618841,0 69.49440209149157,21.71978386618002,0 69.49467609149178,21.71820861617852,0 69.51015584150622,21.70421986616549,0 69.51474259151047,21.6990576161607,0 69.52496809152001,21.68750711614996,0 69.54852634154196,21.66753436613135,0 69.57728734156876,21.64562361611092,0 69.58451034157548,21.64098136610664,0 69.58577209157664,21.64041136610609,0 69.60641584159589,21.63139061609769,0 69.6227610916111,21.62146411608842,0 69.63626659162367,21.60812686607602,0 69.64273984162969,21.5971328660658,0 69.6589430916448,21.58208111605177,0 69.67482234165959,21.567273616038,0 69.6864480916704,21.55569311602722,0 69.69107184167473,21.55052936602237,0 69.69084509167448,21.54939286602132,0 69.69134434167495,21.54887561602083,0 69.69329609167676,21.54816761602018,0 69.69343634167694,21.54716211601925,0 69.69816859168134,21.54428936601659,0 69.70133359168426,21.54275761601513,0 69.70403309168677,21.5410926160136,0 69.70754834169009,21.5403458660129,0 69.71629784169818,21.54063786601319,0 69.7177940916996,21.54061111601317,0 69.72071259170229,21.53907611601169,0 69.71983534170153,21.53591361600877,0 69.71137134169362,21.53487086600779,0 69.710682091693,21.53350186600654,0 69.71094184169323,21.53260836600565,0 69.71885584170059,21.52585611599937,0 69.71929684170101,21.52437536599802,0 69.72344384170486,21.51979186599374,0 69.72639834170764,21.51469286598899,0 69.7312085917121,21.50858361598329,0 69.73229059171308,21.50703611598186,0 69.74050759172076,21.49787936597335,0 69.7581545917372,21.48018011595684,0 69.76197659174073,21.47593586595292,0 69.76371059174238,21.47325386595043,0 69.77009109174833,21.46709386594467,0 69.79760309177391,21.43586811591559,0 69.80158484177764,21.43213686591212,0 69.80252984177849,21.43122536591124,0 69.80347559177937,21.43036911591048,0 69.81952134179431,21.41527536589643,0 69.84429734181742,21.38713786587021,0 69.85367034182616,21.37392436585787,0 69.87256959184373,21.35427261583959,0 69.87713909184799,21.34542736583137,0 69.88037684185099,21.3420223658282,0 69.897528591867,21.32401986581141,0 69.90348484187251,21.31737286580523,0 69.90409834187312,21.3155946158036,0 69.9075223418763,21.31269536580089,0 69.91544559188367,21.30370811579252,0 69.92567609189319,21.29114161578082,0 69.93018559189738,21.28435761577447,0 69.95319884191883,21.25659236574865,0 69.95633009192176,21.25339611574566,0 69.95720034192254,21.25256411574486,0 69.95802059192334,21.25167836574406,0 69.96284484192783,21.24666486573938,0 69.97635484194041,21.23328711572691,0 69.98202134194565,21.22827211572223,0 69.98540684194882,21.22527436571949,0 69.98541784194884,21.22435286571863,0 69.98591309194933,21.22388536571816,0 70.00615559196814,21.20347461569918,0 70.00639334196836,21.2023466156981,0 70.02675959198734,21.17796461567542,0 70.03380859199393,21.17095761566889,0 70.06338609202146,21.14135961564131,0 70.07121134202873,21.1326366156332,0 70.07155909202908,21.13229536563284,0 70.10841834206337,21.09843436560135,0 70.1158170920703,21.09182136559519,0 70.12391484207785,21.08084811558496,0 70.1338953420871,21.07148336557623,0 70.1701625921209,21.04198461554876,0 70.1903323421397,21.02557586553348,0 70.20923259215726,21.01525536552384,0 70.22640534217328,21.00588086551511,0 70.24263259218839,20.99132511550158,0 70.25826209220293,20.9773031154885,0 70.26168634220613,20.97327036548478,0 70.27429759221786,20.9650558654771,0 70.29468359223688,20.9501296154632,0 70.30294634224458,20.94359986545714,0 70.3073080922486,20.94036936545411,0 70.31930084225979,20.93207011544638,0 70.33543484227482,20.92096711543604,0 70.3489695922874,20.91411161542965,0 70.37007334230708,20.89724761541396,0 70.37440959231111,20.89970936541624,0 70.37820634231468,20.90062411541708,0 70.38038834231668,20.89996211541649,0 70.39600109233123,20.89070561540785,0 70.40214409233693,20.88710286540453,0 70.40989434234416,20.88175911539952,0 70.42376759235708,20.86855561538727,0 70.44147334237357,20.85287161537263,0 70.44575709237756,20.84981261536979,0 70.4468668423786,20.84901211536902,0 70.44777684237943,20.84822436536831,0 70.44895909238056,20.84733636536748,0 70.46299059239362,20.84070636536132,0 70.48589609241498,20.83256086535374,0 70.49050334241923,20.82900036535039,0 70.51199034243928,20.81655261533882,0 70.53903209246442,20.80437061532746,0 70.54253709246768,20.80457386532766,0 70.54371209246881,20.80476561532782,0 70.54657559247147,20.8059166153289,0 70.54693009247177,20.8069601153299,0 70.54475834246978,20.80919186533197,0 70.54352784246862,20.81234736533492,0 70.54947209247416,20.81511736533747,0 70.55008709247471,20.81464011533706,0 70.55095034247552,20.81384661533627,0 70.554693092479,20.81075511533339,0 70.55708684248123,20.81032086533299,0 70.56459809248827,20.81483686533722,0 70.57257234249568,20.81058986533327,0 70.57755384250032,20.81449636533688,0 70.5792345925019,20.81474511533714,0 70.58743159250952,20.81232486533486,0 70.58966834251157,20.80648086532943,0 70.59256984251431,20.80421136532732,0 70.59295859251466,20.80205336532532,0 70.59200359251378,20.80028336532365,0 70.58964034251159,20.79777736532134,0 70.57961609250225,20.80229936532555,0 70.57158634249475,20.80279361532598,0 70.55702484248121,20.80500961532806,0 70.55369409247811,20.80408261532722,0 70.55370134247812,20.80339861532655,0 70.55876234248279,20.80006761532343,0 70.55973609248372,20.79802961532158,0 70.56243309248623,20.79488586531864,0 70.56372959248745,20.79416336531796,0 70.56789559249131,20.79248111531637,0 70.57471909249767,20.79071261531476,0 70.5817260925042,20.78581436531016,0 70.59012509251204,20.78252211530713,0 70.60221609252329,20.77854436530339,0 70.61767009253765,20.77008011529552,0 70.6318628425509,20.76749911529311,0 70.63914934255769,20.76538586529113,0 70.64435334256251,20.76493261529072,0 70.64919884256705,20.76286211528878,0 70.66054934257761,20.75963536528582,0 70.67540234259144,20.75683136528318,0 70.70915159262285,20.74199286526936,0 70.71686934263005,20.73823011526588,0 70.72582384263842,20.73205036526014,0 70.7323748426445,20.72751611525587,0 70.73973184265134,20.7237438652524,0 70.74705409265817,20.72228211525101,0 70.75437484266502,20.72234561525107,0 70.7616950926718,20.72087186524971,0 70.77065459268016,20.71864836524764,0 70.78126659269003,20.71414186524345,0 70.79596509270374,20.70660261523642,0 70.80414009271135,20.70207586523219,0 70.81147834271815,20.69830586522869,0 70.81883384272504,20.69452986522515,0 70.82373134272956,20.69304036522379,0 70.82616009273187,20.69229986522311,0 70.8285968427341,20.69232511522313,0 70.8294068427349,20.69385386522453,0 70.82939334273487,20.69539211522596,0 70.8285620927341,20.69615211522665,0 70.82449359273028,20.69765586522806,0 70.8179615927242,20.70142311523159,0 70.81141834271813,20.70442886523438,0 70.81060259271737,20.70520811523511,0 70.80977509271656,20.70749811523723,0 70.81133909271801,20.71287286524228,0 70.81213534271876,20.71593786524511,0 70.81129659271801,20.71747161524655,0 70.80884959271572,20.71973361524863,0 70.80232509270962,20.72121961525005,0 70.80143234270884,20.722295865251,0 70.79710309270479,20.72309861525179,0 70.79464559270252,20.72307886525175,0 70.79217309270018,20.72478611525332,0 70.79245409270044,20.72740236525578,0 70.79366484270156,20.72915211525742,0 70.79668909270441,20.73067236525884,0 70.80548584271259,20.7310728652592,0 70.81875259272493,20.72281886525149,0 70.81835759272457,20.71534311524454,0 70.82533159273106,20.71266536524206,0 70.82626409273195,20.71203586524149,0 70.82749234273308,20.71091786524044,0 70.82988784273533,20.70730436523706,0 70.83075984273614,20.70524986523515,0 70.83115609273648,20.70458736523454,0 70.83284959273806,20.70346786523351,0 70.8360678427411,20.70338636523342,0 70.83676809274175,20.70416661523416,0 70.84000534274475,20.70738786523714,0 70.84645934275073,20.71061936524018,0 70.84957284275367,20.71110011524058,0 70.86600859276894,20.71043461523999,0 70.87476459277713,20.70671361523653,0 70.87106559277368,20.71099686524047,0 70.87268259277516,20.71876336524776,0 70.87666434277889,20.72572936525421,0 70.87944084278149,20.72961511525784,0 70.88470009278637,20.73223061526028,0 70.90085009280142,20.73457586526245,0 70.90961684280956,20.73755336526523,0 70.91402409281369,20.74156986526896,0 70.91892284281823,20.74210011526947,0 70.92860684282726,20.73932161526687,0 70.9421650928399,20.73474961526262,0 70.95680009285354,20.73884936526645,0 70.97253134286814,20.73665236526438,0 70.97997734287509,20.73333711526129,0 70.982036342877,20.7335256152615,0 70.98215384287715,20.73683661526456,0 70.98523434288001,20.73964661526719,0 70.99067034288504,20.74164211526903,0 70.9945993428887,20.74465961527187,0 70.99958334289335,20.74775886527476,0 71.00399309289747,20.74781686527479,0 71.00482134289825,20.74730686527431,0 71.00848534290162,20.74503661527222,0 71.01306184290593,20.73989486526739,0 71.01377259290655,20.73566611526348,0 71.04537759293601,20.73631761526406,0 71.06458309295391,20.7337386152617,0 71.07611084296462,20.73721911526491,0 71.07967609296793,20.73973086526729,0 71.08059384296882,20.74402936527128,0 71.07528409296384,20.74650036527356,0 71.07502534296361,20.74852161527542,0 71.07514034296372,20.74921261527613,0 71.07639984296492,20.7503661152772,0 71.07993259296819,20.75365936528022,0 71.08035134296858,20.75965836528581,0 71.082972842971,20.7610311152871,0 71.08455584297252,20.76127736528736,0 71.08550134297337,20.7624051152884,0 71.08553759297342,20.76390261528979,0 71.08530334297319,20.76908836529458,0 71.09451559298179,20.77605111530107,0 71.09714784298421,20.77606736530112,0 71.09740709298444,20.77425336529939,0 71.09741559298448,20.77310886529835,0 71.0993495929863,20.77221711529751,0 71.10485759299138,20.77248936529776,0 71.10654709299297,20.77180886529715,0 71.10655934299297,20.77002186529546,0 71.10010534298698,20.76567536529143,0 71.09908859298605,20.76466111529049,0 71.09640434298353,20.76155911528758,0 71.09653934298365,20.7597701152859,0 71.10255209298924,20.75799461528425,0 71.12152509300694,20.75766111528396,0 71.12366834300894,20.75777211528407,0 71.14074634302483,20.75636336528277,0 71.14194309302593,20.75622911528262,0 71.14544809302919,20.75703561528337,0 71.14285559302681,20.76224786528826,0 71.14278659302676,20.76379186528965,0 71.14273609302666,20.76483936529064,0 71.14601134302973,20.77138736529673,0 71.1469395930306,20.77172086529708,0 71.15225309303554,20.77362036529883,0 71.15673034303973,20.7730418652983,0 71.16122034304391,20.77784811530279,0 71.16218834304482,20.77897886530382,0 71.16369784304618,20.77944811530426,0 71.16415859304664,20.77988761530469,0 71.16734909304961,20.78038486530511,0 71.1743005930561,20.78333386530789,0 71.17902334306046,20.78481036530923,0 71.18082234306218,20.78571586531006,0 71.18133584306264,20.7854373653098,0 71.18214284306339,20.78505411530949,0 71.18673684306765,20.78717711531147,0 71.19927534307936,20.79343511531727,0 71.20928834308864,20.79630686531993,0 71.21301834309213,20.80259886532582,0 71.23051784310843,20.80406311532715,0 71.2366345931141,20.80522311532826,0 71.25815384313415,20.81890861534101,0 71.26319209313885,20.8207556153427,0 71.27029509314548,20.82392086534566,0 71.276212593151,20.82608111534768,0 71.28286059315718,20.82805361534952,0 71.28949634316336,20.83051111535178,0 71.29613384316957,20.83439886535541,0 71.30174409317476,20.83781461535863,0 71.30736459318001,20.84025586536086,0 71.31400684318618,20.84319186536362,0 71.32371234319521,20.84710436536727,0 71.32933734320045,20.84810536536821,0 71.33599434320666,20.84910586536915,0 71.34418009321428,20.85011386537008,0 71.35031559321999,20.85062536537055,0 71.3585003432276,20.85210236537193,0 71.37041209323871,20.85573386537533,0 71.37641634324433,20.8560773653756,0 71.37999684324762,20.85706011537656,0 71.38203684324952,20.85851586537791,0 71.38202834324954,20.85996236537926,0 71.38201909324954,20.86142011538061,0 71.38203259324956,20.86358186538263,0 71.38107334324866,20.86461161538358,0 71.3786450932464,20.86685636538567,0 71.37598709324391,20.86661111538541,0 71.37576184324371,20.86750811538626,0 71.37087609323913,20.86860661538731,0 71.36774184323622,20.87017436538872,0 71.36735409323586,20.8697303653883,0 71.36615984323475,20.87019136538879,0 71.36542409323408,20.87064661538921,0 71.36615409323474,20.87110336538962,0 71.35958984322866,20.87523111539344,0 71.35912784322824,20.87491186539319,0 71.35309059322259,20.88053261539841,0 71.34832284321817,20.87801786539603,0 71.34110709321141,20.87729186539536,0 71.33733059320792,20.86822211538691,0 71.33354484320438,20.86427311538325,0 71.33208959320302,20.86276736538184,0 71.32812859319932,20.86015111537944,0 71.32012209319186,20.85696161537647,0 71.31658759318861,20.85629361537582,0 71.31505109318715,20.85610086537565,0 71.31194284318428,20.85789961537733,0 71.31132209318366,20.86361861538262,0 71.31266359318494,20.87554761539377,0 71.31374134318594,20.8787341153967,0 71.31278309318503,20.87962536539754,0 71.30653284317924,20.88050661539836,0 71.3053065931781,20.88185936539963,0 71.31827059319016,20.88864311540596,0 71.31932084319112,20.88836761540569,0 71.32323809319479,20.89050236540766,0 71.32557434319693,20.89132436540842,0 71.33044759320148,20.89238061540942,0 71.34198484321223,20.89380386541075,0 71.34822684321807,20.894063365411,0 71.34964009321936,20.89453186541141,0 71.35556009322488,20.89660411541337,0 71.35916434322826,20.89780261541449,0 71.366443843235,20.90027311541678,0 71.37242109324058,20.90549486542164,0 71.37648084324439,20.91257111542825,0 71.38171734324925,20.91890411543415,0 71.38355784325097,20.92591711544066,0 71.3840393432514,20.93113336544553,0 71.38761134325472,20.93340536544764,0 71.39328434326001,20.93196436544628,0 71.40097734326719,20.93606936545013,0 71.40266309326876,20.93541286544951,0 71.4034613432695,20.93245436544674,0 71.40320109326927,20.93109861544548,0 71.40320334326924,20.93049961544494,0 71.40303809326912,20.92941886544395,0 71.3988485932652,20.92363286543855,0 71.39504184326165,20.91931561543453,0 71.38631234325351,20.91280761542846,0 71.38586309325314,20.90227836541863,0 71.38519959325248,20.89876586541538,0 71.3844550932518,20.89675786541352,0 71.38330109325074,20.89358586541055,0 71.37350509324159,20.88245411540021,0 71.37236009324056,20.87745811539554,0 71.37884709324658,20.87455111539281,0 71.3890785932561,20.87714886539527,0 71.38988134325683,20.87731711539538,0 71.3915675932584,20.87709611539521,0 71.39950684326584,20.87125611538976,0 71.405050343271,20.87036711538894,0 71.43604234329985,20.86964361538827,0 71.44011059330364,20.8707886153893,0 71.45052709331333,20.87614561539431,0 71.47238584333371,20.89125136540838,0 71.47544784333655,20.89368111541063,0 71.47794859333885,20.89626536541306,0 71.48121309334192,20.89544211541227,0 71.49643184335611,20.90269061541903,0 71.51696334337521,20.91978311543494,0 71.52486309338258,20.92120486543627,0 71.53887609339563,20.94468936545814,0 71.54041334339706,20.94469536545813,0 71.54348409339991,20.94664511545995,0 71.5475660934037,20.94907786546224,0 71.5501188434061,20.95053961546358,0 71.55462159341027,20.95123136546425,0 71.55850109341389,20.95165961546463,0 71.57038934342495,20.95187061546482,0 71.57521459342945,20.95392961546673,0 71.59412459344708,20.96200686547428,0 71.60129209345376,20.9650421154771,0 71.60429009345654,20.96607161547808,0 71.60643784345854,20.96685536547881,0 71.61031209346214,20.9676046154795,0 71.61275034346443,20.96791161547975,0 71.6142655934658,20.96787886547974,0 71.61885759347012,20.96791236547977,0 71.62146534347255,20.96863661548042,0 71.62324809347422,20.96914636548092,0 71.62726909347793,20.97029261548198,0 71.63326409348355,20.97350236548499,0 71.63712934348712,20.97777286548893,0 71.64573784349511,20.98729761549783,0 71.6479733434972,20.98918686549957,0 71.64855859349774,20.9895121154999,0 71.66223334351048,20.99680236550665,0 71.6682595935161,20.99771811550756,0 71.67969034352677,20.99461886550466,0 71.6848600935316,20.99347286550358,0 71.68942359353582,20.99303036550316,0 71.69686559354278,20.99530411550529,0 71.70490634355025,21.00043536551004,0 71.71008434355508,21.00603886551528,0 71.71543934356004,21.01180161552065,0 71.72039309356467,21.01312811552191,0 71.73550659357875,21.01512561552374,0 71.74611234358861,21.01996511552824,0 71.75055284359274,21.0219741155301,0 71.75113784359331,21.02184061552999,0 71.75351209359553,21.02083086552904,0 71.75976109360136,21.02154311552971,0 71.76193409360337,21.02198736553015,0 71.76813384360912,21.03105436553858,0 71.77006134361091,21.03197811553946,0 71.77343109361408,21.03219986553966,0 71.77931309361952,21.03345786554081,0 71.77967284361989,21.03607386554325,0 71.77578134361625,21.03748911554459,0 71.77321684361385,21.03769186554479,0 71.77231259361304,21.03787011554494,0 71.76908909361003,21.03809186554514,0 71.7618853436033,21.03705561554414,0 71.75805434359972,21.03623911554342,0 71.75297634359504,21.03531261554253,0 71.74745034358989,21.03664861554381,0 71.74980134359203,21.04281386554953,0 71.7500655935923,21.04412311555075,0 71.7500543435923,21.04752761555392,0 71.75571809359758,21.04855086555489,0 71.75558959359745,21.05069086555688,0 71.75340784359543,21.05249686555857,0 71.75134709359349,21.05543386556127,0 71.75157584359368,21.06065511556613,0 71.75421209359615,21.06112036556658,0 71.75797734359969,21.06017086556568,0 71.75941909360102,21.05991836556547,0 71.76458284360581,21.05763361556336,0 71.76891309360985,21.05493861556084,0 71.77034809361118,21.05719436556291,0 71.77095559361175,21.05843736556409,0 71.77310234361374,21.0588798655645,0 71.77524809361574,21.0442028655508,0 71.77674359361714,21.04284761554959,0 71.78206859362211,21.04359786555028,0 71.78575634362556,21.04411786555073,0 71.7914268436308,21.0421526155489,0 71.79575584363488,21.04064786554749,0 71.79878259363767,21.04058761554745,0 71.80320909364178,21.04043586554729,0 71.80442484364295,21.04180161554859,0 71.80466384364314,21.04427961555092,0 71.79876484363763,21.0473181155537,0 71.79766309363663,21.04787061555424,0 71.79140459363077,21.04962236555588,0 71.77986609362006,21.05280961555883,0 71.77792084361823,21.05709386556282,0 71.77824584361855,21.06232061556767,0 71.77919384361945,21.06420161556947,0 71.78077359362089,21.06705736557211,0 71.78521209362503,21.0703578655752,0 71.78892309362851,21.07071311557553,0 71.79402759363325,21.0713196155761,0 71.79849759363742,21.07186386557657,0 71.79613534363523,21.06935011557425,0 71.79275409363208,21.06423961556948,0 71.79039459362986,21.0607401155662,0 71.7908480936303,21.05616661556195,0 71.79089909363034,21.05554286556139,0 71.79209584363144,21.05532036556116,0 71.79449409363366,21.05397036555991,0 71.79617634363524,21.05533186556119,0 71.79787309363684,21.05986386556543,0 71.79879909363768,21.06060336556612,0 71.80370109364225,21.06426711556952,0 71.81069609364874,21.06952861557443,0 71.82165809365898,21.07348361557808,0 71.83125534366792,21.07443061557899,0 71.83339484366991,21.07738061558172,0 71.83314559366966,21.07986211558404,0 71.8321908436688,21.08077536558488,0 71.82473659366184,21.08231811558631,0 71.82351859366071,21.08990011559337,0 71.82360209366078,21.09477486559791,0 71.827079093664,21.10043361560321,0 71.83191634366852,21.10113261560384,0 71.8335790936701,21.10068186560341,0 71.83502559367145,21.09956261560239,0 71.83647484367276,21.09593461559899,0 71.8416625936776,21.09314136559641,0 71.84826634368375,21.10025761560303,0 71.85367009368878,21.09969186560249,0 71.85487084368992,21.09857286560145,0 71.85487334368992,21.09721836560021,0 71.85260859368782,21.09369736559694,0 71.84263059367851,21.08824111559181,0 71.8408810936769,21.08385636558774,0 71.84157359367754,21.08146811558555,0 71.84230684367822,21.0812408655853,0 71.84976209368517,21.07943911558363,0 71.85623509369117,21.08106711558514,0 71.87041209370437,21.08785386559145,0 71.89805884373015,21.10526411560766,0 71.91942934375004,21.11172011561371,0 71.93147434376124,21.11311961561501,0 71.94177884377086,21.11729486561888,0 71.96658309379393,21.11947311562091,0 71.97305409379999,21.12199186562327,0 71.98399084381015,21.1309506156316,0 71.98587084381194,21.13205561563262,0 71.98889059381474,21.13716286563738,0 71.98961334381539,21.14463561564435,0 71.98544284381148,21.15168786565096,0 71.98406684381024,21.15841511565719,0 71.98526309381134,21.15954561565825,0 71.98714084381311,21.16004911565869,0 71.99122534381689,21.16028561565895,0 71.9917350938174,21.16212586566065,0 71.99248734381808,21.16438211566276,0 71.99582984382118,21.17224111567009,0 72.0029123438278,21.17590386567348,0 72.00855109383303,21.17972686567703,0 72.01889334384265,21.18202111567917,0 72.02300409384651,21.18041286567768,0 72.02386284384727,21.17859711567598,0 72.02252584384604,21.17251561567031,0 72.0152995938393,21.16480536566314,0 72.01459209383864,21.16395436566233,0 72.01363984383778,21.1621576156607,0 72.01291034383712,21.16078036565938,0 72.00736809383193,21.15435961565339,0 72.00297634382787,21.15044186564978,0 72.00187884382683,21.14917861564856,0 72.00085659382586,21.14623286564586,0 72.00061434382565,21.14488161564458,0 72.00032234382536,21.1432948656431,0 72.00022959382528,21.14012461564016,0 72.00125634382624,21.13991686563998,0 72.00238259382729,21.13968661563974,0 72.00595459383061,21.13710336563736,0 72.0076425938322,21.13505786563541,0 72.00827684383279,21.13460086563504,0 72.0103328438347,21.13381661563426,0 72.0116500938359,21.13549936563583,0 72.0134730938376,21.14315711564297,0 72.01403384383815,21.1451311156448,0 72.01620309384015,21.14897161564841,0 72.01752184384139,21.15035036564968,0 72.02873309385183,21.15574511565472,0 72.02882909385193,21.15675686565567,0 72.02934084385237,21.15698436565589,0 72.03039334385335,21.15643436565535,0 72.04266084386478,21.16171586566026,0 72.04349159386555,21.16219536566069,0 72.04984534387148,21.16512611566344,0 72.07908984389871,21.18252911567964,0 72.08605584390523,21.18818111568493,0 72.09326384391193,21.19090861568748,0 72.10101559391916,21.19132836568787,0 72.10602984392381,21.19160361568811,0 72.10993859392744,21.19360611568999,0 72.11526309393241,21.19851411569454,0 72.11638809393344,21.20036761569628,0 72.11731509393434,21.20315086569883,0 72.11697034393399,21.20423386569985,0 72.11594259393303,21.20552286570108,0 72.11325309393055,21.20765086570304,0 72.1125420939299,21.20836686570373,0 72.10752384392521,21.21336686570839,0 72.1009935939191,21.21895086571356,0 72.09939859391767,21.22019386571474,0 72.09347409391211,21.22574261571992,0 72.08963209390856,21.23003486572389,0 72.08406684390337,21.24473686573759,0 72.07706184389684,21.25151586574389,0 72.07779409389752,21.25491361574706,0 72.0785273438982,21.25534836574747,0 72.08236859390178,21.25473561574688,0 72.08500909390426,21.25360986574583,0 72.08623359390538,21.25405011574628,0 72.09043684390929,21.25842286575034,0 72.09245984391117,21.26554911575698,0 72.09223134391095,21.27506111576582,0 72.0818718439013,21.28860786577843,0 72.07754759389729,21.30191286579082,0 72.08315459390252,21.30348011579229,0 72.084741343904,21.30375036579255,0 72.08569684390488,21.30151086579048,0 72.09052359390938,21.29518511578459,0 72.09366034391229,21.29247736578208,0 72.09390484391253,21.29089836578061,0 72.09655209391497,21.2865981157766,0 72.10093459391908,21.28504336577515,0 72.10210909392015,21.2845591157747,0 72.1045040939224,21.28614561577615,0 72.1052615939231,21.28704486577698,0 72.10834059392596,21.29067836578037,0 72.10951934392705,21.29895586578806,0 72.11004534392754,21.3026558657915,0 72.11507309393227,21.31646886580439,0 72.12685609394322,21.33749936582399,0 72.13603034395175,21.34694886583276,0 72.1456450939607,21.35493036584023,0 72.14681934396179,21.35640186584158,0 72.17383109398696,21.39090911587374,0 72.17623384398922,21.39249486587522,0 72.1791230939919,21.39612436587856,0 72.18983809400186,21.4076436158893,0 72.20803234401882,21.42008461590092,0 72.21540784402566,21.42810211590836,0 72.2216528440315,21.4348993659147,0 72.23527134404418,21.45739886593566,0 72.24735309405543,21.48840036596454,0 72.24924309405719,21.49200911596791,0 72.25233659406007,21.49801161597344,0 72.25244934406015,21.49822936597365,0 72.25404084406165,21.50151861597675,0 72.25436534406197,21.50420561597923,0 72.25439384406201,21.50795111598273,0 72.25488684406247,21.5106216159852,0 72.25711034406453,21.51774036599181,0 72.26047759406765,21.52458836599823,0 72.26122809406837,21.52920511600251,0 72.26736584407405,21.56617636603692,0 72.26859709407523,21.57344236604371,0 72.27100109407746,21.57999211604982,0 72.2782630940842,21.59423336606307,0 72.2822343440879,21.59797611606655,0 72.28331634408892,21.59965161606812,0 72.28758609409289,21.60650411607451,0 72.28779959409309,21.60681211607482,0 72.28453234409005,21.60816086607605,0 72.28229534408797,21.61307386608064,0 72.27774059408375,21.62775061609432,0 72.27652984408263,21.63637286610231,0 72.28209109408778,21.64080111610645,0 72.29800009410258,21.64492686611027,0 72.29922884410377,21.64751511611269,0 72.29811759410273,21.64855961611369,0 72.29435709409921,21.6490976161142,0 72.29091684409599,21.64917286611427,0 72.28564409409108,21.65082436611578,0 72.28294609408857,21.65312161611792,0 72.28037234408617,21.65443211611915,0 72.27975959408559,21.65538011612,0 72.27802684408402,21.6580263661225,0 72.27788359408385,21.65903961612344,0 72.27514984408134,21.6578211161223,0 72.27026759407676,21.65781011612228,0 72.26753959407421,21.66266336612682,0 72.26278684406981,21.66669136613058,0 72.25179334405959,21.66739111613122,0 72.25218559405994,21.68086811614376,0 72.2427803440512,21.68496261614757,0 72.24116059404969,21.68495986614755,0 72.23770509404648,21.68527936614788,0 72.23384584404283,21.68675336614922,0 72.23145109404061,21.69240211615448,0 72.2263913440359,21.69829136615999,0 72.22589784403544,21.69867386616033,0 72.22823309403765,21.69929661616095,0 72.22876984403814,21.69951561616114,0 72.22872659403811,21.70634111616749,0 72.22479934403441,21.71663011617704,0 72.22145034403133,21.72251061618254,0 72.21976059402976,21.72823036618786,0 72.2163990940266,21.734813116194,0 72.21234759402284,21.73421661619346,0 72.21048584402109,21.73254661619188,0 72.20950809402018,21.73256511619189,0 72.19981659401117,21.73470436619391,0 72.19860859401001,21.73606586619519,0 72.19787359400937,21.73718936619622,0 72.19713334400865,21.74010286619892,0 72.19745559400894,21.74107361619986,0 72.19966234401102,21.74736836620571,0 72.19929359401067,21.75324861621118,0 72.19446534400618,21.75708661621474,0 72.18797559400014,21.75707961621475,0 72.18603359399833,21.7582073662158,0 72.1855515939979,21.76137861621873,0 72.18167134399425,21.76386661622104,0 72.18118059399382,21.76726536622425,0 72.18149634399413,21.76896636622581,0 72.18164409399424,21.76951111622634,0 72.18360159399606,21.77675186623304,0 72.1768505939898,21.78580361624148,0 72.173904593987,21.78770861624326,0 72.16887384398234,21.79101461624634,0 72.16332759397716,21.78963636624507,0 72.15676409397105,21.79191286624717,0 72.15688234397118,21.8027501162573,0 72.15396734396847,21.80606686626038,0 72.15094634396564,21.80615611626047,0 72.14782684396272,21.80546111625978,0 72.14194834395727,21.8079386162621,0 72.1385668439541,21.81021661626426,0 72.13576059395149,21.8111303662651,0 72.13284284394877,21.81044111626443,0 72.13114784394719,21.80931786626337,0 72.12837534394464,21.80455711625893,0 72.12342984394002,21.78240336623833,0 72.1162395939333,21.77882861623499,0 72.11182209392922,21.77761111623386,0 72.09563859391415,21.77987661623598,0 72.08405084390336,21.78144836623744,0 72.08306809390245,21.78191086623787,0 72.0809003439004,21.79004486624547,0 72.07839359389806,21.79151261624679,0 72.07775284389749,21.79182911624713,0 72.06687734388737,21.7913906162467,0 72.03002709385305,21.79189836624715,0 72.02265484384617,21.79427861624942,0 72.02270234384622,21.79549086625053,0 72.02348284384692,21.79938111625415,0 72.02276884384628,21.80004611625475,0 72.02058509384426,21.79983836625456,0 72.01479309383882,21.79711636625206,0 72.00789284383239,21.8012653662559,0 72.00668734383129,21.80103786625568,0 71.99776434382301,21.79040536624581,0 71.99631584382166,21.78971761624512,0 71.99243634381804,21.79017061624558,0 71.98641534381244,21.79445761624953,0 71.98456784381068,21.79723561625213,0 71.98153934380787,21.80189586625648,0 71.97946084380595,21.80368661625818,0 71.97983259380629,21.81025186626426,0 71.98130584380766,21.81753686627104,0 71.97906084380554,21.81865061627206,0 71.9797213438062,21.81898986627237,0 71.98033034380677,21.82248161627564,0 71.96894409379615,21.83310411628554,0 71.96095234378868,21.83715836628932,0 71.96095109378871,21.83851361629058,0 71.96624259379365,21.84507386629667,0 71.96596609379338,21.85395311630498,0 71.96778059379506,21.85553161630645,0 71.97000409379712,21.85793186630866,0 71.9727845937997,21.86079261631135,0 71.97612234380284,21.86177011631225,0 71.98049534380692,21.86277261631318,0 71.97995584380641,21.86603036631624,0 71.98797984381389,21.86364761631399,0 71.99851109382371,21.86562186631585,0 72.00303109382787,21.86571886631594,0 72.02184984384542,21.86596886631616,0 72.0308433438538,21.86444186631473,0 72.0457828438677,21.86057511631111,0 72.04964159387129,21.85763736630838,0 72.05087334387247,21.85437661630533,0 72.05254659387401,21.84993861630125,0 72.05800484387908,21.84712411629863,0 72.07070459389092,21.84612636629766,0 72.07190709389204,21.84681411629833,0 72.0715333438917,21.85178161630296,0 72.07293034389301,21.85239911630351,0 72.07371684389375,21.85274686630385,0 72.07708334389685,21.85439886630536,0 72.07975984389935,21.8555811163065,0 72.08324609390257,21.85721161630801,0 72.08891509390787,21.86355661631393,0 72.0873580939064,21.87621286632572,0 72.07692684389673,21.88933411633792,0 72.0764565938963,21.89250386634086,0 72.07694734389673,21.89452086634276,0 72.08588509390506,21.90197336634969,0 72.08632734390545,21.90229836635001,0 72.08721109390632,21.90291861635058,0 72.08974159390863,21.9035931163512,0 72.09168209391044,21.9020031163497,0 72.09413134391275,21.88256486633162,0 72.0960478439145,21.88210986633118,0 72.09749734391585,21.88325511633224,0 72.09869909391699,21.88392661633287,0 72.09968059391792,21.88776686633645,0 72.0994325939177,21.89070161633918,0 72.10208559392015,21.89183611634024,0 72.11707634393412,21.8841623663331,0 72.1175730939346,21.87872386632802,0 72.1151710939323,21.86966561631959,0 72.11869084393561,21.85815586630889,0 72.11879059393573,21.85443686630543,0 72.11894234393583,21.8498886163012,0 72.12046784393726,21.84446036629611,0 72.12343734394005,21.84899186630036,0 72.12412309394068,21.85159286630278,0 72.12652934394293,21.85271861630384,0 72.12724284394358,21.85271911630383,0 72.13367934394955,21.84833511629972,0 72.13780709395343,21.84548536629706,0 72.14080359395621,21.84256261629434,0 72.14250109395778,21.84257286629435,0 72.14370284395892,21.84369561629541,0 72.14586209396089,21.84482211629648,0 72.15271759396728,21.84146861629335,0 72.15443559396891,21.84064311629254,0 72.15527684396966,21.8402376162922,0 72.15603734397041,21.83986236629187,0 72.15966859397378,21.83952811629154,0 72.16460684397839,21.83929636629131,0 72.16667334398028,21.84007661629204,0 72.16727809398088,21.84111061629301,0 72.16715684398076,21.84641611629792,0 72.16367159397748,21.85009286630139,0 72.15966609397378,21.85078111630201,0 72.15628084397059,21.85070886630194,0 72.15229909396692,21.85256886630367,0 72.15040534396513,21.85831461630903,0 72.15491909396934,21.85834211630907,0 72.15966209397379,21.85742511630821,0 72.1641140939779,21.85579661630669,0 72.16907534398251,21.85659836630742,0 72.17005634398345,21.85749286630823,0 72.16981559398323,21.86020886631081,0 72.1690235939825,21.86098811631149,0 72.16676584398039,21.86370086631405,0 72.16202259397596,21.86735161631742,0 72.16004834397415,21.86849561631851,0 72.15897334397312,21.86991936631984,0 72.1584333439726,21.87118636632102,0 72.15759384397182,21.87354636632318,0 72.15817909397236,21.8753653663249,0 72.16132459397534,21.87784961632724,0 72.16845709398194,21.87885861632816,0 72.16857334398208,21.88192036633103,0 72.1649788439787,21.88658486633534,0 72.16604459397973,21.89616986634428,0 72.16520109397891,21.90000011634783,0 72.15270109396727,21.89370386634198,0 72.14682334396178,21.89073611633921,0 72.14611559396116,21.89096661633943,0 72.14345759395866,21.89119011633966,0 72.14222384395754,21.90091586634873,0 72.14876609396362,21.90520686635267,0 72.14984484396462,21.90691061635431,0 72.15175884396643,21.90893711635619,0 72.15163909396631,21.90974211635694,0 72.14030509395576,21.91131586635839,0 72.13774859395335,21.91074236635785,0 72.13364609394955,21.90781836635511,0 72.1325418439485,21.90699786635435,0 72.12359709394019,21.90793461635525,0 72.11651959393356,21.90866186635594,0 72.12143534393817,21.91169586635874,0 72.12359484394017,21.91311986636009,0 72.1235925939402,21.91402336636088,0 72.12334659393997,21.91491386636176,0 72.12165134393837,21.91719236636385,0 72.11897409393589,21.91719286636385,0 72.11511284393225,21.91831411636491,0 72.11390834393114,21.92146611636786,0 72.11054159392802,21.92393811637015,0 72.10134709391946,21.9253101163714,0 72.09552184391401,21.92848036637434,0 72.09394659391256,21.92937286637521,0 72.08706309390618,21.93210261637774,0 72.08182909390126,21.93242486637803,0 72.07735734389712,21.93128886637698,0 72.07121034389138,21.93094061637668,0 72.07049809389071,21.93140086637709,0 72.0706910938909,21.93364661637918,0 72.07061459389081,21.93606036638142,0 72.06909384388939,21.93780336638304,0 72.06503609388562,21.93705086638238,0 72.04471084386671,21.93927836638442,0 72.04301134386515,21.94086436638588,0 72.04445884386649,21.9429066163878,0 72.04969309387133,21.94459086638938,0 72.06465959388527,21.94593661639061,0 72.06829834388867,21.94553111639027,0 72.0834368439028,21.94632386639097,0 72.08537859390458,21.94669086639135,0 72.0854998439047,21.94742761639202,0 72.08827834390729,21.94719536639178,0 72.095505843914,21.94844561639297,0 72.10808734392572,21.95063686639503,0 72.12817434394447,21.95065361639502,0 72.12962459394578,21.9520131163963,0 72.13325359394918,21.9544908663986,0 72.1332558439492,21.95655836640054,0 72.12816984394442,21.96016511640385,0 72.11727584393429,21.95877811640258,0 72.11142184392884,21.96364636640714,0 72.10888984392648,21.9651133664085,0 72.10542159392327,21.96670436641,0 72.09851234391681,21.968852616412,0 72.09548859391401,21.96953786641263,0 72.09297859391165,21.97018536641321,0 72.0913818439102,21.97052336641355,0 72.08587534390506,21.97070711641368,0 72.08223634390168,21.97024661641325,0 72.07710009389689,21.97096811641393,0 72.07033309389055,21.97459286641731,0 72.05726059387842,21.97072261641369,0 72.05579559387701,21.98407086642612,0 72.05451634387583,21.98397836642608,0 72.04817509386993,21.98328236642539,0 72.03642034385899,21.98607836642799,0 72.03641859385897,21.98745411642932,0 72.03764534386011,21.98947336643118,0 72.04853409387027,21.99265661643415,0 72.05287759387431,21.99990136644089,0 72.05988134388082,22.00285136644362,0 72.06667609388717,21.9958541164371,0 72.07442359389438,21.99291436643438,0 72.07695834389676,21.98985761643155,0 72.07878084389841,21.98590836642785,0 72.08387284390318,21.98297661642511,0 72.09548159391397,21.97905161642149,0 72.10056884391872,21.9773381164199,0 72.12985084394603,21.97239186641525,0 72.13930109395483,21.96444686640785,0 72.14012859395558,21.96486086640823,0 72.14281084395805,21.96644811640971,0 72.14371634395894,21.96688461641014,0 72.14414184395929,21.96716261641041,0 72.14856334396342,21.96639936640969,0 72.15043909396519,21.96606136640935,0 72.15436534396883,21.96775686641092,0 72.15650084397083,21.96761886641082,0 72.15180509396646,21.9739201164167,0 72.15138834396606,21.97419586641695,0 72.14533634396042,21.98209711642431,0 72.14040209395586,21.97981686642219,0 72.1375933439532,21.97848111642094,0 72.13663709395234,21.97868486642113,0 72.13373634394964,21.97938186642176,0 72.13279584394877,21.97990211642224,0 72.12404734394062,21.98506711642704,0 72.1187075939356,21.98818786643,0 72.10685284392457,21.99271036643421,0 72.10672909392446,21.99542336643674,0 72.10682709392455,21.99654636643777,0 72.11169309392909,21.99951361644054,0 72.11144509392886,22.00063911644156,0 72.11107684392852,22.00232311644317,0 72.10421259392211,22.00620036644676,0 72.09373509391236,22.0120731164522,0 72.09183584391059,22.01659936645643,0 72.09431959391293,22.01595061645583,0 72.09714759391557,22.0164396164563,0 72.10150134391961,22.01531461645527,0 72.1042083439221,22.01341661645347,0 72.11095034392838,22.00854186644892,0 72.11269484393,22.00817661644862,0 72.1170715939341,22.00962686644994,0 72.11795609393494,22.00987811645018,0 72.1186938439356,22.00944636644977,0 72.11918884393606,22.00243811644327,0 72.12039909393718,22.00200111644284,0 72.12476834394124,22.00019186644119,0 72.12676709394316,22.00012086644108,0 72.12811909394441,22.00028361644127,0 72.12947084394563,22.00074136644167,0 72.13224484394823,22.00472336644537,0 72.13369659394959,22.00516086644581,0 72.14280034395807,21.99882686643992,0 72.14774759396266,21.99544961643675,0 72.15887284397303,21.9945506164359,0 72.16493109397868,21.99929511644035,0 72.15977159397386,22.00842361644885,0 72.15264859396723,22.01408511645411,0 72.14930359396413,22.0216183664611,0 72.14938934396417,22.0243193664636,0 72.14950009396432,22.02614361646533,0 72.15139134396605,22.02791986646696,0 72.15857784397275,22.02145736646094,0 72.16233609397625,22.01808461645782,0 72.16322759397707,22.01739586645721,0 72.16625159397989,22.01613536645601,0 72.16708534398066,22.01624536645613,0 72.16782534398135,22.01772186645746,0 72.16696059398055,22.02227036646173,0 72.16685884398049,22.02281836646222,0 72.16373784397757,22.02511786646437,0 72.16280109397667,22.02573986646496,0 72.15950884397364,22.02817336646723,0 72.15840409397259,22.02891336646792,0 72.15840409397259,22.02982611646877,0 72.15984984397392,22.03049361646935,0 72.16154609397552,22.03164411647043,0 72.16154859397551,22.03412661647275,0 72.1603220939744,22.03504236647359,0 72.15294084396749,22.03524436647382,0 72.15001034396477,22.03538461647394,0 72.14149209395686,22.04007886647832,0 72.14627584396129,22.04363061648161,0 72.14639809396141,22.04464411648257,0 72.14858534396348,22.04688986648466,0 72.15037559396512,22.04804086648574,0 72.15293659396752,22.0491213664867,0 72.15691959397122,22.04974311648732,0 72.15762659397188,22.0492888664869,0 72.15861534397277,22.04928961648687,0 72.15886259397303,22.0499523664875,0 72.15910259397327,22.0524331164898,0 72.15292934396751,22.05767636649472,0 72.15110759396578,22.05923886649617,0 72.14433709395951,22.06940586650563,0 72.14276834395804,22.07000436650616,0 72.13683559395253,22.07211786650817,0 72.13228109394828,22.08344861651869,0 72.13188409394792,22.08450211651967,0 72.12817184394441,22.0903128665251,0 72.124503843941,22.09600361653036,0 72.12351884394013,22.09885636653303,0 72.12585059394229,22.09800311653225,0 72.1314645939475,22.09598836653037,0 72.13227084394828,22.09541261652982,0 72.14244259395775,22.08671361652176,0 72.14275859395804,22.08581261652091,0 72.14366834395889,22.08503261652015,0 72.14795509396288,22.07278861650877,0 72.16491434397864,22.05878261649571,0 72.168526093982,22.05154411648897,0 72.16902009398245,22.04430261648224,0 72.1697605939832,22.04407361648202,0 72.17219509398547,22.04271786648076,0 72.17339584398655,22.04384961648179,0 72.17605959398901,22.04768461648541,0 72.17654659398949,22.04922186648685,0 72.18272309399526,22.06962786650582,0 72.18486134399723,22.07254361650854,0 72.18864209400078,22.0804786165159,0 72.18815384400028,22.08502386652015,0 72.18492559399732,22.08752811652249,0 72.18276884399529,22.0881978665231,0 72.18015534399285,22.08976361652458,0 72.18015359399283,22.09136986652607,0 72.181388843994,22.09272236652731,0 72.18475309399713,22.09382761652836,0 72.18864034400076,22.09134811652604,0 72.19225784400413,22.09272911652732,0 72.19274809400457,22.09226111652691,0 72.19297784400482,22.07822061651382,0 72.18790909400008,22.0664598665029,0 72.18596409399828,22.05448736649174,0 72.18685209399911,22.03957511647786,0 72.18754084399973,22.02891911646793,0 72.19081534400277,22.02282661646223,0 72.19880434401023,22.01671261645657,0 72.20899409401972,22.01265011645279,0 72.21056834402117,22.01423636645421,0 72.2069268440178,22.02124386646079,0 72.20834959401913,22.02871086646769,0 72.20775734401855,22.03027736646919,0 72.20557309401653,22.02984211646878,0 72.19979459401117,22.02625236646542,0 72.19735634400888,22.025771366465,0 72.19396084400569,22.0266698664658,0 72.19395934400569,22.02802511646706,0 72.20099334401226,22.03390611647256,0 72.20500459401597,22.03958236647782,0 72.20679784401767,22.04206286648014,0 72.20734159401815,22.05651161649359,0 72.2072910940181,22.05865011649558,0 72.20729234401813,22.05971036649657,0 72.20420484401524,22.06207486649879,0 72.20618684401711,22.06641786650283,0 72.20742059401823,22.06912736650537,0 72.20987909402055,22.07769436651336,0 72.21056284402118,22.08004611651551,0 72.21044059402107,22.0922666165269,0 72.21164859402217,22.09295361652755,0 72.21600234402626,22.09022786652503,0 72.21477884402509,22.08209336651743,0 72.21819709402826,22.07620336651195,0 72.22189634403173,22.07411686651,0 72.22735734403682,22.07071736650681,0 72.22944109403875,22.07064711650679,0 72.23066259403987,22.07110636650719,0 72.2321460940413,22.07156986650762,0 72.23311684404217,22.070877616507,0 72.23410159404307,22.06881711650504,0 72.23483809404377,22.06744461650379,0 72.23532184404422,22.06720911650359,0 72.23581609404471,22.06721361650358,0 72.23630584404515,22.06766986650399,0 72.23432784404332,22.07615111651188,0 72.23389309404291,22.07986011651536,0 72.23127534404045,22.09997061653411,0 72.22933234403865,22.10546436653919,0 72.22997459403928,22.10973586654319,0 72.2345508440435,22.11278086654602,0 72.24058734404912,22.11735961655029,0 72.24757984405562,22.12024936655297,0 72.25498509406253,22.11804086655093,0 72.2547380940623,22.12029611655299,0 72.2542778440619,22.12101236655366,0 72.25220709405994,22.12436786655678,0 72.24844809405647,22.12845036656063,0 72.2476070940557,22.13430986656607,0 72.25162684405939,22.13975736657113,0 72.25403434406167,22.14134436657264,0 72.2666435940734,22.1433661165745,0 72.26855659407516,22.14428236657534,0 72.26917334407574,22.14531886657631,0 72.26966709407623,22.14651261657741,0 72.26942034407597,22.15489411658524,0 72.26254134406958,22.17548811660441,0 72.26138534406851,22.18090536660947,0 72.26084084406801,22.18341736661182,0 72.25804084406536,22.19244486662024,0 72.25587534406338,22.1971788666246,0 72.25430659406192,22.21053136663704,0 72.25563559406316,22.21200061663842,0 72.26036459406754,22.21369961663999,0 72.26073659406791,22.21335436663969,0 72.26231384406935,22.21187711663833,0 72.26497334407185,22.20758336663431,0 72.26556134407241,22.20542361663228,0 72.26741059407414,22.20533161663223,0 72.27295484407927,22.22070061664652,0 72.28510109409058,22.23013936665529,0 72.28754059409289,22.2326861166577,0 72.29020459409537,22.24535136666947,0 72.29262384409759,22.24601636667012,0 72.29576859410054,22.2439916166682,0 72.29577159410053,22.24061511666508,0 72.29747234410212,22.23813186666274,0 72.30036234410483,22.23567686666047,0 72.30294259410721,22.23360011665852,0 72.30592059410998,22.23221436665727,0 72.30740409411135,22.2318658666569,0 72.30814259411204,22.23151611665662,0 72.30999434411376,22.23151586665659,0 72.31071584411444,22.23221636665727,0 72.31505109411847,22.23550211666031,0 72.31740234412069,22.23859736666322,0 72.31789059412114,22.23921911666377,0 72.31764884412092,22.24034761666485,0 72.32087609412389,22.24454961666873,0 72.32935059413182,22.25136661667506,0 72.32984759413227,22.25175836667546,0 72.3308315941332,22.25334561667694,0 72.33142734413371,22.2584396166817,0 72.32924234413173,22.26184361668481,0 72.32828759413081,22.27087161669323,0 72.33460284413667,22.28445186670592,0 72.33542234413744,22.28720861670848,0 72.33930184414106,22.30031936672066,0 72.34084259414249,22.30175486672204,0 72.34121359414286,22.30383886672393,0 72.34047459414217,22.30487086672492,0 72.33749959413939,22.30487461672493,0 72.33541484413746,22.30409611672417,0 72.3309843441333,22.30361786672376,0 72.32656509412919,22.30172036672195,0 72.32214609412512,22.30315586672333,0 72.32282884412575,22.30600461672594,0 72.32605809412871,22.30965361672935,0 72.32945959413189,22.31218636673173,0 72.33406034413616,22.30980336672951,0 72.33653709413852,22.31023086672991,0 72.33788334413975,22.3111011167307,0 72.34313934414462,22.31229386673181,0 72.34530059414664,22.31270061673223,0 72.34724859414848,22.31157986673116,0 72.35256909415341,22.30908536672883,0 72.35269534415352,22.30844861672824,0 72.35303334415386,22.3068178667267,0 72.35451259415521,22.3068096167267,0 72.35644434415701,22.30885261672864,0 72.35666059415723,22.30968861672938,0 72.35688484415743,22.31136411673095,0 72.35836584415881,22.31480636673416,0 72.35945784415986,22.31668461673593,0 72.36216734416234,22.322171116741,0 72.36510359416508,22.33779886675558,0 72.38439809418304,22.35562461677216,0 72.38393384418265,22.35947336677577,0 72.380042844179,22.36220711677834,0 72.37459259417392,22.3634561167795,0 72.3731443441726,22.36547611678134,0 72.36375959416387,22.37125611678675,0 72.35165084415257,22.37413886678945,0 72.34197109414356,22.37760461679267,0 72.33980509414152,22.38260061679728,0 72.33518134413725,22.38690036680129,0 72.33517459413724,22.39074011680486,0 72.33657434413851,22.3924888668065,0 72.33662334413856,22.39237161680643,0 72.34119409414285,22.38597386680044,0 72.34422784414568,22.38842761680274,0 72.34670884414794,22.38622511680069,0 72.34730209414852,22.38574561680025,0 72.34924784415034,22.38438511679897,0 72.35435284415507,22.38325086679794,0 72.36377009416384,22.38377911679839,0 72.36586809416582,22.38388511679853,0 72.3712443441708,22.38498361679951,0 72.38048934417941,22.38527636679982,0 72.38263159418142,22.38368561679829,0 72.38457784418324,22.38299511679764,0 72.38759159418606,22.38299461679765,0 72.39428434419227,22.37632186679144,0 72.3946048441926,22.37588386679107,0 72.39735734419514,22.37162911678706,0 72.40053109419807,22.36758661678334,0 72.40116934419871,22.36671286678251,0 72.40205109419952,22.36321686677923,0 72.40415309420149,22.35949161677576,0 72.40974184420668,22.35725286677371,0 72.41459209421117,22.35616611677267,0 72.41424284421089,22.34996236676693,0 72.41058109420743,22.34512536676237,0 72.40063284419819,22.33185236675001,0 72.39519309419313,22.32177186674068,0 72.39284659419093,22.31738761673659,0 72.38724909418573,22.3115353667311,0 72.38557759418416,22.29848861671894,0 72.38403784418273,22.27542511669748,0 72.38356809418229,22.26834411669091,0 72.3867783441853,22.25703461668036,0 72.38792434418633,22.2497953666736,0 72.38814534418657,22.24786586667182,0 72.38636609418489,22.2429086166672,0 72.38461409418329,22.23803561666267,0 72.38249184418129,22.23779036666247,0 72.38271509418149,22.23650411666125,0 72.38268309418146,22.23599311666078,0 72.38198709418083,22.22995161665511,0 72.38208259418093,22.2280943666534,0 72.38331134418206,22.22675936665217,0 72.38343909418217,22.22609286665153,0 72.38500934418363,22.22510261665064,0 72.38714884418562,22.22402111664962,0 72.39089834418911,22.22343786664908,0 72.39263959419077,22.22320736664886,0 72.40458459420188,22.2215216166473,0 72.40880309420578,22.22433561664991,0 72.40944159420638,22.22468111665023,0 72.41138409420819,22.22490536665044,0 72.414366594211,22.22221786664795,0 72.41664584421312,22.21842111664438,0 72.41913034421543,22.21697611664308,0 72.42058834421675,22.21856111664453,0 72.42393559421987,22.23135211665647,0 72.42546709422129,22.23415286665903,0 72.42837334422404,22.23573911666051,0 72.42936109422493,22.23458311665945,0 72.42922784422484,22.23097636665608,0 72.42697609422271,22.22217711664791,0 72.42494034422083,22.21448336664071,0 72.42505509422091,22.20722911663398,0 72.42541659422125,22.20632986663315,0 72.42928434422487,22.20497036663187,0 72.43548734423064,22.20466086663157,0 72.44770809424205,22.20901486663564,0 72.45702284425073,22.21398561664029,0 72.46313884425638,22.21795061664398,0 72.47015059426292,22.22386336664948,0 72.4727200942653,22.20347736663046,0 72.47831059427051,22.20538036663225,0 72.48218109427415,22.20668386663346,0 72.48735559427894,22.20816486663483,0 72.4879548442795,22.21476536664102,0 72.48864184428015,22.22208461664781,0 72.48869259428022,22.22275311664844,0 72.49260734428384,22.23474511665961,0 72.4929925942842,22.24444186666863,0 72.49046784428185,22.24853411667243,0 72.49059984428197,22.25530486667872,0 72.49485584428595,22.26274361668566,0 72.49680184428775,22.26378061668662,0 72.50434034429475,22.27224386669451,0 72.51232284430222,22.2758543666979,0 72.51622334430584,22.27654311669852,0 72.52638134431533,22.27219636669446,0 72.53656309432478,22.2617703666848,0 72.54589384433348,22.26005486668316,0 72.54917034433652,22.26038911668348,0 72.54970784433704,22.26064611668374,0 72.55863584434536,22.26466261668747,0 72.56473359435103,22.27056286669296,0 72.57005359435595,22.27574011669777,0 72.57320984435893,22.27798536669985,0 72.58146859436658,22.28182686670346,0 72.59057034437507,22.28408211670558,0 72.59239334437677,22.28451036670595,0 72.59783759438187,22.28528161670664,0 72.62342109440567,22.28576386670711,0 72.65087934443125,22.28165236670327,0 72.65397584443411,22.28118986670285,0 72.69390334447132,22.27034736669276,0 72.69515609447251,22.26999311669243,0 72.71539584449135,22.2605343666836,0 72.7272748445024,22.25487011667832,0 72.72845659450348,22.25440836667792,0 72.72728434450238,22.2505518666743,0 72.72683509450201,22.24905536667291,0 72.72732059450243,22.24793336667188,0 72.73596909451049,22.24085486666531,0 72.74473334451864,22.23363161665856,0 72.75223409452565,22.23066836665583,0 72.76021809453306,22.23225611665731,0 72.77213609454418,22.23809436666273,0 72.7818030945532,22.24630361667038,0 72.78851734455941,22.25114986667489,0 72.78923309456007,22.25172786667542,0 72.79063159456138,22.24961686667347,0 72.79509484456554,22.25096786667473,0 72.81259109458188,22.25301961667662,0 72.81996134458871,22.25725961668059,0 72.82718684459547,22.26450886668732,0 72.84054509460788,22.27359436669576,0 72.84564909461267,22.27389111669606,0 72.84886609461563,22.27242786669467,0 72.86543709463109,22.27229561669458,0 72.87636134464123,22.26800136669056,0 72.89056234465448,22.26034136668346,0 72.89832334466172,22.25906536668225,0 72.90737234467014,22.26001536668315,0 72.91294484467534,22.26354186668641,0 72.91723734467934,22.27073911669311,0 72.91586434467803,22.2747971166969,0 72.91403559467631,22.28040786670215,0 72.91548184467769,22.2807246167024,0 72.91659409467871,22.28071661670242,0 72.91902309468099,22.28025436670197,0 72.92021609468208,22.27820411670007,0 72.92126934468308,22.27185861669414,0 72.92142934468319,22.2688521166914,0 72.92142134468321,22.26680086668944,0 72.92139934468321,22.2629906166859,0 72.92132284468312,22.26207236668506,0 72.92070284468252,22.2611768666842,0 72.92043309468227,22.25219336667584,0 72.91990584468181,22.25063161667441,0 72.9191620946811,22.24841011667235,0 72.9142070946765,22.23979011666432,0 72.90519134466808,22.23463661665949,0 72.88555459464982,22.23233611665734,0 72.87207309463724,22.22627436665169,0 72.8667713446323,22.22118511664695,0 72.86398334462973,22.21852561664451,0 72.86062109462659,22.21527686664149,0 72.8459058446129,22.19550336662303,0 72.84416209461125,22.19236286662016,0 72.84364534461076,22.18628036661449,0 72.84351909461066,22.184693616613,0 72.84565559461265,22.17877811660748,0 72.84575909461273,22.17561461660455,0 72.84504334461207,22.17494461660391,0 72.84165309460894,22.17654711660537,0 72.83463484460236,22.17521661660419,0 72.82257259459112,22.16384836659358,0 72.80815609457773,22.15971586658975,0 72.79988559457001,22.15521786658553,0 72.77398984454589,22.1602981165903,0 72.7565950945297,22.16963011659897,0 72.73446884450908,22.17687561660568,0 72.73286684450761,22.17738611660615,0 72.7183505944941,22.18487061661318,0 72.70658759448315,22.18757811661567,0 72.70520734448183,22.18792636661601,0 72.70058709447756,22.18980036661776,0 72.69820009447534,22.19044786661835,0 72.67890959445737,22.20106936662825,0 72.67137884445032,22.20293061663,0 72.66772759444694,22.19993761662721,0 72.66169359444132,22.2006148666278,0 72.66170159444135,22.20201886662915,0 72.66220234444177,22.20585011663269,0 72.66319384444273,22.20697211663372,0 72.66319684444272,22.20832961663501,0 72.6623400944419,22.20891261663553,0 72.66196984444156,22.20924961663587,0 72.65695534443688,22.21119986663768,0 72.65259659443285,22.21164961663811,0 72.65216059443242,22.21302486663939,0 72.65083059443123,22.21334961663968,0 72.63938359442056,22.2154246166416,0 72.63679734441814,22.215863366642,0 72.60916309439239,22.21187161663829,0 72.59651459438061,22.20694311663375,0 72.59433734437857,22.20579236663263,0 72.592619844377,22.19856411662591,0 72.59139234437583,22.1981258666255,0 72.58536259437022,22.20108211662825,0 72.58196584436706,22.19996586662722,0 72.57954709436484,22.19748961662492,0 72.57638109436186,22.19317911662091,0 72.57591209436146,22.19184711661967,0 72.575440594361,22.19012086661803,0 72.57466709436028,22.18752461661564,0 72.56787259435396,22.18572511661392,0 72.56616934435237,22.18460411661288,0 72.56594034435216,22.18419186661254,0 72.56383809435016,22.17845386660719,0 72.55864284434534,22.16819386659762,0 72.55564484434257,22.16308011659288,0 72.55522684434214,22.16225061659207,0 72.55472159434169,22.15703111658723,0 72.5566600943435,22.15613786658639,0 72.55739809434419,22.15590686658618,0 72.55821584434494,22.15679761658703,0 72.56295434434935,22.16223461659206,0 72.56345384434985,22.16245961659229,0 72.56660509435278,22.16312636659291,0 72.56659484435278,22.16243436659227,0 72.56428984435058,22.15443711658481,0 72.56071309434725,22.15058986658124,0 72.55467684434166,22.14143861657271,0 72.55480134434174,22.13915861657057,0 72.55553909434246,22.13892761657036,0 72.55561859434255,22.13125511656324,0 72.56092734434748,22.12784086656006,0 72.56606234435225,22.13325361656507,0 72.56942534435541,22.13370461656553,0 72.57040859435631,22.13324836656506,0 72.57041334435633,22.13168161656364,0 72.56576684435197,22.12716411655941,0 72.56574984435196,22.12039261655309,0 72.56454509435082,22.11926636655204,0 72.56188409434839,22.11769061655059,0 72.55607634434296,22.11883086655166,0 72.55439159434138,22.12289136655545,0 72.54955184433686,22.12697161655922,0 72.5459063443335,22.12561861655798,0 72.54361284433134,22.12406286655653,0 72.54338984433116,22.12289511655542,0 72.54251359433033,22.11816661655104,0 72.54905484433641,22.11408311654725,0 72.56432659435063,22.11085811654425,0 72.5674225943535,22.1102131165436,0 72.57494459436055,22.11674286654972,0 72.57583109436138,22.12532936655771,0 72.57885834436416,22.12646886655875,0 72.58100359436617,22.1185431165514,0 72.578696344364,22.10983636654328,0 72.57772884436309,22.10871261654222,0 72.57299934435872,22.10702361654063,0 72.57225284435805,22.10295636653689,0 72.5709238443568,22.10105436653509,0 72.56401009435035,22.10095611653503,0 72.56254909434898,22.09981261653394,0 72.56197434434847,22.09594736653031,0 72.56215409434861,22.08850361652338,0 72.57145059435726,22.07900111651458,0 72.57241859435817,22.07242786650841,0 72.57121534435703,22.07084086650696,0 72.56710009435324,22.0710808665072,0 72.56601834435219,22.07193561650798,0 72.56423559435058,22.07320061650916,0 72.56217034434866,22.07465661651048,0 72.55718634434396,22.07857061651412,0 72.55591009434278,22.0803191165158,0 72.55534809434226,22.08142061651683,0 72.55372934434075,22.08480686651995,0 72.54992734433722,22.08853461652341,0 72.54871859433609,22.08922386652409,0 72.54606309433365,22.08900086652386,0 72.54340134433113,22.0871941165222,0 72.54339909433116,22.08583886652093,0 72.5473048443348,22.08302886651831,0 72.5484810943359,22.08221811651754,0 72.5484708443359,22.07495386651077,0 72.54664334433414,22.07326211650923,0 72.54033834432829,22.07361436650956,0 72.53741009432559,22.07249736650851,0 72.53727634432545,22.06776661650412,0 72.53948309432752,22.06504561650155,0 72.53873434432683,22.05825411649521,0 72.54092084432887,22.05688961649395,0 72.54177884432966,22.0568421164939,0 72.54780459433528,22.05699686649405,0 72.54925909433661,22.05563061649281,0 72.54535684433296,22.04895311648659,0 72.54047459432843,22.03742961647584,0 72.54059384432855,22.03358936647225,0 72.54348459433123,22.02839261646744,0 72.54687609433438,22.02746786646656,0 72.54857684433597,22.02746411646654,0 72.54906409433642,22.02771636646679,0 72.55682034434363,22.03154411647034,0 72.55936034434603,22.03626886647475,0 72.56044684434704,22.0367233664752,0 72.56532059435159,22.03625386647474,0 72.567967094354,22.03399436647265,0 72.56773034435383,22.02765711646674,0 72.57764184436303,22.02694861646609,0 72.57930984436462,22.02581636646505,0 72.57846359436382,22.02391036646327,0 72.57593284436143,22.02199086646146,0 72.5641015943504,22.01950736645915,0 72.5558290943427,22.01773561645751,0 72.55388709434089,22.01637686645626,0 72.55436159434134,22.01254286645263,0 72.55254009433969,22.01119236645138,0 72.55199984433915,22.01087086645112,0 72.55109184433832,22.01027986645056,0 72.55133359433853,22.00802411644844,0 72.55191484433908,22.00531286644593,0 72.55082884433807,22.00485611644552,0 72.54962684433696,22.0043936164451,0 72.55117684433839,21.9967203664379,0 72.55622859434311,21.99060011643223,0 72.55646584434334,21.98811636642989,0 72.55444809434147,21.98483436642687,0 72.5497845943371,21.98088961642316,0 72.54940959433674,21.97500636641769,0 72.55741434434418,21.9727376164156,0 72.55836684434507,21.97183986641477,0 72.55931934434597,21.96933336641241,0 72.55353709434058,21.96369511640717,0 72.55037134433763,21.95805461640191,0 72.54913559433652,21.95488736639897,0 72.54307484433087,21.94743061639202,0 72.54328859433105,21.94583736639055,0 72.54838259433581,21.93746611638272,0 72.55297009434008,21.93431461637983,0 72.55690234434371,21.93396011637946,0 72.56389009435026,21.93456286638002,0 72.56821384435426,21.93492561638039,0 72.58640859437122,21.94039936638546,0 72.5880060943727,21.93979811638491,0 72.58867609437334,21.93996011638507,0 72.59338309437771,21.93760586638285,0 72.60008809438392,21.94585686639056,0 72.60388684438749,21.94888911639339,0 72.60590384438939,21.94987036639429,0 72.60757434439091,21.95082336639518,0 72.61151559439458,21.95228836639654,0 72.61847734440107,21.95411536639824,0 72.63365459441519,21.95700686640094,0 72.63415309441569,21.96195086640551,0 72.63411684441564,21.96413586640756,0 72.63384734441536,21.96691311641018,0 72.63205359441372,21.97211636641504,0 72.63036259441213,21.97460311641731,0 72.63085184441258,21.97618236641882,0 72.64258309442351,21.97797136642049,0 72.64646209442714,21.98365836642575,0 72.64842009442896,21.98654661642843,0 72.65388609443403,21.98777136642957,0 72.65875984443858,21.97528411641798,0 72.66019309443993,21.96983986641289,0 72.66270459444229,21.9641551164076,0 72.66526184444461,21.96476561640816,0 72.67113884445013,21.96391986640737,0 72.6765088444551,21.96405836640753,0 72.67559259445426,21.96693561641018,0 72.67471134445344,21.97391861641671,0 72.67525784445394,21.97528161641793,0 72.67653984445514,21.97630236641891,0 72.67944834445785,21.97628911641891,0 72.68188634446011,21.97492561641764,0 72.68511909446312,21.97201786641495,0 72.68951759446725,21.96968711641273,0 72.69217584446972,21.96990561641298,0 72.69422759447161,21.97263411641552,0 72.69683309447407,21.98846136643022,0 72.6981690944753,21.98900536643072,0 72.70261784447945,21.98915836643089,0 72.71231759448847,21.98795861642975,0 72.71352859448962,21.9886231164304,0 72.71668784449253,21.99108436643269,0 72.71730959449309,21.99234961643384,0 72.71887434449457,21.99652186643771,0 72.72289059449832,21.99957511644061,0 72.7312260945061,22.00076036644168,0 72.73390484450857,22.00008511644108,0 72.74862609452231,21.99078561643239,0 72.75296784452632,21.99010236643176,0 72.76169309453445,21.98779536642963,0 72.76436409453692,21.98671361642863,0 72.76991134454209,21.98391711642603,0 72.77265709454468,21.97595861641861,0 72.77264534454463,21.97258236641545,0 72.77395734454586,21.96786411641108,0 72.77449409454636,21.9673991164106,0 72.7823803445537,21.96059211640426,0 72.78332734455461,21.95765336640152,0 72.78138084455281,21.9565303664005,0 72.77538984454719,21.95789811640179,0 72.77030484454247,21.95905086640283,0 72.76822509454053,21.96146961640511,0 72.76588634453833,21.96702136641028,0 72.76371109453635,21.97646311641904,0 72.76239534453509,21.97828261642076,0 72.75573409452892,21.97946086642185,0 72.75463084452787,21.97899536642143,0 72.75169959452512,21.9672483664105,0 72.74814684452184,21.96126411640489,0 72.73978309451405,21.9539356163981,0 72.73323134450794,21.95012036639452,0 72.72983209450479,21.94865686639315,0 72.72911384450413,21.94833661639285,0 72.72205384449751,21.93908361638427,0 72.70966309448602,21.92417886637037,0 72.70640934448295,21.92082336636724,0 72.70430684448098,21.91866411636522,0 72.70336984448011,21.91765786636427,0 72.70336884448011,21.916300616363,0 72.70577084448234,21.91560111636238,0 72.7186075944943,21.91735961636402,0 72.72462609449991,21.91623511636294,0 72.72638384450158,21.89305261634138,0 72.72552009450078,21.8922438663406,0 72.71390534448994,21.89453561634275,0 72.70228034447911,21.89286761634122,0 72.69116784446879,21.89122361633968,0 72.69340259447085,21.90364536635127,0 72.69294759447041,21.90659111635399,0 72.68180834446008,21.91183461635887,0 72.68084559445913,21.91342611636037,0 72.67964834445803,21.91319536636013,0 72.67561909445431,21.90755936635486,0 72.67644359445507,21.89622611634434,0 72.67570734445439,21.89463961634283,0 72.674254344453,21.89377636634202,0 72.67269884445159,21.89435286634261,0 72.67199559445089,21.89412511634237,0 72.66436459444378,21.8976068663456,0 72.659176844439,21.89664261634471,0 72.65831784443816,21.89606386634421,0 72.65902559443884,21.88790686633661,0 72.65025459443069,21.87460411632418,0 72.64784909442841,21.8723323663221,0 72.63647459441785,21.87328661632295,0 72.63067659441242,21.87283511632256,0 72.62915009441099,21.87205786632183,0 72.62757884440953,21.87137736632121,0 72.62486459440703,21.86924461631918,0 72.62461684440677,21.86855511631859,0 72.62436634440655,21.86651061631664,0 72.63207534441375,21.86470536631498,0 72.63303884441461,21.85813261630886,0 72.64559959442636,21.85201286630314,0 72.65981159443959,21.84087136629279,0 72.65980759443954,21.83815911629023,0 72.65859409443846,21.83704261628924,0 72.64871084442922,21.84271986629448,0 72.64701709442767,21.84251286629432,0 72.63830159441954,21.83530436628757,0 72.63758584441888,21.83372086628611,0 72.63080284441253,21.83282036628526,0 72.62935309441121,21.83169661628426,0 72.62909784441098,21.82806436628085,0 72.63790309441919,21.8252363662782,0 72.63789509441915,21.82273611627591,0 72.63762659441892,21.82136136627463,0 72.63315934441476,21.81472836626841,0 72.62105709440345,21.80728636626151,0 72.60857109439183,21.80357561625805,0 72.59710784438118,21.80734486626153,0 72.59495134437918,21.80642561626069,0 72.59480734437903,21.80057061625524,0 72.5956395943798,21.79875886625354,0 72.59951609438343,21.79647236625141,0 72.5988880943828,21.79171811624702,0 72.59876934438273,21.77349361623004,0 72.59858384438252,21.77126811622793,0 72.59701109438106,21.76980611622662,0 72.59104709437554,21.76852911622541,0 72.58989434437444,21.76823736622515,0 72.59001459437457,21.76710961622411,0 72.5892875943739,21.76416611622136,0 72.59071659437524,21.76336086622058,0 72.59963359438353,21.75796736621555,0 72.60249959438619,21.75568436621342,0 72.60328309438694,21.75508686621288,0 72.60398284438759,21.75168136620971,0 72.60386209438747,21.75101861620908,0 72.5984165943824,21.74378836620235,0 72.59310559437745,21.7415736162003,0 72.592619344377,21.74132161620009,0 72.59091784437538,21.73974036619859,0 72.58859534437323,21.73351561619279,0 72.58144884436661,21.7309383661904,0 72.57852284436387,21.72916986618873,0 72.57759184436298,21.72866761618826,0 72.56697684435312,21.73388836619313,0 72.56370584435007,21.73325011619255,0 72.56287084434928,21.73210061619147,0 72.56334609434975,21.72714036618686,0 72.57446334436008,21.72302061618301,0 72.58046009436566,21.71825886617858,0 72.58105684436623,21.71283461617355,0 72.57986984436513,21.70927161617022,0 72.57852034436388,21.70718911616826,0 72.57633434436184,21.70629586616747,0 72.57197009435777,21.70900911616997,0 72.56426359435056,21.70925311617021,0 72.56063809434721,21.7128943661736,0 72.55823884434494,21.71154536617234,0 72.55070259433796,21.70251211616392,0 72.54734084433483,21.70409911616543,0 72.54591334433348,21.72037336618057,0 72.5416050943295,21.72446661618437,0 72.53819409432629,21.72382761618377,0 72.53559684432389,21.72371036618364,0 72.53484684432317,21.7220213661821,0 72.53331709432177,21.71956311617981,0 72.53240509432089,21.71660086617703,0 72.53320284432164,21.71019361617107,0 72.53376284432215,21.69815511615986,0 72.53404209432244,21.69249861615458,0 72.53534284432362,21.67978486614278,0 72.53558059432385,21.67811236614119,0 72.54097459432887,21.66475611612879,0 72.54795834433537,21.66090636612518,0 72.55024009433754,21.66087411612517,0 72.55222584433938,21.66071186612498,0 72.55666459434349,21.66088986612516,0 72.55909709434576,21.66150311612574,0 72.5626575943491,21.66374586612784,0 72.56379284435013,21.66494236612892,0 72.5687755943548,21.66687936613073,0 72.57128184435715,21.66797761613173,0 72.57717584436261,21.67277261613623,0 72.58096459436615,21.67609036613931,0 72.59941309438329,21.68374411614644,0 72.60051984438434,21.68470861614736,0 72.60113809438491,21.68572486614829,0 72.60158409438532,21.69024661615247,0 72.60554059438903,21.69283711615492,0 72.60694009439032,21.6931546161552,0 72.61011234439326,21.6931213661552,0 72.61419509439708,21.68833111615072,0 72.61985484440237,21.6861826161487,0 72.62196684440431,21.68592661614849,0 72.62221284440454,21.68523136614784,0 72.62414884440636,21.68490911614754,0 72.62487384440703,21.68481561614744,0 72.62463934440683,21.68548386614805,0 72.62545059440754,21.68547961614808,0 72.63336709441495,21.684358116147,0 72.63435209441587,21.68481636614746,0 72.63599434441738,21.69193986615409,0 72.63790084441916,21.70024886616182,0 72.64220759442316,21.70395686616525,0 72.64276284442371,21.7009933661625,0 72.64500934442577,21.69754586615932,0 72.64450309442532,21.69191561615406,0 72.64387234442472,21.68375636614644,0 72.64555484442627,21.68306911614582,0 72.65063059443099,21.68169486614454,0 72.65281959443303,21.68169336614454,0 72.65475934443486,21.68258061614534,0 72.65597384443601,21.68868761615107,0 72.65887884443868,21.69003886615229,0 72.66032409444006,21.68914161615147,0 72.66032109444006,21.68778436615019,0 72.66200459444161,21.6861938661487,0 72.66693509444622,21.68583486614841,0 72.67217634445109,21.68888011615121,0 72.67614184445478,21.68778736615019,0 72.69192509446947,21.68340711614616,0 72.69362484447106,21.68475661614741,0 72.69339309447082,21.6867981161493,0 72.68889459446666,21.69318061615525,0 72.68741184446526,21.69697461615874,0 72.68717409446504,21.69991886616151,0 72.68911634446687,21.70037261616193,0 72.70187559447874,21.69399211615599,0 72.70306959447987,21.69037536615264,0 72.7025938444794,21.68677661614925,0 72.70197584447885,21.68574211614828,0 72.70341884448015,21.68461411614727,0 72.71364634448969,21.6846553661473,0 72.71947159449513,21.68562361614817,0 72.72599934450119,21.68691111614941,0 72.73422184450885,21.68982611615212,0 72.73452034450912,21.69035886615262,0 72.73508459450966,21.69129861615346,0 72.73629459451081,21.69264461615472,0 72.73618409451069,21.69380061615579,0 72.73412209450879,21.6951593661571,0 72.73352834450822,21.69546486615735,0 72.73157584450638,21.69640511615825,0 72.73157684450638,21.69709861615889,0 72.73566009451019,21.70105786616255,0 72.73854534451289,21.70385336616516,0 72.7398418445141,21.70184936616329,0 72.74391709451788,21.69567761615758,0 72.74920034452282,21.69182436615397,0 72.74974484452332,21.68771736615014,0 72.74984234452342,21.68603561614856,0 72.75061159452412,21.68254086614531,0 72.75134484452479,21.68194036614478,0 72.75379234452708,21.68010911614306,0 72.75688034452997,21.6777901161409,0 72.77374434454566,21.66890811613262,0 72.77744609454913,21.66832536613208,0 72.79098234456171,21.66646986613034,0 72.79519809456565,21.6663121161302,0 72.80077359457084,21.66656961613046,0 72.82206759459069,21.67235036613584,0 72.82351209459205,21.67370236613709,0 72.83998934460737,21.68166036614451,0 72.84056234460792,21.6830423661458,0 72.84127109460854,21.68338011614611,0 72.84167059460896,21.68428136614693,0 72.84506609461209,21.68697911614948,0 72.87272109463788,21.69287261615494,0 72.87891859464361,21.69213136615422,0 72.88644334465062,21.69150761615368,0 72.89214209465592,21.69014811615239,0 72.90140084466458,21.68543111614804,0 72.91707884467917,21.68269761614545,0 72.93634759469711,21.68060311614352,0 72.94419409470441,21.68057686614349,0 72.94918634470906,21.6805548661435,0 72.95775809471706,21.68319061614591,0 72.96776434472639,21.68647536614901,0 72.97632184473434,21.68643461614897,0 72.97775209473565,21.68443511614708,0 72.97774459473567,21.68309861614586,0 72.977006344735,21.68108986614396,0 72.97272009473096,21.67910936614214,0 72.95915634471834,21.6764968661397,0 72.95057284471034,21.67385861613724,0 72.94271359470304,21.67054636613415,0 72.9370053446977,21.66991036613354,0 72.93415084469507,21.66992161613359,0 72.92487484468643,21.67128761613486,0 72.91631584467848,21.67132511613488,0 72.90917234467179,21.67002136613366,0 72.90274659466581,21.66738286613122,0 72.89845984466183,21.6667176161306,0 72.89346559465719,21.66673786613063,0 72.88777159465189,21.66876361613248,0 72.88420309464857,21.67144936613499,0 72.87884159464357,21.67534036613865,0 72.86868334463412,21.67895786614201,0 72.85369959462014,21.67633111613952,0 72.84461134461168,21.67195311613546,0 72.83837784460587,21.66611636613004,0 72.83751609460506,21.66488211612887,0 72.83163934459958,21.65649086612109,0 72.8289748445971,21.65252136611736,0 72.82732334459558,21.64832361611343,0 72.82626709459458,21.64256711610807,0 72.8262620945946,21.63867811610447,0 72.82590834459427,21.63553961610153,0 72.82561534459398,21.63110486609741,0 72.82426234459274,21.62306961608994,0 72.82297784459155,21.62001136608711,0 72.82262484459119,21.61939086608652,0 72.81984109458858,21.61450786608196,0 72.81831084458719,21.61266336608026,0 72.81564709458468,21.60942861607725,0 72.80681684457647,21.60299886607122,0 72.79942459456959,21.60123786606959,0 72.78439159455559,21.59946986606797,0 72.77246134454447,21.58381286605339,0 72.75708859453016,21.5711591160416,0 72.749410594523,21.56272661603372,0 72.74021184451442,21.55264211602434,0 72.73459134450923,21.54551961601772,0 72.73325959450796,21.54216586601461,0 72.73319534450792,21.53833386601104,0 72.73317434450792,21.53692761600974,0 72.73682709451128,21.53967261601224,0 72.74503459451893,21.54395036601625,0 72.74770709452145,21.54460436601687,0 72.74890609452257,21.54393886601622,0 72.74914409452276,21.54211886601455,0 72.74429834451826,21.53760511601036,0 72.74452059451846,21.53625211600911,0 72.74588559451973,21.53507386600797,0 72.74707759452082,21.53309961600615,0 72.74741284452114,21.52946911600276,0 72.74593809451977,21.52857561600195,0 72.7447625945187,21.52917536600251,0 72.74404884451803,21.52894761600225,0 72.73634459451085,21.53333286600639,0 72.72366584449901,21.53077111600396,0 72.71919434449489,21.5274796160009,0 72.71771359449349,21.52638261599986,0 72.70929384448567,21.52753211600094,0 72.70787034448432,21.52718686600065,0 72.70134634447822,21.5256218659992,0 72.69995934447695,21.52252986599632,0 72.69694434447416,21.51580661599002,0 72.69403559447142,21.50926336598394,0 72.68020059445854,21.48963636596568,0 72.67603959445466,21.48284086595936,0 72.67198209445093,21.47653861595348,0 72.67029859444932,21.47246661594965,0 72.67169384445066,21.46477161594248,0 72.6790595944575,21.46215636594008,0 72.68110084445937,21.4622648659402,0 72.68519359446321,21.46429761594208,0 72.69561559447288,21.4735303659507,0 72.70825109448469,21.47361136595072,0 72.71040859448669,21.47291436595008,0 72.71163434448783,21.47438111595147,0 72.70984059448614,21.4809561159576,0 72.71055759448683,21.48254361595906,0 72.71200309448818,21.48297536595947,0 72.72093859449649,21.48090411595752,0 72.72749234450259,21.49085461596678,0 72.73064234450555,21.49309636596888,0 72.73233309450711,21.49332086596911,0 72.73399559450866,21.48495611596132,0 72.73567809451021,21.48425886596067,0 72.74314909451721,21.48423711596064,0 72.7443483445183,21.48333436595982,0 72.74700309452078,21.47655411595348,0 72.75012234452367,21.47291061595007,0 72.76740634453978,21.45703061593531,0 72.76742534453979,21.4559236159343,0 72.76751434453985,21.45183461593047,0 72.76630134453876,21.45071186592941,0 72.76480984453735,21.44785286592673,0 72.76041284453328,21.43943161591892,0 72.75621784452937,21.43128711591134,0 72.74437009451833,21.41978811590058,0 72.74292459451698,21.4207111159015,0 72.74219634451629,21.42071286590147,0 72.74141809451555,21.42211261590279,0 72.74053934451473,21.42368261590423,0 72.73795334451233,21.4272663659076,0 72.73222659450698,21.43827686591783,0 72.72837184450344,21.4415618659209,0 72.72372209449907,21.44266836592192,0 72.71945559449512,21.44267136592191,0 72.71868884449441,21.44376761592292,0 72.71907609449477,21.44486211592397,0 72.72025509449588,21.44739561592633,0 72.72645109450161,21.44992761592869,0 72.72840784450347,21.45210236593073,0 72.72841434450345,21.45537586593377,0 72.72726484450237,21.4575663659358,0 72.72455784449988,21.45975261593781,0 72.72223309449771,21.46085411593885,0 72.71896034449463,21.46076261593879,0 72.70349659448027,21.4590316159372,0 72.69939909447646,21.45428561593275,0 72.69608359447335,21.43916061591864,0 72.6895038444672,21.43269511591262,0 72.68338834446155,21.43077586591085,0 72.67680009445542,21.42824586590848,0 72.67251834445142,21.42317236590378,0 72.67028484444933,21.41856461589947,0 72.6659455944453,21.40922861589076,0 72.66308309444264,21.40125936588334,0 72.65594709443599,21.39089036587371,0 72.64999359443044,21.38001936586357,0 72.64969009443013,21.37654936586034,0 72.65104734443139,21.36433136584895,0 72.6521960944325,21.35704636584216,0 72.65335534443358,21.35596511584117,0 72.65451609443465,21.35596411584118,0 72.65645634443644,21.35777286584284,0 72.65880384443864,21.36467586584928,0 72.65997909443973,21.37157236585568,0 72.66192459444153,21.37302411585705,0 72.66463259444407,21.37301561585707,0 72.66925684444834,21.3722048658563,0 72.67115909445016,21.36992486585416,0 72.67426084445304,21.35711711584224,0 72.67907834445754,21.35529486584056,0 72.68347784446161,21.35976111584472,0 72.68548084446348,21.36163936584649,0 72.68644309446438,21.36264661584739,0 72.69283609447035,21.36589461585044,0 72.69402359447145,21.36806911585245,0 72.69648484447373,21.37296161585698,0 72.69697784447419,21.37378486585777,0 72.70012134447711,21.37625936586005,0 72.70167734447858,21.37400386585796,0 72.70239559447924,21.37400186585796,0 72.70176334447865,21.36805136585241,0 72.69934884447639,21.36431536584894,0 72.69924959447627,21.36238036584718,0 72.69909034447613,21.35863636584367,0 72.70685334448336,21.35378911583916,0 72.71399384449001,21.35067136583626,0 72.71678834449261,21.34592811583184,0 72.72455184449984,21.33899336582538,0 72.72466459449998,21.33708236582356,0 72.72126884449682,21.3370928658236,0 72.71718234449298,21.33838986582481,0 72.7079390944844,21.34006761582634,0 72.70434209448104,21.34028911582658,0 72.69615859447345,21.34506486583104,0 72.6939735944714,21.34394286583,0 72.69286484447036,21.33661711582317,0 72.68961034446733,21.33536486582198,0 72.68408134446219,21.33629336582288,0 72.68286584446105,21.3371971158237,0 72.68142559445971,21.34060036582684,0 72.67784809445635,21.34649561583234,0 72.67665159445522,21.34785161583363,0 72.67398009445276,21.34716861583297,0 72.67326734445209,21.34694036583279,0 72.66990759444894,21.34311411582923,0 72.66890684444803,21.33656961582313,0 72.66394709444342,21.33044236581742,0 72.66475934444418,21.32299811581049,0 72.66959209444866,21.31756086580543,0 72.67409859445286,21.30374161579255,0 72.67445234445319,21.30126436579025,0 72.67337309445219,21.29967536578874,0 72.66352759444305,21.30466061579341,0 72.66160209444121,21.31351286580161,0 72.65969709443948,21.31554361580351,0 72.65660034443658,21.32030536580794,0 72.65587284443592,21.32281511581033,0 72.65331459443354,21.32682011581403,0 72.64970984443016,21.32427336581168,0 72.64695484442757,21.31940986580713,0 72.64622134442692,21.31920561580693,0 72.63848984441972,21.3221646158097,0 72.6370885944184,21.31736486580525,0 72.63751284441878,21.31469761580275,0 72.63678284441812,21.31403286580213,0 72.63269959441431,21.31540136580339,0 72.631258094413,21.31630036580424,0 72.62685334440886,21.31656111580446,0 72.6243085944065,21.31511861580316,0 72.62275234440506,21.3115616157998,0 72.62583209440794,21.3076981157962,0 72.62488534440706,21.30286961579174,0 72.62387459440612,21.30089911578989,0 72.62205434440438,21.29890486578802,0 72.62302584440533,21.29506661578444,0 72.62446759440667,21.29393961578341,0 72.62950534441131,21.29254686578213,0 72.63325284441481,21.29559161578493,0 72.63361234441516,21.29954336578863,0 72.63579184441721,21.30043336578944,0 72.63821284441946,21.29999461578905,0 72.64144259442247,21.29096011578065,0 72.64482509442558,21.28561636577564,0 72.64705659442768,21.27802761576856,0 72.65149534443179,21.27475536576554,0 72.65090834443129,21.27236586576333,0 72.64884784442938,21.27119611576223,0 72.64633159442701,21.27035661576144,0 72.64462909442545,21.26854586575973,0 72.64314859442408,21.26085386575261,0 72.63491609441638,21.24792961574059,0 72.63444459441592,21.24708886573979,0 72.63468259441618,21.24414286573705,0 72.63661484441798,21.24368261573659,0 72.64578359442652,21.24977036574228,0 72.65171284443204,21.24437611573723,0 72.6521225944324,21.24398636573687,0 72.65454209443465,21.24328936573625,0 72.65574209443577,21.24384311573675,0 72.6628523444424,21.2472448657399,0 72.66406884444353,21.24701661573971,0 72.66456359444402,21.2465593657393,0 72.66587134444524,21.24473211573758,0 72.66537984444477,21.24292086573588,0 72.66463434444404,21.23998011573315,0 72.66477534444419,21.23894586573221,0 72.66666809444592,21.23207336572579,0 72.66978034444884,21.22756586572159,0 72.67339884445221,21.22686036572093,0 72.67776259445628,21.2289663657229,0 72.67905784445747,21.22944186572335,0 72.68123784445953,21.22826986572226,0 72.68926009446699,21.22162886571607,0 72.7007873444777,21.21683961571159,0 72.70103034447794,21.2147991157097,0 72.69788384447503,21.21209411570721,0 72.69787809447502,21.20869211570403,0 72.69956609447661,21.2077908657032,0 72.71016859448645,21.20664086570212,0 72.71569184449163,21.20691811570237,0 72.71956284449521,21.20713811570255,0 72.72614784450133,21.20744361570286,0 72.72631734450152,21.20477086570036,0 72.71693434449276,21.20465236570027,0 72.71079809448707,21.20427386569991,0 72.7016213444785,21.20486661570044,0 72.69907784447611,21.20440436570005,0 72.68940084446712,21.21012911570535,0 72.68015859445853,21.21162936570676,0 72.67322809445204,21.22232136571671,0 72.66290934444243,21.2286328657226,0 72.65529084443534,21.22815886572215,0 72.64747034442809,21.22002561571458,0 72.63843259441967,21.21876286571342,0 72.63148359441317,21.21889186571354,0 72.63133609441303,21.21889136571349,0 72.62112209440352,21.21907386571371,0 72.60869159439198,21.21343661570841,0 72.61315484439609,21.20391111569956,0 72.61431809439722,21.18272336567981,0 72.61480584439767,21.1546876156537,0 72.61507559439792,21.15201786565126,0 72.61611434439885,21.15038761564972,0 72.61586059439861,21.13586986563621,0 72.61881459440139,21.11297486561488,0 72.62057759440302,21.09920861560204,0 72.62381384440602,21.09087186559429,0 72.62674009440877,21.08535711558914,0 72.63140809441313,21.08204461558608,0 72.6457685944265,21.07771511558201,0 72.6460055944267,21.07658661558099,0 72.64805284442861,21.0752913655798,0 72.65059659443097,21.07574536558019,0 72.65345784443366,21.07627236558068,0 72.65539234443543,21.07762236558193,0 72.65607609443606,21.07865311558288,0 72.65787959443776,21.08315386558712,0 72.66288259444241,21.09005661559355,0 72.66534459444472,21.09857161560149,0 72.66488559444429,21.0996776156025,0 72.70198084447884,21.09565811559872,0 72.69871434447577,21.09237636559567,0 72.69264084447013,21.08101936558512,0 72.69216709446971,21.07840536558268,0 72.69323284447069,21.06578886557094,0 72.69408559447146,21.06443011556967,0 72.69622159447346,21.06262736556801,0 72.69703809447424,21.06205911556748,0 72.69910409447618,21.0614781155669,0 72.70607484448266,21.06364336556891,0 72.71140884448761,21.06528461557047,0 72.71523859449121,21.06568711557082,0 72.72799659450305,21.06684511557194,0 72.73581134451035,21.06366811556893,0 72.73695509451142,21.06316861556848,0 72.74408184451806,21.06116461556661,0 72.74467209451859,21.06100661556649,0 72.74551909451941,21.06068136556615,0 72.74839434452207,21.05862811556426,0 72.75441209452765,21.05249861555853,0 72.75427959452753,21.05102286555717,0 72.7415605945157,21.05159386555772,0 72.73804184451245,21.05201311555811,0 72.73244909450722,21.0526723655587,0 72.72956559450455,21.05304611555908,0 72.72776159450285,21.0532858655593,0 72.7255335945008,21.05324911555926,0 72.72129709449683,21.04852511555486,0 72.7213620944969,21.04061786554745,0 72.72201009449748,21.03446611554176,0 72.72219459449764,21.03351961554085,0 72.72670109450183,21.01215836552097,0 72.72777984450289,21.00712836551628,0 72.73412134450876,20.99580211550574,0 72.73679959451124,20.97463586548605,0 72.73776934451217,20.97242836548401,0 72.74002284451427,20.96675086547867,0 72.74369334451768,20.95780536547034,0 72.74615584451999,20.95081136546383,0 72.74913084452277,20.94546336545886,0 72.75543234452863,20.93128911544568,0 72.76308459453577,20.92115886543621,0 72.76432734453692,20.92025636543536,0 72.76757234453993,20.91859636543387,0 72.76811109454042,20.9183346154336,0 72.77025084454243,20.91832736543358,0 72.77243309454445,20.9203691154355,0 72.77303434454501,20.92286861543784,0 72.77378334454573,20.92911961544366,0 72.77404059454597,20.93190211544624,0 72.77306059454503,20.93261461544688,0 72.77224309454425,20.93420561544837,0 72.77351584454544,20.93661561545064,0 72.77881734455042,20.93962511545345,0 72.78031534455181,20.94038136545413,0 72.78653709455762,20.9440933654576,0 72.79066359456141,20.94640811545974,0 72.79893234456915,20.95026436546334,0 72.80636534457608,20.95412136546691,0 72.8133865945826,20.95604711546872,0 72.81792359458683,20.95641886546906,0 72.82122109458987,20.95640861546906,0 72.82823134459642,20.95637361546903,0 72.83564984460332,20.95441436546718,0 72.84182234460906,20.95128761546431,0 72.84428459461139,20.94972436546282,0 72.84509909461212,20.94816986546141,0 72.84468459461175,20.94622736545961,0 72.84303909461022,20.94506636545849,0 72.84055184460789,20.94469211545817,0 72.83890209460634,20.94469386545813,0 72.83354809460138,20.94665311545998,0 72.82944009459754,20.94900086546215,0 72.82737734459562,20.95056011546359,0 72.82408984459255,20.95057086546365,0 72.8203683445891,20.94863786546182,0 72.81292834458219,20.94400536545749,0 72.8067240945764,20.93936936545321,0 72.80134859457138,20.93627211545032,0 72.79764134456792,20.93512461544924,0 72.79227534456294,20.93397311544816,0 72.78773584455871,20.93321586544743,0 72.78341759455469,20.93267186544694,0 72.7824548445538,20.9319876154463,0 72.78171909455313,20.93029186544476,0 72.78229309455361,20.92780986544244,0 72.78231759455366,20.92664111544133,0 72.78251734455387,20.92010686543523,0 72.78220084455353,20.90044586541694,0 72.78792684455891,20.88458986540217,0 72.78981634456062,20.88210661539983,0 72.79577559456618,20.86931061538792,0 72.79887859456909,20.86500436538393,0 72.80271134457263,20.85786436537729,0 72.80389709457376,20.85533811537493,0 72.80481634457459,20.85257561537236,0 72.80534809457509,20.851132115371,0 72.8050988445749,20.84977086536975,0 72.80583159457558,20.84953911536951,0 72.806283844576,20.84766111536777,0 72.81163734458096,20.83766561535844,0 72.8167403445857,20.81981811534183,0 72.81763884458655,20.80375386532688,0 72.81984234458861,20.80150186532478,0 72.82369534459218,20.79302761531687,0 72.82545709459384,20.78075786530547,0 72.8343128446021,20.76906961529459,0 72.83690184460448,20.76139336528746,0 72.83523309460293,20.75735611528369,0 72.83496009460271,20.75009786527693,0 72.84305009461025,20.7374013652651,0 72.84919284461591,20.71047861523999,0 72.85361459462007,20.7004916152307,0 72.85918984462523,20.68783836521891,0 72.86251534462832,20.67810711520985,0 72.86866259463409,20.6550186151884,0 72.87087984463614,20.6501311151838,0 72.87478859463977,20.63460861516938,0 72.88200184464648,20.61085086514725,0 72.88507584464935,20.57216911511119,0 72.88398009464834,20.56585361510531,0 72.88348059464789,20.56291111510257,0 72.87820009464298,20.55647936509661,0 72.87663284464151,20.55567486509585,0 72.87263334463779,20.54824286508892,0 72.87204059463721,20.5457653650866,0 72.87178059463696,20.5410136150822,0 72.86999734463529,20.53623061507772,0 72.87053809463583,20.52994486507191,0 72.87069884463597,20.52122661506377,0 72.87234784463749,20.5070923650506,0 72.87053309463579,20.50404111504775,0 72.86742609463295,20.499989115044,0 72.86644809463201,20.49913911504319,0 72.8628613446287,20.49575011504004,0 72.85727209462345,20.49057811503525,0 72.85557309462189,20.48810761503291,0 72.85190909461846,20.4845281150296,0 72.85120534461782,20.48453136502957,0 72.8490230946158,20.48070286502605,0 72.84741459461429,20.47864186502409,0 72.84694484461386,20.47806911502357,0 72.84599209461294,20.47784411502335,0 72.84393684461105,20.47523911502094,0 72.85189984461846,20.47005961501611,0 72.85438684462076,20.4687283650149,0 72.85710784462333,20.46727511501354,0 72.87360709463866,20.46365086501015,0 72.88180409464633,20.46345011500994,0 72.88496209464927,20.45975461500649,0 72.88676209465092,20.4540151150012,0 72.88932884465333,20.449543364997,0 72.89266734465645,20.44607036499377,0 72.89213159465595,20.44235311499028,0 72.88809809465215,20.43983886498796,0 72.88420634464853,20.44074461498883,0 72.87636509464124,20.44530536499303,0 72.87272709463787,20.44489011499268,0 72.86743709463292,20.43509761498353,0 72.8608765946268,20.4290553649779,0 72.85865009462475,20.42505936497417,0 72.85964359462565,20.42029911496979,0 72.86443284463013,20.41686161496659,0 72.86819909463367,20.41650986496625,0 72.87888709464357,20.41915336496868,0 72.88821259465226,20.41979811496929,0 72.89515759465877,20.42204586497138,0 72.8989493446623,20.41989936496941,0 72.90193034466506,20.41592611496571,0 72.90262709466572,20.41102236496113,0 72.89973934466303,20.40595311495639,0 72.88883334465288,20.3989693649499,0 72.88564509464987,20.39405561494533,0 72.88617684465038,20.38786936493955,0 72.88804984465213,20.38488861493681,0 72.89496959465856,20.38105236493323,0 72.89570059465927,20.37738436492981,0 72.89286634465662,20.37283536492555,0 72.88018259464479,20.37034136492326,0 72.86832059463376,20.37200061492479,0 72.86362884462937,20.37406186492672,0 72.85338584461982,20.37365461492635,0 72.8472220946141,20.37562636492817,0 72.84085109460818,20.37610111492859,0 72.82888459459701,20.37036461492328,0 72.82265709459125,20.36931061492225,0 72.81956909458836,20.37005036492297,0 72.8055493445753,20.37340761492613,0 72.80131659457135,20.37485811492746,0 72.80014159457028,20.37344136492612,0 72.7962390945666,20.37069611492359,0 72.7899065945607,20.36704411492019,0 72.78358334455481,20.36430361491762,0 72.78162809455301,20.36246911491594,0 72.77578809454758,20.35834536491205,0 72.7733370945453,20.35468486490867,0 72.76943284454165,20.3487213649031,0 72.76553384453803,20.34276036489757,0 72.75918434453212,20.33543086489072,0 72.7582090945312,20.3317473648873,0 72.75868384453167,20.32899261488472,0 72.75964334453255,20.32531311488128,0 72.760107594533,20.31796211487443,0 72.7595968445325,20.3133688648702,0 72.75813234453113,20.30832461486551,0 72.75568084452885,20.30326911486077,0 72.75323859452658,20.29822586485608,0 72.75128709452474,20.29456611485267,0 72.75078359452431,20.28904386484754,0 72.74931109452291,20.28491736484369,0 72.74784184452153,20.27894986483813,0 72.74879109452246,20.27389411483341,0 72.74780909452153,20.27021261482997,0 72.74682384452058,20.26654936482657,0 72.74391309451789,20.26322761482351,0 72.74247184451656,20.25938786481992,0 72.73930834451363,20.25168361481275,0 72.73857684451292,20.25168236481273,0 72.73750309451191,20.24777561480909,0 72.7371618445116,20.24692361480828,0 72.73750309451191,20.24005486480189,0 72.73775759451217,20.23571336479785,0 72.74046209451467,20.23248986479485,0 72.74186459451596,20.22988886479243,0 72.74283759451691,20.22220861478529,0 72.74367384451767,20.21582211477932,0 72.74422384451816,20.21186786477562,0 72.74778509452148,20.2107526147746,0 72.75112409452458,20.21389036477751,0 72.75292809452628,20.21661736478006,0 72.75455959452779,20.21687386478033,0 72.76013209453299,20.2177266147811,0 72.7671975945396,20.21771286478111,0 72.76910159454133,20.21542811477894,0 72.76878284454108,20.21317836477686,0 72.7686155945409,20.21248661477625,0 72.76844009454072,20.21150011477533,0 72.75928409453223,20.21208461477585,0 72.75770734453073,20.21176411477558,0 72.75559109452877,20.2110538647749,0 72.75665909452977,20.21082486477468,0 72.75391084452718,20.20981461477373,0 72.75364334452695,20.2093116147733,0 72.7513633445248,20.2048583647691,0 72.75006934452364,20.20369111476805,0 72.74781684452154,20.20440761476868,0 72.74492159451881,20.20283761476725,0 72.74515959451907,20.20191286476637,0 72.74476884451872,20.20094786476551,0 72.74389009451789,20.19985361476443,0 72.74348034451748,20.19941261476407,0 72.74269359451677,20.19739311476217,0 72.74045609451468,20.19632211476119,0 72.73769634451213,20.19209636475722,0 72.73686709451135,20.19085486475609,0 72.73660084451109,20.18430911474996,0 72.73615709451065,20.17151411473805,0 72.73473009450936,20.15807536472556,0 72.73411009450876,20.15604786472369,0 72.73301384450775,20.15260961472046,0 72.73252234450729,20.15281811472067,0 72.73237584450715,20.15014861471815,0 72.73166984450648,20.14991861471793,0 72.73190709450671,20.14834036471649,0 72.73139309450625,20.14678036471502,0 72.73065959450554,20.14677911471506,0 72.72921559450418,20.14195486471055,0 72.72861784450367,20.13751236470642,0 72.73590384451046,20.13593011470493,0 72.74945309452306,20.1330051147022,0 72.77535184454717,20.13154286470086,0 72.7822525945536,20.12963161469906,0 72.7896603445605,20.12645136469609,0 72.79302359456364,20.12844561469797,0 72.78906634455996,20.13924561470805,0 72.78849809455943,20.14671011471495,0 72.78989384456071,20.14990911471796,0 72.79700184456732,20.15322111472101,0 72.80376684457366,20.15468911472237,0 72.81395859458314,20.14766586471586,0 72.82023984458897,20.14540761471374,0 72.82332034459182,20.1460206147143,0 72.82213884459077,20.15111786471908,0 72.81679859458575,20.15796136472546,0 72.82162559459027,20.1849453647506,0 72.82354709459207,20.18903236475438,0 72.82529609459368,20.19004386475535,0 72.83025609459833,20.19022036475547,0 72.8315695945995,20.19139711475657,0 72.83776184460527,20.19059961475585,0 72.8371298446047,20.19228336475743,0 72.83379559460161,20.19549411476038,0 72.83220759460011,20.19913636476377,0 72.83422834460202,20.20491936476918,0 72.8383883446059,20.20927511477322,0 72.84321784461036,20.21043886477435,0 72.86019709462619,20.20954536477348,0 72.86108684462704,20.21381036477749,0 72.86011284462609,20.22386311478681,0 72.86277884462862,20.22710186478986,0 72.8725798446377,20.22786036479056,0 72.87701609464187,20.22709911478984,0 72.88818534465224,20.22292861478592,0 72.89373659465741,20.22747786479022,0 72.89925509466258,20.22730811479005,0 72.91062659467315,20.2248141147877,0 72.91687959467896,20.22458636478752,0 72.93030634469147,20.21900386478228,0 72.94939959470929,20.21520686477874,0 72.95787084471715,20.21206586477581,0 72.95905309471823,20.21349061477719,0 72.96301084472196,20.2161258647796,0 72.96408909472297,20.22034611478352,0 72.96313084472206,20.2269828647897,0 72.95826684471751,20.23508986479725,0 72.95397434471352,20.23833886480031,0 72.94639359470648,20.24231111480401,0 72.94004959470055,20.24474461480628,0 72.93221884469324,20.24606286480753,0 72.92938934469061,20.24800886480932,0 72.91224359467464,20.26940786482924,0 72.91080059467333,20.27561236483501,0 72.91308834467543,20.27985836483896,0 72.91887784468082,20.28516611484389,0 72.92668509468814,20.28918836484769,0 72.93000759469123,20.29329911485149,0 72.9345878446955,20.29459086485269,0 72.93939934469995,20.2931801148514,0 72.94613909470621,20.28885061484737,0 72.9584750947177,20.27587711483528,0 72.96319684472212,20.27291986483249,0 72.96878284472734,20.27187611483152,0 72.97283109473108,20.27279411483238,0 72.97653334473455,20.27578261483518,0 72.97824309473611,20.27863836483783,0 72.97924484473708,20.29318711485138,0 72.99242434474934,20.29421636485233,0 72.99936034475581,20.29343736485163,0 73.00619684476214,20.29158336484989,0 73.00940159476517,20.29195211485023,0 73.01074084476642,20.29380061485193,0 73.01109134476673,20.29812711485602,0 73.00950334476522,20.30313361486065,0 73.0094760947652,20.30856536486573,0 73.00653634476248,20.31653911487314,0 73.00877784476455,20.31844386487489,0 73.01121884476686,20.31688736487347,0 73.01366009476914,20.31383761487063,0 73.0159280947712,20.30484736486227,0 73.01546184477081,20.29516311485321,0 73.01874284477384,20.2932961148515,0 73.02625684478085,20.29162936484994,0 73.03098559478525,20.29126136484962,0 73.03318384478729,20.29213036485038,0 73.03488059478889,20.2934473648516,0 73.03662584479048,20.30546711486284,0 73.03674534479063,20.31761361487412,0 73.03957684479326,20.3240001148801,0 73.04422184479756,20.32623261488214,0 73.0558370948084,20.32705886488293,0 73.06068634481289,20.32814036488395,0 73.06443734481638,20.33058836488623,0 73.07193884482336,20.33008061488573,0 73.07552409482673,20.3270576148829,0 73.08014359483104,20.32777811488359,0 73.08669834483715,20.33602786489126,0 73.0884620948388,20.34085686489579,0 73.09065709484082,20.35695386491079,0 73.09186884484194,20.36058386491413,0 73.09272134484274,20.36126986491479,0 73.09674159484649,20.36162161491513,0 73.10362209485288,20.35369211490774,0 73.1073948448564,20.3437663648985,0 73.11086159485961,20.3373291148925,0 73.11134334486007,20.33377761488919,0 73.1082375948572,20.32710611488295,0 73.10584959485499,20.31361486487043,0 73.103722844853,20.3115443648685,0 73.10219109485155,20.30586136486318,0 73.10499434485416,20.30495311486237,0 73.11851009486674,20.30667686486396,0 73.12368509487158,20.30622061486355,0 73.12874384487628,20.31046436486747,0 73.1296040948771,20.31557311487222,0 73.13124434487861,20.31833161487481,0 73.13678484488378,20.31770311487424,0 73.14190909488855,20.31833211487481,0 73.15092034489697,20.31803711487453,0 73.1550568449008,20.31677036487338,0 73.15792259490348,20.31464686487135,0 73.16029859490567,20.31137086486831,0 73.16669784491165,20.31315036486995,0 73.16760459491246,20.31154661486846,0 73.16668884491162,20.30843986486559,0 73.16655909491152,20.30171936485931,0 73.16910634491387,20.29069686484906,0 73.16843709491326,20.28730461484594,0 73.16532859491036,20.2850108648438,0 73.16148309490677,20.2833458648422,0 73.1586240949041,20.28317786484206,0 73.15630434490197,20.28427511484307,0 73.15491359490068,20.28788586484643,0 73.15077784489682,20.29265936485092,0 73.14767509489394,20.29134336484969,0 73.14571784489209,20.28829661484684,0 73.14467034489115,20.28629286484493,0 73.14461084489108,20.28323886484213,0 73.14302334488957,20.27790136483713,0 73.14199259488862,20.27755486483681,0 73.13931209488612,20.28100961484006,0 73.13638934488341,20.28193136484088,0 73.13572134488277,20.28141286484043,0 73.13211659487945,20.27618461483553,0 73.13199484487933,20.26952936482934,0 73.13034859487777,20.26614236482618,0 73.12620609487391,20.26137486482173,0 73.11736584486567,20.25942811481996,0 73.11389359486247,20.2576478648183,0 73.1025593448519,20.24513186480663,0 73.0977443448474,20.23950411480138,0 73.09968934484925,20.23308011479543,0 73.09110459484123,20.22991486479248,0 73.07669584482784,20.23495761479716,0 73.0709758448225,20.2338061147961,0 73.06593034481779,20.23080361479328,0 73.05941584481172,20.22246336478554,0 73.05325584480602,20.2041881147685,0 73.0556225948082,20.1989143647636,0 73.05932334481162,20.19847236476318,0 73.06205584481421,20.19715461476192,0 73.06339009481542,20.19353986475858,0 73.0632438448153,20.17831536474438,0 73.06144309481363,20.16450036473157,0 73.06452884481649,20.16111236472841,0 73.07145309482291,20.15761261472511,0 73.07552234482671,20.1580226147255,0 73.07695259482807,20.16677436473367,0 73.07897334482993,20.17143761473801,0 73.08257534483329,20.17488811474124,0 73.08525509483582,20.17523086474154,0 73.0885943448389,20.17357036473999,0 73.09093484484106,20.16510611473211,0 73.0924450948425,20.16235086472955,0 73.09426384484419,20.16096711472824,0 73.10216559485156,20.1594118647268,0 73.10892034485784,20.16004636472741,0 73.1141430948627,20.15762111472514,0 73.11724484486558,20.15808411472557,0 73.11477359486327,20.16205386472927,0 73.11526859486372,20.16458686473163,0 73.1218500948699,20.16871911473549,0 73.12509684487287,20.17326311473971,0 73.12873959487627,20.17406836474044,0 73.1363395948834,20.17198886473853,0 73.13939084488624,20.17377211474019,0 73.14171284488839,20.17698711474316,0 73.14147684488813,20.18066436474658,0 73.13772959488466,20.18640961475193,0 73.13535784488244,20.18831361475373,0 73.13087834487828,20.20279561476718,0 73.13150109487884,20.20531836476954,0 73.13508459488219,20.20789936477195,0 73.13916759488598,20.20652036477065,0 73.14159309488826,20.2041033647684,0 73.14299359488956,20.20312761476753,0 73.15291759489878,20.20237361476682,0 73.15838334490388,20.20058811476514,0 73.16241234490764,20.20219011476667,0 73.16966859491441,20.20948036477341,0 73.1706235949153,20.20327511476768,0 73.17804159492221,20.201484114766,0 73.18083809492481,20.19946536476408,0 73.18540034492906,20.19837161476306,0 73.19397959493705,20.19916611476384,0 73.19950834494222,20.19818511476291,0 73.20898334495104,20.19127311475649,0 73.2174178449589,20.18787461475329,0 73.21880109496016,20.18511911475077,0 73.21797759495939,20.18091736474685,0 73.21636009495791,20.17718111474334,0 73.21169234495352,20.17224986473877,0 73.20733759494948,20.16897086473568,0 73.18874709493218,20.1625046147297,0 73.18558984492921,20.15698361472454,0 73.18480009492851,20.15180786471972,0 73.18544134492907,20.14082161470947,0 73.1901508449335,20.13058286469993,0 73.20045009494305,20.12446886469428,0 73.20585434494814,20.12286336469276,0 73.21104334495294,20.12164811469165,0 73.21629609495784,20.12343086469326,0 73.21993334496125,20.12900736469851,0 73.21911559496044,20.13400611470314,0 73.22007534496134,20.13854736470739,0 73.22224484496337,20.14142986471006,0 73.22511609496604,20.14182711471039,0 73.2265370949674,20.13774836470662,0 73.22629909496715,20.13055986469993,0 73.22775009496848,20.12895086469842,0 73.23356634497389,20.12986611469927,0 73.24330709498298,20.1293326146988,0 73.24584584498535,20.12869986469821,0 73.24917959498845,20.12544836469516,0 73.25100709499014,20.12639611469603,0 73.2525363449916,20.12875211469827,0 73.25471884499359,20.13456086470364,0 73.25820734499689,20.1400813647088,0 73.27329809501094,20.14652586471482,0 73.27893359501616,20.15031836471831,0 73.28351734502041,20.15462911472235,0 73.28309134502007,20.16291286473006,0 73.2805500950177,20.17515961474146,0 73.28063109501772,20.1780918647442,0 73.28366484502055,20.18671811475224,0 73.28399559502088,20.19459211475959,0 73.28479759502164,20.19695186476179,0 73.28814909502478,20.19688861476169,0 73.30114284503685,20.20791586477196,0 73.30418584503968,20.20836761477238,0 73.31051259504557,20.20502786476931,0 73.31793834505248,20.20318661476755,0 73.32652684506047,20.20478136476908,0 73.33820334507135,20.19971511476433,0 73.34301109507584,20.19913611476381,0 73.34496684507769,20.20028161476489,0 73.34740584507995,20.20315811476752,0 73.34949309508187,20.20976211477369,0 73.35198634508419,20.21263186477637,0 73.35783784508965,20.21400386477762,0 73.35947834509119,20.21233986477609,0 73.35783384508966,20.21003261477393,0 73.35501184508701,20.20164761476616,0 73.35713084508899,20.19699111476177,0 73.36454984509589,20.19330461475835,0 73.36619709509745,20.19560036476048,0 73.36554509509682,20.20353836476789,0 73.36658984509779,20.20594536477012,0 73.37394734510468,20.2030123647674,0 73.37882684510919,20.20691236477103,0 73.38564709511553,20.20977336477369,0 73.38771084511745,20.20654961477072,0 73.38660434511644,20.2022421147667,0 73.38842209511813,20.19661036476145,0 73.39316659512258,20.19563111476054,0 73.39585284512503,20.19855911476327,0 73.39957284512855,20.20108436476562,0 73.40724634513566,20.20089236476542,0 73.41728784514504,20.20214336476658,0 73.42040359514795,20.20679686477092,0 73.4207820951483,20.21288711477661,0 73.41835409514601,20.21599861477949,0 73.41653884514432,20.22415711478709,0 73.4128483451409,20.23232486479469,0 73.4132880951413,20.23732061479932,0 73.41079359513895,20.24284261480449,0 73.41276084514078,20.24864886480992,0 73.41210384514017,20.25427511481513,0 73.41088559513906,20.25755736481818,0 73.41230659514036,20.26410361482431,0 73.41493384514285,20.2696791148295,0 73.41366284514163,20.27422236483374,0 73.41513784514302,20.27737261483668,0 73.42677334515383,20.2795446148387,0 73.42750984515453,20.28264386484159,0 73.4213373451488,20.29856961485638,0 73.41911184514674,20.31242586486928,0 73.41668584514446,20.31644886487305,0 73.41589809514375,20.32122061487751,0 73.41599409514384,20.33817561489326,0 73.41430809514225,20.34231411489714,0 73.414022595142,20.35259586490673,0 73.41232109514038,20.35611036490997,0 73.40536909513395,20.38207136493418,0 73.40257509513134,20.38403036493599,0 73.39825034512728,20.38443511493637,0 73.39366559512303,20.38231786493441,0 73.38859734511828,20.37525511492782,0 73.38506009511502,20.37347386492615,0 73.38207609511221,20.37342211492609,0 73.38075034511098,20.38072661493294,0 73.38187009511205,20.39072136494224,0 73.38603234511589,20.3985291149495,0 73.38828834511799,20.39973811495059,0 73.39821184512726,20.39679236494788,0 73.40011059512904,20.4018466149526,0 73.39938709512836,20.40471636495528,0 73.40366634513231,20.40833611495861,0 73.40524409513381,20.4061508649566,0 73.40646109513494,20.40666261495704,0 73.40696334513541,20.41114186496123,0 73.41355459514153,20.41481061496467,0 73.42044034514794,20.4148563649647,0 73.41996334514749,20.4204386149699,0 73.42151234514898,20.42927636497814,0 73.42658509515365,20.4365156149849,0 73.42867584515562,20.44615961499386,0 73.43982459516599,20.46712086501338,0 73.44288409516884,20.47181836501772,0 73.44679559517249,20.47578236502142,0 73.45198084517733,20.47852936502397,0 73.45614034518121,20.4845521150296,0 73.45761184518256,20.48868736503346,0 73.46073734518546,20.49271086503722,0 73.46691084519125,20.49539486503971,0 73.46509434518953,20.50143436504532,0 73.4632333451878,20.51441711505742,0 73.46476359518925,20.51568536505863,0 73.46788959519216,20.52239436506483,0 73.47576059519946,20.52605911506828,0 73.4883560952112,20.53655211507805,0 73.49184334521448,20.54056336508177,0 73.48434659520746,20.54253111508359,0 73.47282534519672,20.54370836508468,0 73.47690509520055,20.56438211510397,0 73.47480484519861,20.57875686511733,0 73.47189159519587,20.58392286512213,0 73.46775484519202,20.58663511512469,0 73.45958209518443,20.58911536512699,0 73.44580559517158,20.5949423651324,0 73.43128734515807,20.59548361513293,0 73.42842309515538,20.5978456151351,0 73.43001984515689,20.60163036513865,0 73.42474759515198,20.61508086515119,0 73.42170659514915,20.6208966151566,0 73.41854409514622,20.62486336516031,0 73.40682859513527,20.62654736516186,0 73.4059835951345,20.62844361516363,0 73.40885859513719,20.63085561516584,0 73.40557409513411,20.63608511517072,0 73.40222559513097,20.6389616151734,0 73.39356484512291,20.64299611517719,0 73.39242109512185,20.64960861518336,0 73.3945060951238,20.65275936518628,0 73.40072784512961,20.6553931151887,0 73.40585784513439,20.65642511518968,0 73.40843209513679,20.65826011519141,0 73.41008384513833,20.66084161519382,0 73.42131559514877,20.66123011519414,0 73.4265068451536,20.66271511519551,0 73.43090859515769,20.66518011519782,0 73.43428584516084,20.67470511520668,0 73.43460059516116,20.67832536521007,0 73.44114109516721,20.68107736521261,0 73.44395309516983,20.68331111521474,0 73.4456075951714,20.68635511521757,0 73.44763609517327,20.69370336522439,0 73.43837509516464,20.7014201152316,0 73.44481284517065,20.71077061524028,0 73.44982109517531,20.71461511524388,0 73.46638859519072,20.72193611525069,0 73.47169909519567,20.71991686524882,0 73.47383409519767,20.71749636524657,0 73.47540034519915,20.70933861523895,0 73.4799645952034,20.70686311523667,0 73.48457659520767,20.69455936522519,0 73.48498959520805,20.68979211522077,0 73.48852259521135,20.68627961521747,0 73.48844634521129,20.68121511521275,0 73.48326009520645,20.68059786521218,0 73.48038359520376,20.6787648652105,0 73.47860284520215,20.67583786520776,0 73.47896084520244,20.67239411520455,0 73.48072609520409,20.66991411520222,0 73.48371309520689,20.66870236520111,0 73.48456334520768,20.66583036519841,0 73.48668284520966,20.66295811519575,0 73.48964659521243,20.65369936518715,0 73.49208909521468,20.65300911518648,0 73.49913259522123,20.65891286519201,0 73.50359934522538,20.66326561519605,0 73.50910284523053,20.67037711520265,0 73.51129359523259,20.66658711519914,0 73.51648309523739,20.66737811519987,0 73.5183275952391,20.67036736520265,0 73.52174984524231,20.67334411520545,0 73.52974784524974,20.67407236520609,0 73.53614809525573,20.66940536520178,0 73.54507934526401,20.65553536518883,0 73.55438609527272,20.64758461518148,0 73.55878634527681,20.64810111518193,0 73.56569309528322,20.65123611518488,0 73.57569084529257,20.64805936518189,0 73.58275959529914,20.64527886517931,0 73.59432784530992,20.63801886517251,0 73.59889959531415,20.6364516151711,0 73.61381509532805,20.62543961516081,0 73.61758384533158,20.62123961515692,0 73.6211558453349,20.61243961514873,0 73.62205109533573,20.60617911514288,0 73.62381034533735,20.60238086513937,0 73.62669959534003,20.5918006151295,0 73.62611584533948,20.58243486512077,0 73.62841534534164,20.57944011511796,0 73.63115509534418,20.57805861511667,0 73.6349400953477,20.57730161511597,0 73.63878234535133,20.57763761511631,0 73.64262034535489,20.57653536511527,0 73.64876284536058,20.57231811511133,0 73.65356034536507,20.56587136510535,0 73.65757834536879,20.56293511510262,0 73.66246084537335,20.56246111510217,0 73.66795234537847,20.56427936510386,0 73.67314884538331,20.56777386510714,0 73.67731909538719,20.57178411511086,0 73.68428009539366,20.57544036511428,0 73.69289184540168,20.57845961511708,0 73.70155034540977,20.57458586511348,0 73.71180109541933,20.57638886511512,0 73.71624884542342,20.57586236511463,0 73.72100059542788,20.57418186511308,0 73.72966259543597,20.57403461511296,0 73.73356659543958,20.57264961511163,0 73.74025059544579,20.56739986510678,0 73.75605409546051,20.58334061512158,0 73.76119559546531,20.58717961512519,0 73.76785859547152,20.58876211512666,0 73.77214409547548,20.59185386512956,0 73.7735595954768,20.59506561513252,0 73.77926659548211,20.60224111513923,0 73.78495084548746,20.60428636514109,0 73.79465359549647,20.60575011514248,0 73.79823609549982,20.60147811513849,0 73.80888234550974,20.60931761514581,0 73.81775359551796,20.61394861515009,0 73.82307434552291,20.61484961515094,0 73.82630459552593,20.61403036515019,0 73.83070059553006,20.61567986515172,0 73.83885409553761,20.62342136515895,0 73.83554109553454,20.64430661517838,0 73.83592834553491,20.65022286518387,0 73.8395623455383,20.65625461518954,0 73.83784709553669,20.66695861519946,0 73.83397984553312,20.675026615207,0 73.82670859552633,20.67343111520551,0 73.81785259551805,20.67351861520558,0 73.81507834551547,20.69371811522439,0 73.82120184552122,20.69634611522684,0 73.82610084552573,20.6994893652298,0 73.83166409553093,20.70177161523191,0 73.83526384553431,20.70198686523213,0 73.85616959555375,20.69414736522481,0 73.86625359556314,20.70755211523732,0 73.86991959556656,20.72114936524997,0 73.8745945955709,20.72669161525511,0 73.87826484557434,20.72942386525768,0 73.88156334557743,20.73088886525904,0 73.89652384559133,20.73042961525863,0 73.901506595596,20.72501736525356,0 73.91370359560733,20.72330911525199,0 73.92040234561358,20.73020936525841,0 73.9279338456206,20.73438361526228,0 73.92882784562141,20.73126461525936,0 73.94244709563412,20.74205061526941,0 73.94136784563312,20.74644186527354,0 73.93814459563009,20.74903161527595,0 73.94042859563223,20.75221236527887,0 73.94011009563195,20.76051461528664,0 73.93124434562367,20.76053511528665,0 73.93348584562574,20.76859586529417,0 73.93104259562347,20.78939386531351,0 73.93411184562638,20.80349061532666,0 73.93315459562547,20.80857036533137,0 73.93926084563117,20.81836911534049,0 73.94064084563246,20.82480011534648,0 73.9406060956324,20.82909111535047,0 73.93808984563003,20.83982736536046,0 73.92887184562147,20.84314561536359,0 73.92669409561944,20.84466611536499,0 73.92402434561694,20.8481001153682,0 73.9245290956174,20.85219886537203,0 73.92310509561611,20.85980311537907,0 73.92465609561754,20.86442111538338,0 73.92266634561571,20.86855911538726,0 73.92423309561713,20.87630336539445,0 73.92403884561696,20.88559861540313,0 73.92032784561349,20.8987818654154,0 73.91741534561078,20.90251661541884,0 73.91573159560926,20.90743611542343,0 73.91331309560695,20.91091711542668,0 73.90979359560373,20.91473536543026,0 73.90517734559938,20.91762736543296,0 73.9025143455969,20.92108436543617,0 73.89692434559174,20.92505986543989,0 73.88926634558459,20.93268886544695,0 73.88795634558335,20.93983311545361,0 73.88803684558343,20.94620311545957,0 73.88989284558517,20.95222911546517,0 73.89476584558969,20.96137486547365,0 73.90424484559856,20.96200686547428,0 73.9084070956024,20.9644801154766,0 73.90696484560107,20.96961661548136,0 73.90417884559849,20.97508536548645,0 73.89945534559405,20.98280236549363,0 73.89162509558679,20.98189211549277,0 73.8721045955686,20.98614811549675,0 73.86559534556255,20.99041211550071,0 73.8500903455481,20.99740986550723,0 73.84661809554484,20.99880761550855,0 73.84296309554145,21.00112286551069,0 73.83791159553675,21.00631561551551,0 73.81309984551365,21.02571936553364,0 73.79541384549719,21.04564486555216,0 73.80773134550867,21.05354336555951,0 73.80994884551069,21.0563076155621,0 73.81169484551236,21.06044961556597,0 73.81050934551126,21.06643911557154,0 73.81053209551123,21.08443786558832,0 73.80405459550525,21.07835986558262,0 73.790917595493,21.06796611557297,0 73.78632809548873,21.06672861557177,0 73.77465259547785,21.0715438655763,0 73.76298334546698,21.06799986557297,0 73.73668459544245,21.08143736558549,0 73.73480459544072,21.08135436558541,0 73.73301509543904,21.08464311558851,0 73.73163659543781,21.09462061559776,0 73.74207509544749,21.10751111560977,0 73.74523184545046,21.11384936561569,0 73.73594434544179,21.10802186561029,0 73.7314465954376,21.10110711560384,0 73.7283508454347,21.10301286560559,0 73.70726134541508,21.10699911560931,0 73.70145859540969,21.11215436561411,0 73.70308359541121,21.11882986562033,0 73.69568984540433,21.10877411561097,0 73.68578009539505,21.10082461560359,0 73.68179484539138,21.1058206156082,0 73.67127234538157,21.10909761561129,0 73.65224459536387,21.1082523656105,0 73.65003884536179,21.12091811562226,0 73.6453270953574,21.12240861562367,0 73.63772659535033,21.12284186562408,0 73.62092334533469,21.12004936562147,0 73.61579209532988,21.13788361563808,0 73.62131634533506,21.1415398656415,0 73.6110558453255,21.14407111564384,0 73.60641834532117,21.14689211564644,0 73.60564534532045,21.1503403656497,0 73.60364109531855,21.15437386565344,0 73.59707109531246,21.154975615654,0 73.59240134530813,21.15425136565329,0 73.58879959530475,21.15265836565186,0 73.58439084530067,21.15287311565203,0 73.58090384529743,21.15412386565322,0 73.57963109529624,21.15667786565558,0 73.58086184529736,21.1607943656594,0 73.58041434529696,21.16782986566596,0 73.59035659530622,21.17463686567231,0 73.59911134531438,21.17836286567575,0 73.60212134531719,21.17657786567412,0 73.6053843453202,21.17595936567352,0 73.60640134532116,21.17234411567017,0 73.60604634532081,21.16786461566602,0 73.60691134532163,21.1633773656618,0 73.61192134532627,21.15784161565665,0 73.62971559534287,21.15301236565216,0 73.63125159534428,21.14721811564675,0 73.62865584534188,21.13254786563311,0 73.66389159537471,21.1449803656447,0 73.66699934537758,21.15084886565012,0 73.67372809538385,21.15194061565114,0 73.6907345953997,21.14991461564927,0 73.70574334541368,21.1502453656496,0 73.70770809541551,21.14290061564276,0 73.70960159541727,21.14153186564147,0 73.71489884542217,21.13902336563916,0 73.72928859543561,21.13804811563824,0 73.73244409543855,21.13991811563994,0 73.7358228454417,21.14655161564616,0 73.73866059544434,21.14736286564693,0 73.74062484544618,21.15127586565052,0 73.7388368454445,21.1545696156536,0 73.73340809543942,21.1601538656588,0 73.73427559544024,21.16685536566508,0 73.74577134545092,21.16791261566601,0 73.77243284547575,21.16425061566264,0 73.77644884547954,21.16475811566312,0 73.7799953454828,21.16601236566424,0 73.78257909548523,21.16837336566646,0 73.78396684548653,21.17591561567349,0 73.78916759549134,21.18140536567859,0 73.79540684549715,21.17823511567565,0 73.8003990955018,21.17426961567196,0 73.80502734550612,21.17173036566959,0 73.81086409551159,21.17110086566901,0 73.81548109551585,21.17157436566947,0 73.82344784552328,21.18402361568104,0 73.82528859552502,21.18502711568198,0 73.82890909552839,21.19480186569109,0 73.82704484552664,21.19681786569294,0 73.81429709551475,21.19496261569122,0 73.81246909551305,21.19924086569523,0 73.81173159551236,21.20350436569919,0 73.81137559551206,21.21335261570835,0 73.81310359551367,21.22148661571594,0 73.81616134551649,21.22718186572126,0 73.82050484552053,21.23275511572644,0 73.82940209552885,21.24193886573499,0 73.82955834552899,21.24542186573825,0 73.82529584552503,21.25790061574986,0 73.82522109552497,21.26705636575838,0 73.85156534554949,21.26952086576068,0 73.86493984556193,21.26692711575828,0 73.87754534557365,21.26216436575379,0 73.88525534558084,21.2619443657536,0 73.91692634561036,21.28050936577091,0 73.92701609561976,21.2848038657749,0 73.94197684563369,21.29699786578624,0 73.94343159563505,21.30603361579466,0 73.94366684563528,21.30749361579603,0 73.94479209563627,21.31445536580253,0 73.94547759563693,21.33003336581703,0 73.95057384564166,21.34387111582993,0 73.95016559564129,21.36102161584586,0 73.94890209564011,21.37366911585763,0 73.94923934564042,21.38941311587234,0 73.94645709563787,21.40176936588381,0 73.94908309564028,21.40192786588398,0 73.95558334564635,21.39250036587521,0 73.96235309565265,21.39144386587424,0 73.96559884565568,21.39417611587674,0 73.97110084566077,21.39434136587693,0 73.9752750956647,21.39671236587912,0 73.97900559566818,21.40127111588339,0 73.98256884567149,21.40384736588579,0 73.99926959568705,21.41116211589258,0 74.00146834568909,21.41190611589326,0 74.00330084569077,21.41270211589403,0 74.00490059569228,21.4138596158951,0 74.0063360956936,21.41517161589633,0 74.00789759569506,21.41635986589744,0 74.0096325956967,21.41729936589832,0 74.01154634569849,21.41788211589886,0 74.01344159570021,21.41729911589828,0 74.01517684570183,21.41634111589741,0 74.0171700957037,21.41641136589749,0 74.01912384570551,21.41681836589783,0 74.0210493457073,21.41735311589833,0 74.02295384570908,21.4179238658989,0 74.02486959571087,21.41846036589936,0 74.02682009571271,21.4188856158998,0 74.02880384571455,21.41911186589999,0 74.03080259571641,21.41895861589984,0 74.03277609571825,21.41860161589949,0 74.03474409572004,21.41825611589917,0 74.03673459572195,21.41806561589902,0 74.0387178457238,21.41781961589879,0 74.04072734572566,21.41780711589877,0 74.04247384572727,21.41871911589966,0 74.04361134572832,21.42026311590104,0 74.04441159572906,21.42198261590266,0 74.04504159572969,21.4237666159043,0 74.04558009573014,21.42556311590602,0 74.04606084573061,21.42738736590769,0 74.04647209573102,21.42922486590942,0 74.0468243457313,21.43106686591113,0 74.04713609573162,21.43292811591282,0 74.04742609573191,21.43478636591459,0 74.04768909573215,21.43664336591632,0 74.04793959573237,21.43849986591806,0 74.04816284573258,21.44036461591981,0 74.04824534573265,21.44223961592155,0 74.04831059573269,21.44411661592329,0 74.04843259573283,21.44599336592501,0 74.04871509573309,21.44785111592676,0 74.04912659573347,21.44968861592844,0 74.04965984573397,21.45149661593012,0 74.05035034573461,21.4532553659318,0 74.05117334573538,21.45496636593339,0 74.05204659573616,21.45665186593493,0 74.05296009573703,21.45832286593651,0 74.05390359573789,21.45997636593802,0 74.05485759573878,21.46162136593955,0 74.05639834574026,21.46433011594212,0 74.05732209574109,21.46598986594364,0 74.05819559574189,21.46767761594521,0 74.05902609574269,21.4693891159468,0 74.05973959574334,21.47113486594844,0 74.0602305957438,21.47295711595012,0 74.0605405957441,21.47480911595187,0 74.06072459574426,21.47667911595357,0 74.06048334574405,21.47853711595531,0 74.06004909574364,21.48036661595705,0 74.06122059574471,21.48117486595777,0 74.0629968457464,21.48030111595698,0 74.06451734574779,21.47909236595586,0 74.06584034574905,21.47768686595452,0 74.06710159575022,21.47622386595316,0 74.06827734575131,21.47469986595177,0 74.06935659575231,21.47312611595027,0 74.07033334575323,21.47148136594876,0 74.07110509575392,21.46975036594716,0 74.07149284575428,21.46790986594545,0 74.0716135957544,21.4660451159437,0 74.07166834575446,21.46416836594193,0 74.07148459575427,21.46229611594021,0 74.07116434575397,21.46044586593848,0 74.07113759575395,21.45858211593674,0 74.07222484575499,21.45704561593533,0 74.0741020957567,21.45643336593474,0 74.07606359575857,21.4560753659344,0 74.07804334576042,21.45575736593412,0 74.08001884576225,21.45547361593384,0 74.08200359576409,21.45519936593359,0 74.08398759576596,21.45494586593338,0 74.08598109576781,21.45469961593313,0 74.08796409576962,21.45446436593289,0 74.08995034577151,21.45421786593267,0 74.09193434577332,21.45396186593246,0 74.09391859577516,21.4537013659322,0 74.09590384577706,21.45341786593195,0 74.09788284577888,21.45310636593166,0 74.09951434578039,21.45215261593074,0 74.09974234578061,21.45030111592905,0 74.09977684578064,21.44843286592731,0 74.10115159578191,21.44733561592624,0 74.10314659578376,21.44721811592614,0 74.10515184578566,21.44730586592624,0 74.1071468457875,21.44751986592644,0 74.10911584578935,21.44781811592674,0 74.1110853457912,21.44816011592707,0 74.113051845793,21.44851336592734,0 74.11501684579486,21.44890111592776,0 74.11667209579639,21.44989136592863,0 74.1171053457968,21.45170186593032,0 74.11708109579678,21.45356836593209,0 74.11692134579658,21.45544086593384,0 74.11677859579646,21.45731411593556,0 74.1168325957965,21.45918811593731,0 74.11756784579723,21.46090236593892,0 74.11928409579883,21.46185136593976,0 74.12120109580059,21.4623843659403,0 74.12317459580242,21.46269861594056,0 74.12517234580429,21.46285036594071,0 74.12717859580619,21.46287111594075,0 74.129172845808,21.46277411594065,0 74.13116459580988,21.46256386594047,0 74.13313309581173,21.46221711594012,0 74.13504684581346,21.46166086593962,0 74.13616134581451,21.4601616159382,0 74.1368675958152,21.45689211593514,0 74.13746609581574,21.45510561593351,0 74.13893709581708,21.4538851159324,0 74.14087784581892,21.45343336593197,0 74.14286559582075,21.45325986593178,0 74.14486659582263,21.45305911593158,0 74.14683934582445,21.45277686593135,0 74.14881684582633,21.45250136593108,0 74.15080834582818,21.45229336593087,0 74.15281759583002,21.45224036593083,0 74.15479059583186,21.45251036593111,0 74.15561159583262,21.45412861593258,0 74.15594259583293,21.45597886593429,0 74.15758109583447,21.45674711593506,0 74.15957934583633,21.45661061593489,0 74.16099784583764,21.457791615936,0 74.16159984583823,21.45958311593767,0 74.16223209583882,21.46135761593933,0 74.16369609584018,21.46256786594046,0 74.16566884584199,21.46284486594073,0 74.16765484584386,21.46265461594055,0 74.16945509584554,21.4618818659398,0 74.17089959584689,21.46058386593859,0 74.17273559584856,21.46000561593808,0 74.17457459585029,21.46069161593869,0 74.17596084585159,21.46204636593996,0 74.1771663458527,21.46354586594135,0 74.17838734585388,21.46502761594275,0 74.1799638458553,21.46614311594379,0 74.18195334585715,21.46615311594377,0 74.18394559585903,21.46593561594358,0 74.18589084586085,21.46549261594316,0 74.18772434586253,21.46474836594251,0 74.18943759586415,21.46376936594157,0 74.19105809586563,21.46266461594053,0 74.19260559586706,21.46148111593942,0 74.19387284586827,21.46001711593805,0 74.19537484586965,21.45880661593696,0 74.19734884587149,21.45854886593673,0 74.19933959587337,21.45869711593684,0 74.20131909587519,21.45898511593714,0 74.20330259587706,21.45924336593737,0 74.2053098458789,21.45929311593738,0 74.20729659588079,21.45908186593721,0 74.20926684588261,21.45874336593686,0 74.21122859588445,21.45837436593654,0 74.21321059588627,21.45804311593622,0 74.21519809588813,21.45787111593609,0 74.21717359588996,21.45808286593626,0 74.21811534589085,21.45966161593776,0 74.21828934589104,21.46152411593948,0 74.2183670958911,21.46339886594126,0 74.21826509589101,21.465273865943,0 74.21804784589079,21.46714186594471,0 74.21778934589054,21.46899936594645,0 74.21756234589031,21.47086711594818,0 74.21744084589022,21.47274111594993,0 74.21758759589034,21.47460936595166,0 74.21829134589103,21.47634261595329,0 74.21981559589244,21.47753636595439,0 74.22166409589414,21.47824036595506,0 74.22361809589597,21.47867236595545,0 74.22560334589781,21.47889586595568,0 74.22760834589968,21.47894536595572,0 74.22960584590157,21.47878011595555,0 74.23155284590337,21.47835511595514,0 74.23331809590502,21.47747886595437,0 74.23519934590678,21.47462686595168,0 74.23581834590732,21.47284311595001,0 74.23630859590781,21.47102461594835,0 74.23676984590821,21.46919811594665,0 74.23729209590869,21.46738061594493,0 74.2379475959093,21.46560761594327,0 74.23890959591023,21.46397061594178,0 74.24041809591159,21.46276886594063,0 74.24231384591337,21.46216461594008,0 74.24429684591524,21.46192736593986,0 74.24630634591711,21.46192836593985,0 74.24830109591898,21.46209661594003,0 74.25027559592081,21.46239086594028,0 74.25223009592264,21.4628063659407,0 74.25415759592443,21.46332886594115,0 74.25603109592618,21.46396911594178,0 74.25785634592785,21.4647548659425,0 74.25882509592878,21.46634361594397,0 74.25907134592899,21.46819961594571,0 74.25922609592914,21.47006811594747,0 74.25971034592959,21.47188261594914,0 74.26121584593096,21.47306586595022,0 74.26306409593269,21.47377861595089,0 74.26498509593449,21.47429161595136,0 74.26695409593634,21.47465911595174,0 74.26893459593816,21.47493711595201,0 74.27092959594006,21.47515836595221,0 74.27291659594187,21.47534436595237,0 74.27491559594375,21.47552861595256,0 74.27690084594559,21.47575161595273,0 74.27888559594743,21.47599061595298,0 74.2808813459493,21.47619536595317,0 74.28287134595115,21.47636311595329,0 74.284875095953,21.47650136595343,0 74.28687459595488,21.47662336595357,0 74.28887384595674,21.47675236595364,0 74.29087484595863,21.47689261595378,0 74.29286284596049,21.47705786595396,0 74.29486159596235,21.47725336595414,0 74.29684509596416,21.4775128659544,0 74.29881184596599,21.47787986595472,0 74.30073034596779,21.47840136595522,0 74.30258084596949,21.47912311595587,0 74.30423234597106,21.48018261595683,0 74.30541509597214,21.48167086595822,0 74.30609159597276,21.48343936595989,0 74.30658634597324,21.4852541159616,0 74.30720009597383,21.48704561596327,0 74.30824659597477,21.48862086596472,0 74.30982559597624,21.48976961596577,0 74.31163884597794,21.49056336596653,0 74.31354434597972,21.4911581159671,0 74.3154758459815,21.49166161596753,0 74.3173948459833,21.49217386596802,0 74.31930109598511,21.49275236596856,0 74.32114009598678,21.49351711596928,0 74.3226158459882,21.49472636597039,0 74.32313084598866,21.49653236597209,0 74.32349434598899,21.49837436597381,0 74.32396909598941,21.50020636597549,0 74.32442459598985,21.5020263659772,0 74.32486984599029,21.50385511597892,0 74.32530484599067,21.50569286598062,0 74.32573059599105,21.50752086598231,0 74.32616359599149,21.50934911598403,0 74.32658909599189,21.51118411598571,0 74.32698634599222,21.51298586598739,0 74.32828284599344,21.51876536599281,0 74.3304828459955,21.5391721160118,0 74.32769109599292,21.5401098660127,0 74.3266075959919,21.54012886601271,0 74.32559334599097,21.54013211601267,0 74.32457784599001,21.54011686601268,0 74.32356434598904,21.5401016160127,0 74.3225515959881,21.54007736601267,0 74.32153834598716,21.54006211601262,0 74.32052459598623,21.54005611601264,0 74.31951784598527,21.54006186601265,0 74.31851034598435,21.54008361601262,0 74.31752134598344,21.5401338660127,0 74.31653359598249,21.54021161601275,0 74.31556134598162,21.54032911601286,0 74.31460484598074,21.54048186601301,0 74.31358759597975,21.54072661601327,0 74.31254134597879,21.54107861601357,0 74.31155859597789,21.54155261601403,0 74.31071684597708,21.54212636601455,0 74.31009609597652,21.5428236160152,0 74.30975384597622,21.54362336601593,0 74.30951559597599,21.54446861601673,0 74.30932809597579,21.54533411601755,0 74.30918834597566,21.54623136601839,0 74.30908459597555,21.54714861601923,0 74.30900984597548,21.54808286602008,0 74.30896409597545,21.54902961602096,0 74.30893734597544,21.54998886602186,0 74.30891984597542,21.55096436602281,0 74.30891259597541,21.5519311160237,0 74.3088950959754,21.55290686602461,0 74.30887784597536,21.5538731160255,0 74.30883084597531,21.5548476160264,0 74.30877484597528,21.55580336602731,0 74.30868234597517,21.55674861602819,0 74.30854884597505,21.55767361602903,0 74.30838559597493,21.55860461602992,0 74.30818334597473,21.55952486603075,0 74.30794409597451,21.56044386603162,0 74.30767609597427,21.56135236603245,0 74.30737634597398,21.56224811603329,0 74.30704059597366,21.56312411603409,0 74.30667209597334,21.56401986603492,0 74.3061915959729,21.56500086603585,0 74.30559184597234,21.56583711603662,0 74.30488584597168,21.56628011603703,0 74.30400959597085,21.56628136603706,0 74.30298009596987,21.56600761603682,0 74.30196484596894,21.56552261603633,0 74.30113234596814,21.56490836603575,0 74.30059609596765,21.56416061603505,0 74.30021484596733,21.56324586603421,0 74.29993609596704,21.56223611603326,0 74.29968309596683,21.5611996160323,0 74.29939534596656,21.56022836603142,0 74.29899084596616,21.55939586603063,0 74.29842409596563,21.55878486603007,0 74.29764709596492,21.55842386602973,0 74.29677359596411,21.55818586602953,0 74.29582684596323,21.55805336602941,0 74.2948350959623,21.55799486602934,0 74.29379184596132,21.55798761602932,0 74.29272484596032,21.55801386602934,0 74.29163984595931,21.55806036602939,0 74.29056259595831,21.55809786602942,0 74.28949884595733,21.55810811602942,0 74.28846709595638,21.55806436602938,0 74.28747734595544,21.55795761602928,0 74.28655559595461,21.55775461602911,0 74.28587309595395,21.55714836602852,0 74.2853740959535,21.55622686602765,0 74.28482209595296,21.55538861602691,0 74.28401259595222,21.5549318660265,0 74.28301934595129,21.55473311602629,0 74.28196909595033,21.55460561602615,0 74.28099909594943,21.55438236602595,0 74.28017809594866,21.55390661602553,0 74.27943809594797,21.55325911602495,0 74.27879434594735,21.55249786602423,0 74.27823859594685,21.55169611602349,0 74.27785734594647,21.55083911602264,0 74.2777400959464,21.54980061602169,0 74.27763084594631,21.54879961602074,0 74.27723284594589,21.54804986602005,0 74.27643709594514,21.54766736601971,0 74.27543084594424,21.54748861601956,0 74.2743143459432,21.54741161601948,0 74.27319534594216,21.54733686601941,0 74.27215209594118,21.54716361601925,0 74.27129659594038,21.54679711601892,0 74.27069159593981,21.54616636601833,0 74.27021609593936,21.5453861160176,0 74.26981334593899,21.54451661601678,0 74.2694758459387,21.54356186601586,0 74.26917934593843,21.54256986601496,0 74.26890409593813,21.541541616014,0 74.26865159593791,21.54050511601304,0 74.26838559593767,21.53948886601211,0 74.26808884593737,21.53850586601118,0 74.2677473459371,21.53758336601033,0 74.26735284593673,21.53675311600955,0 74.26688734593625,21.53602861600887,0 74.26631059593575,21.5354241160083,0 74.26562884593511,21.53497436600788,0 74.26486084593438,21.53464136600758,0 74.26400609593361,21.53437611600731,0 74.26310109593277,21.53419186600718,0 74.26213159593186,21.53407686600707,0 74.26113309593092,21.53400636600697,0 74.26008759592992,21.53399886600698,0 74.25901284592896,21.53403611600703,0 74.25792409592793,21.53411886600707,0 74.2568245959269,21.53421736600717,0 74.25572359592587,21.53435486600733,0 74.25464159592485,21.53450236600747,0 74.25356934592389,21.53465961600762,0 74.25252384592289,21.53481761600773,0 74.25152009592193,21.53497961600789,0 74.25055559592107,21.53514311600805,0 74.24966709592024,21.53548436600835,0 74.2488478459195,21.53604036600888,0 74.24808684591875,21.53672961600955,0 74.2473758459181,21.53745761601022,0 74.24670459591749,21.53817811601089,0 74.24608634591692,21.53892111601158,0 74.24549809591633,21.53971136601228,0 74.24494809591584,21.54053086601305,0 74.24440734591536,21.54135986601387,0 74.24385759591485,21.5421698660146,0 74.24328034591429,21.54293311601532,0 74.24266584591373,21.54364861601596,0 74.24199884591309,21.54426786601653,0 74.24116059591233,21.54463861601687,0 74.24007934591128,21.54460186601688,0 74.23897059591025,21.54451811601677,0 74.23808834590943,21.544765116017,0 74.2374878459089,21.54544211601763,0 74.23703959590847,21.54635061601846,0 74.23662784590812,21.54732486601938,0 74.23618934590769,21.54823386602021,0 74.23562734590718,21.54892386602086,0 74.23485634590645,21.54927886602121,0 74.23386984590553,21.54932161602124,0 74.23278459590449,21.54915336602107,0 74.23171809590355,21.54888686602083,0 74.23074809590264,21.54861486602062,0 74.22973409590168,21.54827661602031,0 74.22874259590077,21.54787711601989,0 74.22788309589993,21.54737911601944,0 74.22724109589933,21.54675811601885,0 74.2269740958991,21.5459418660181,0 74.22702359589914,21.54492386601714,0 74.22716609589929,21.54386086601619,0 74.22717084589931,21.54291236601529,0 74.22678609589894,21.5422576160147,0 74.22578409589801,21.54209486601451,0 74.22459359589686,21.54207911601452,0 74.2237470958961,21.54174036601421,0 74.22340109589578,21.54093036601341,0 74.22329284589568,21.53991986601249,0 74.22320609589559,21.53886436601153,0 74.22297559589538,21.53794836601065,0 74.22241259589487,21.53732111601011,0 74.2215783458941,21.53692761600973,0 74.22057784589316,21.5366728660095,0 74.21951459589218,21.53650761600932,0 74.21844809589118,21.53636086600921,0 74.21745284589025,21.53621661600903,0 74.21643309588927,21.53612686600894,0 74.21538159588829,21.53608186600895,0 74.21433984588731,21.53604636600886,0 74.21330809588636,21.53600211600883,0 74.21229809588544,21.53591261600877,0 74.21134234588453,21.53576286600861,0 74.21044934588372,21.53553061600843,0 74.20972684588304,21.53506061600797,0 74.20934609588267,21.53414811600714,0 74.2090338458824,21.5331368660062,0 74.20845509588185,21.5324146160055,0 74.20761259588107,21.53199061600509,0 74.20666634588019,21.53168261600484,0 74.20566834587925,21.53143011600458,0 74.20466809587833,21.53117511600436,0 74.20372284587745,21.53084861600405,0 74.20287584587663,21.5303531160036,0 74.20218384587599,21.52958036600285,0 74.20149884587539,21.52881711600213,0 74.20072859587464,21.52837086600175,0 74.1997873458738,21.52828611600165,0 74.19875959587284,21.5283248660017,0 74.19769759587183,21.5284633660018,0 74.19665834587084,21.52870436600205,0 74.19569459586995,21.52902161600236,0 74.1948553458692,21.52941311600273,0 74.19424234586859,21.53008936600332,0 74.19383234586826,21.53101761600419,0 74.19354809586798,21.53199211600509,0 74.19336784586778,21.53290386600594,0 74.19326259586768,21.53383936600682,0 74.19320609586765,21.5347856160077,0 74.19314959586762,21.53573211600861,0 74.19304409586749,21.53667436600949,0 74.19285409586735,21.53757886601034,0 74.19254459586705,21.53845586601113,0 74.19213059586667,21.53931011601191,0 74.19163609586622,21.54014061601271,0 74.19107409586564,21.54094111601347,0 74.19048959586513,21.54169436601416,0 74.18985484586455,21.54241836601483,0 74.1891745958639,21.54311036601546,0 74.18846309586326,21.54378286601611,0 74.1877545958626,21.5444463660167,0 74.18704559586189,21.54511886601734,0 74.18637259586131,21.545813616018,0 74.1857595958607,21.54654286601868,0 74.1851940958602,21.54730636601937,0 74.18464484585968,21.54809786602009,0 74.18412159585921,21.54891111602086,0 74.18362009585871,21.54973211602162,0 74.18316709585832,21.55057586602243,0 74.18274284585789,21.5514276160232,0 74.18235559585753,21.55228286602403,0 74.18203834585722,21.55317111602483,0 74.1818725958571,21.55413861602574,0 74.18178159585699,21.55513911602668,0 74.18170334585693,21.55613061602759,0 74.18157759585682,21.55708136602846,0 74.18132034585659,21.55794636602928,0 74.18087234585619,21.55867061602999,0 74.18020509585557,21.55928961603052,0 74.17936634585476,21.55983511603102,0 74.17840334585384,21.56029286603149,0 74.17738634585294,21.56063561603179,0 74.17635034585197,21.56084886603196,0 74.17534059585103,21.56091811603204,0 74.17436609585013,21.56091261603206,0 74.17338209584921,21.56089761603203,0 74.17237459584823,21.56086311603201,0 74.17137159584729,21.56083136603196,0 74.17036009584638,21.5607691160319,0 74.16934184584545,21.56069736603183,0 74.16833134584448,21.56061686603175,0 74.16731184584353,21.56051736603166,0 74.1662950958426,21.56040886603159,0 74.16527959584164,21.56027286603143,0 74.16427384584068,21.56013711603134,0 74.16326684583976,21.55997611603118,0 74.16227259583883,21.55980386603102,0 74.1612885958379,21.55962311603082,0 74.16031584583703,21.55941486603064,0 74.15935309583614,21.55920036603044,0 74.15840134583522,21.55895611603023,0 74.15747234583438,21.55870586602998,0 74.15658359583352,21.55837436602968,0 74.1557768458328,21.55786186602921,0 74.15502459583212,21.55723161602862,0 74.15432784583146,21.55651386602796,0 74.15365534583083,21.55575086602727,0 74.15299009583021,21.55498586602653,0 74.15233284582956,21.55426961602586,0 74.15177934582908,21.55348361602512,0 74.15128809582859,21.55262861602432,0 74.15075484582809,21.55183661602359,0 74.15005284582747,21.55123811602305,0 74.14916059582663,21.55082361602263,0 74.14816134582571,21.55054061602238,0 74.14717834582478,21.55034136602222,0 74.14619459582389,21.55016036602206,0 74.14520309582292,21.54998136602188,0 74.14420859582202,21.54981811602169,0 74.14321059582107,21.54968261602158,0 74.14221384582015,21.54956561602148,0 74.14121284581921,21.54949436602141,0 74.14021984581831,21.5494626160214,0 74.13922309581739,21.54946536602137,0 74.13818759581642,21.54950336602144,0 74.13712559581541,21.54958636602152,0 74.13608259581446,21.54973436602165,0 74.13510209581352,21.54997711602186,0 74.13421484581272,21.55033636602218,0 74.13347334581204,21.5508508660227,0 74.13291409581149,21.55163261602343,0 74.13247209581107,21.55260561602432,0 74.1320868458107,21.55362661602527,0 74.13166484581035,21.55459336602615,0 74.13114584580984,21.55535836602689,0 74.13043809580921,21.55582811602733,0 74.12955909580836,21.55600336602748,0 74.12865859580756,21.5561041160276,0 74.12771834580667,21.55615736602761,0 74.12676359580576,21.55615236602762,0 74.12578134580485,21.55610011602755,0 74.1247730958039,21.55602161602746,0 74.12375409580295,21.55591286602737,0 74.12272834580199,21.5557853660273,0 74.12169134580103,21.55563886602716,0 74.12064634580008,21.55550136602699,0 74.11960159579911,21.55536386602688,0 74.11855184579815,21.55522386602673,0 74.11751259579717,21.55512336602663,0 74.11648509579618,21.55504161602659,0 74.11547284579524,21.55499986602655,0 74.11446584579431,21.55500186602654,0 74.1134788457934,21.5550601160266,0 74.1125278457925,21.55529686602682,0 74.11158809579166,21.55566986602719,0 74.11067459579078,21.55612011602756,0 74.10976009578991,21.55658861602802,0 74.1088318457891,21.55698286602836,0 74.10788009578818,21.5572381160286,0 74.10690034578727,21.55729636602865,0 74.10591559578637,21.5572993660287,0 74.10492434578543,21.55728336602868,0 74.10392834578448,21.55726061602865,0 74.10293634578358,21.55720786602859,0 74.10193734578263,21.55714561602855,0 74.10093609578172,21.55707436602848,0 74.09993284578076,21.55699586602838,0 74.09892334577984,21.5568963660283,0 74.09792584577889,21.55679736602821,0 74.09691634577797,21.55669786602812,0 74.09591684577703,21.55658961602802,0 74.0949098457761,21.55648336602792,0 74.09390059577515,21.55637461602782,0 74.09290134577424,21.55626636602773,0 74.09189409577328,21.55616711602761,0 74.09089384577237,21.55607711602756,0 74.08988359577143,21.55598686602746,0 74.08888534577051,21.55590836602738,0 74.08788384576957,21.55584611602734,0 74.08689184576866,21.55579336602727,0 74.0858993457677,21.55574961602725,0 74.08490609576677,21.55572686602721,0 74.08392134576587,21.55572961602723,0 74.08293584576495,21.55575061602724,0 74.08197434576408,21.55595011602742,0 74.08104709576321,21.55631661602774,0 74.08014359576237,21.5567553660282,0 74.07922959576149,21.55721436602864,0 74.07829859576066,21.55760836602895,0 74.07733659575973,21.55787211602921,0 74.07636234575881,21.55802261602935,0 74.07536934575791,21.55815411602947,0 74.07437709575697,21.55826936602961,0 74.07338534575604,21.55837286602969,0 74.07238484575515,21.55845786602975,0 74.07137459575421,21.55853336602985,0 74.07037709575326,21.55860211602987,0 74.06936809575234,21.55864986602995,0 74.06836209575135,21.55868861603,0 74.06735384575046,21.55871786603001,0 74.0663490957495,21.55873136603003,0 74.06535159574855,21.55874261603003,0 74.06435709574765,21.55874486603005,0 74.06336459574675,21.55870111602997,0 74.06236884574582,21.55856736602987,0 74.06138709574486,21.55833986602966,0 74.06041759574396,21.55805761602937,0 74.05948209574314,21.55773286602909,0 74.05855784574226,21.55737861602875,0 74.05764484574138,21.55699011602837,0 74.05675234574056,21.55658436602801,0 74.05585359573973,21.55615736602761,0 74.05496234573889,21.55572386602722,0 74.05406084573804,21.55529911602685,0 74.05317109573724,21.55489086602643,0 74.04840659573279,21.5513866160232,0 74.04123534572614,21.5489083660209,0 74.03575434572099,21.55057961602245,0 74.01956884570592,21.55186936602366,0 74.01304559569985,21.54976561602166,0 73.99927134568702,21.54004311601261,0 73.97738834566667,21.54133811601383,0 73.97564659566501,21.5390623660117,0 73.9763748456657,21.53502736600797,0 73.9814033456704,21.52171636599553,0 73.97954684566866,21.52065886599457,0 73.97604209566538,21.52109886599499,0 73.96828359565819,21.52339461599712,0 73.96717809565712,21.53071911600393,0 73.96369684565389,21.53788811601061,0 73.96012234565057,21.53838961601104,0 73.95656859564724,21.53720386600998,0 73.9548928456457,21.51863661599264,0 73.95102634564211,21.51581011599006,0 73.94731409563866,21.5151403659894,0 73.9331033456254,21.50946536598411,0 73.93131559562374,21.52001786599397,0 73.92983534562239,21.52180736599564,0 73.92746284562014,21.52293436599666,0 73.92466909561756,21.52236086599612,0 73.92207859561512,21.51999286599391,0 73.91973609561296,21.51897236599296,0 73.90409709559839,21.51956011599356,0 73.90365184559801,21.51269386598716,0 73.89717409559194,21.50814361598293,0 73.89062309558585,21.50544836598039,0 73.88014684557606,21.50409936597913,0 73.87607809557232,21.50920686598391,0 73.87371259557011,21.50731911598212,0 73.87032309556696,21.50062761597593,0 73.86375859556085,21.49670561597225,0 73.85421684555195,21.4952776159709,0 73.84742834554561,21.50671636598156,0 73.84328759554177,21.51044111598503,0 73.83843659553725,21.52103561599489,0 73.83355434553272,21.53637711600919,0 73.82715409552674,21.55294361602461,0 73.8224678455224,21.57240611604277,0 73.81791034551816,21.59774886606635,0 73.81657709551689,21.60012811606856,0 73.81185234551248,21.60178786607014,0 73.80021709550164,21.60183661607016,0 73.78390834548645,21.61799411608518,0 73.78286159548549,21.62039661608742,0 73.78093684548372,21.62454086609131,0 73.78420409548676,21.6282683660948,0 73.79351259549541,21.63410561610021,0 73.80221984550354,21.63515061610121,0 73.82250484552242,21.63922186610501,0 73.83206009553129,21.63480036610088,0 73.83876534553752,21.63257386609876,0 73.84661484554488,21.63526686610129,0 73.85383609555157,21.64124311610686,0 73.86388634556096,21.63817311610398,0 73.87929609557528,21.64441711610982,0 73.88497309558056,21.65085386611582,0 73.88816059558354,21.65642736612102,0 73.89183159558695,21.66660786613051,0 73.89013234558541,21.69960486616122,0 73.88774734558319,21.7024628661639,0 73.88399759557967,21.70996811617085,0 73.87881584557488,21.71376036617443,0 73.87208684556856,21.71626436617675,0 73.86495034556197,21.72126186618141,0 73.85881734555625,21.72872261618835,0 73.85400359555172,21.73236311619172,0 73.85001284554801,21.73399911619328,0 73.84002509553875,21.74135936620013,0 73.82485209552459,21.76226536621959,0 73.83496784553404,21.76800436622494,0 73.83665334553558,21.77149786622817,0 73.83206959553132,21.78348486623935,0 73.83785859553672,21.78645311624211,0 73.83868284553745,21.79001986624542,0 73.82936734552879,21.79283311624806,0 73.82788884552741,21.79596036625094,0 73.83264434553183,21.79951986625429,0 73.82721834552677,21.80451886625894,0 73.82580959552547,21.81020311626423,0 73.82128909552124,21.81129386626526,0 73.81125384551194,21.80787436626207,0 73.80720384550818,21.80949986626353,0 73.80417634550531,21.82271811627589,0 73.80990484551069,21.82793736628071,0 73.82166009552162,21.83420961628655,0 73.83529734553434,21.83783336628994,0 73.85757759555509,21.83595086628821,0 73.87348809556988,21.83792461629002,0 73.89348759558851,21.85374086630475,0 73.90064084559521,21.85287186630393,0 73.91597659560944,21.85580586630669,0 73.93043784562292,21.86235361631276,0 73.94331709563494,21.86953211631948,0 73.95498584564581,21.87515911632471,0 73.97398984566348,21.88664536633542,0 73.99923734568699,21.89847186634643,0 74.00607209569336,21.8996438663475,0 74.01746959570397,21.90505036635255,0 74.03008009571573,21.91507336636186,0 74.04116084572604,21.92185636636821,0 74.05097059573518,21.92544261637153,0 74.05616884574005,21.92708236637304,0 74.0661140957493,21.92861836637451,0 74.09334909577467,21.93661911638196,0 74.10837034578861,21.94366636638852,0 74.13297034581154,21.95229861639655,0 74.1408648458189,21.95298536639718,0 74.13952059581766,21.95550111639955,0 74.1437583458216,21.95962686640337,0 74.14019409581829,21.96353536640703,0 74.13821859581645,21.96879711641191,0 74.1385138458167,21.97114411641411,0 74.14048434581855,21.97291561641577,0 74.14808934582561,21.97447286641722,0 74.1467433458244,21.97979611642216,0 74.14874434582623,21.98532286642734,0 74.14450184582228,21.98770336642951,0 74.13685084581516,21.99014511643179,0 74.12257409580189,21.99268761643418,0 74.1116840957917,21.99756761643869,0 74.10298759578365,21.99730661643849,0 74.09976034578062,21.99789436643903,0 74.09510434577629,22.00054536644149,0 74.09522509577641,22.00950486644984,0 74.09247734577383,22.01441386645439,0 74.09595734577709,22.01722411645704,0 74.10371334578429,22.02074461646032,0 74.11148384579155,22.02356761646291,0 74.11573509579551,22.02918961646816,0 74.11999434579946,22.03480711647341,0 74.12697534580599,22.037633116476,0 74.13591509581431,22.03974936647802,0 74.14016734581827,22.04256086648064,0 74.13899584581719,22.04677861648458,0 74.13432734581284,22.04957761648717,0 74.13276634581138,22.05238236648978,0 74.14402109582187,22.0551958664924,0 74.14946284582692,22.05661361649368,0 74.15800759583487,22.05942736649632,0 74.15838234583521,22.06294261649958,0 74.15681484583376,22.06995986650611,0 74.15991409583665,22.07277686650878,0 74.1610663458377,22.07698561651267,0 74.16260584583915,22.0812048665166,0 74.16572009584206,22.08331036651856,0 74.1715468458475,22.0833188665186,0 74.17581259585143,22.08542961652052,0 74.17386284584961,22.08893361652383,0 74.17035534584636,22.09033686652509,0 74.1672445958435,22.09243486652707,0 74.16918334584528,22.09524611652967,0 74.16722609584343,22.09735611653167,0 74.16527734584162,22.10016011653425,0 74.16060809583729,22.10155736653559,0 74.15710359583403,22.10155086653554,0 74.15361309583079,22.10084461653491,0 74.15126034582858,22.10294411653683,0 74.14971234582714,22.10434911653817,0 74.14503909582277,22.10294261653684,0 74.138835095817,22.10012261653423,0 74.13299934581158,22.09731186653158,0 74.12756759580651,22.09519361652963,0 74.12522634580432,22.09659286653095,0 74.12404784580326,22.10221086653615,0 74.12403059580322,22.10712311654072,0 74.12517784580427,22.11274386654599,0 74.12633109580537,22.11906311655184,0 74.12630584580535,22.12327486655579,0 74.12280334580208,22.12607986655842,0 74.12161934580098,22.13098611656295,0 74.12237859580171,22.13660586656823,0 74.12469509580387,22.14152136657276,0 74.12857259580744,22.14504411657606,0 74.12816934580707,22.15206286658258,0 74.12853784580744,22.15697861658719,0 74.13007934580884,22.16048886659047,0 74.12696209580594,22.16328611659304,0 74.12151159580088,22.16539136659503,0 74.11993684579943,22.17100811660026,0 74.11913384579867,22.17661761660549,0 74.11794809579754,22.18083286660942,0 74.11715484579685,22.18644286661464,0 74.11870234579828,22.19136561661918,0 74.11751359579716,22.1969741166244,0 74.11632784579604,22.20399261663096,0 74.11747359579709,22.20751061663423,0 74.1178535957975,22.21172461663815,0 74.11433459579422,22.21522686664144,0 74.10889009578915,22.21802561664401,0 74.10264509578332,22.21942211664532,0 74.09680459577788,22.21941311664534,0 74.08940359577099,22.22010311664599,0 74.08240759576444,22.21938711664529,0 74.07656459575901,22.21937736664529,0 74.07071784575356,22.22076736664661,0 74.06834984575136,22.22848786665378,0 74.06950784575247,22.23340736665836,0 74.07338859575606,22.23622236666096,0 74.07961384576186,22.23693386666161,0 74.08428859576622,22.23905161666363,0 74.08660184576837,22.24256736666689,0 74.0842515957662,22.24606886667016,0 74.08035759576256,22.24676636667078,0 74.07567284575816,22.24886111667274,0 74.07371984575639,22.25166386667536,0 74.07487634575745,22.25728361668058,0 74.07446084575707,22.2622061166852,0 74.07328109575599,22.26711461668976,0 74.06743409575051,22.2678046166904,0 74.06391459574724,22.27130836669363,0 74.05961984574321,22.27481611669691,0 74.05647959574031,22.27972136670149,0 74.05413059573812,22.28463236670608,0 74.05488259573883,22.28954986671067,0 74.05332459573737,22.29235661671328,0 74.05290159573696,22.29867686671912,0 74.05405809573807,22.30428761672436,0 74.05755834574131,22.3057083667257,0 74.06145884574494,22.3043088667244,0 74.06182084574527,22.30992511672963,0 74.06179434574528,22.3162451167355,0 74.06332609574667,22.32467386674335,0 74.06331634574667,22.32958711674792,0 74.0691373457521,22.33522161675319,0 74.07106184575389,22.34013686675775,0 74.06948484575241,22.34504836676235,0 74.06674809574986,22.34784836676494,0 74.06595109574914,22.35346761677016,0 74.0670983457502,22.3590896167754,0 74.07215359575491,22.36120636677737,0 74.07878809576107,22.36121261677738,0 74.08502109576688,22.3612261167774,0 74.09047184577196,22.36123386677741,0 74.09356934577488,22.36756511678328,0 74.0951105957763,22.37177636678723,0 74.10057159578139,22.37178411678724,0 74.10719734578754,22.37039736678593,0 74.11032684579044,22.366181616782,0 74.1115220957916,22.35987036677613,0 74.11231659579232,22.35635386677285,0 74.11972134579923,22.35707236677353,0 74.1244083458036,22.35146086676832,0 74.12560284580468,22.34232786675977,0 74.1268003458058,22.3367213667546,0 74.12953809580836,22.33110111674933,0 74.13890159581706,22.3290153667474,0 74.14941984582686,22.3276163667461,0 74.15916884583595,22.32553061674417,0 74.17125759584724,22.32343511674219,0 74.17944934585483,22.32133161674022,0 74.18645434586136,22.32064261673957,0 74.19112359586569,22.3241573667429,0 74.1918688458664,22.33258911675074,0 74.19029159586495,22.34241736675989,0 74.19028284586494,22.34803061676513,0 74.19300634586745,22.34943411676642,0 74.19340084586781,22.34662536676381,0 74.19380184586822,22.34171361675925,0 74.19769659587183,22.34172011675924,0 74.2008043458747,22.34663736676378,0 74.20157084587544,22.35225486676904,0 74.20116209587508,22.35858061677493,0 74.2015393458754,22.36208486677822,0 74.20230609587611,22.36630186678212,0 74.20543684587903,22.36489461678082,0 74.20661734588015,22.36138786677753,0 74.20895659588234,22.35788386677427,0 74.21208209588525,22.35647861677296,0 74.21909959589175,22.35648861677299,0 74.22259759589502,22.35719336677363,0 74.22219259589463,22.36350786677952,0 74.22296259589535,22.36772286678342,0 74.22295384589535,22.37123286678673,0 74.2213888458939,22.37403861678934,0 74.22099234589354,22.37684986679193,0 74.22644134589859,22.37825336679328,0 74.23073834590258,22.37685311679195,0 74.23580784590735,22.37545211679065,0 74.24126034591239,22.37615711679131,0 74.24164209591277,22.38178286679653,0 74.24514959591602,22.38177811679651,0 74.24865559591927,22.38248261679717,0 74.25177284592218,22.38459811679916,0 74.2525443459229,22.38880586680307,0 74.25291809592323,22.39372186680766,0 74.25367834592396,22.39863636681223,0 74.25915259592909,22.395137616809,0 74.2642240959338,22.39302636680703,0 74.26968034593887,22.39162736680572,0 74.27709559594575,22.39232936680633,0 74.28294709595122,22.39163136680571,0 74.28683559595487,22.3902256168044,0 74.28995259595774,22.39304036680705,0 74.28409234595227,22.39654861681032,0 74.27746834594615,22.39865486681225,0 74.27395684594285,22.40145911681486,0 74.27044584593961,22.40215786681552,0 74.26693109593629,22.40356361681683,0 74.26574884593521,22.40917386682208,0 74.26573734593518,22.41339811682599,0 74.26222909593196,22.41690686682927,0 74.25987109592973,22.42322136683515,0 74.25517684592535,22.42743611683904,0 74.24971184592027,22.43164686684298,0 74.24230534591339,22.43514786684625,0 74.23293209590463,22.43794936684884,0 74.22396309589629,22.43865111684948,0 74.21928284589194,22.43864086684948,0 74.21616159588905,22.44074911685146,0 74.21420759588722,22.44145086685211,0 74.21226409588542,22.43793961684884,0 74.21188159588502,22.43302311684426,0 74.20720134588066,22.43301486684425,0 74.20018884587415,22.43581461684687,0 74.20017959587415,22.43932736685013,0 74.20014959587411,22.44565161685602,0 74.20053084587448,22.45337861686323,0 74.20011459587408,22.45969511686911,0 74.20010834587407,22.46531561687436,0 74.19814434587227,22.47093261687956,0 74.19345459586788,22.47373361688216,0 74.18642209586136,22.47653236688478,0 74.18098209585628,22.46810211687693,0 74.17826109585371,22.46318761687234,0 74.1778885958534,22.45897161686844,0 74.17984559585523,22.45475536686451,0 74.18180809585704,22.45125086686124,0 74.18298559585816,22.44633411685663,0 74.18222259585741,22.44281736685338,0 74.17833209585382,22.44141936685207,0 74.16818684584433,22.44069961685142,0 74.16703184584327,22.43648111684746,0 74.16626009584257,22.43227736684355,0 74.16275234583929,22.43086836684227,0 74.15651834583349,22.43086061684226,0 74.1541780958313,22.43366136684483,0 74.15143384582876,22.43857036684943,0 74.15141309582873,22.44419261685465,0 74.15217959582947,22.44911036685926,0 74.15176134582907,22.45542436686515,0 74.14669084582431,22.4554198668651,0 74.1396798458178,22.4554183668651,0 74.13617784581453,22.4525968668625,0 74.13268759581126,22.44697436685726,0 74.12957184580841,22.44135286685201,0 74.1264805958055,22.43502711684613,0 74.12610734580517,22.42870986684023,0 74.12573834580479,22.42379136683564,0 74.12574984580482,22.4202788668324,0 74.12224509580159,22.4188711168311,0 74.11833909579792,22.41956261683174,0 74.11168959579174,22.42517161683696,0 74.10582709578625,22.42797511683955,0 74.10035734578116,22.43218036684345,0 74.09800384577898,22.43849286684934,0 74.09602834577714,22.44410561685459,0 74.09757384577858,22.44972911685983,0 74.10106434578182,22.4546521168644,0 74.10143659578216,22.46096936687031,0 74.0986798457796,22.4665888668755,0 74.09555834577674,22.46798311687684,0 74.09048734577198,22.46797886687682,0 74.08580309576763,22.46797336687684,0 74.08113009576329,22.46585586687484,0 74.07333984575604,22.46443411687352,0 74.07369384575634,22.47216061688073,0 74.07406259575669,22.4798898668879,0 74.07561009575812,22.48480411689247,0 74.07872984576102,22.48340811689121,0 74.08069334576288,22.48060511688857,0 74.08420434576612,22.4785031168866,0 74.08575034576756,22.48131411688922,0 74.08496159576686,22.48763436689513,0 74.08260009576463,22.49254586689972,0 74.08101184576316,22.49745986690425,0 74.08178209576386,22.50377886691018,0 74.08059709576276,22.5072871169134,0 74.07668959575915,22.5072866169134,0 74.07396784575661,22.50798186691406,0 74.06927559575223,22.5093786169154,0 74.06498134574821,22.5086646169147,0 74.06029359574387,22.50935861691534,0 74.05717759574094,22.51005411691602,0 74.05405359573808,22.50934661691537,0 74.05134409573554,22.50442786691076,0 74.04979559573411,22.50020411690684,0 74.04512709572975,22.4987883669055,0 74.04161584572648,22.49597561690291,0 74.04086059572575,22.49176011689894,0 74.03813309572325,22.48965336689702,0 74.03227584571778,22.49033961689765,0 74.03109259571664,22.49524836690222,0 74.03028109571591,22.50156761690812,0 74.02986834571556,22.50719086691333,0 74.03414159571952,22.51281886691856,0 74.03880359572383,22.51563561692121,0 74.03839434572347,22.52265961692774,0 74.03602859572129,22.52897311693363,0 74.03756584572272,22.53599561694017,0 74.03988334572483,22.54092211694473,0 74.0453278457299,22.54444436694803,0 74.05156309573573,22.54656211694998,0 74.06209659574557,22.54966811695289,0 74.07342059575609,22.55039011695357,0 74.07967084576194,22.54830061695162,0 74.0886748457703,22.54339486694704,0 74.09610384577724,22.53990161694378,0 74.10118709578194,22.53639536694056,0 74.1050858457856,22.5371043669412,0 74.10897909578921,22.5399166169438,0 74.11405634579393,22.53852186694252,0 74.11758584579724,22.53431661693861,0 74.12033284579979,22.52870536693337,0 74.12308234580235,22.52308511692814,0 74.12543509580456,22.52028286692553,0 74.12895284580782,22.51747961692291,0 74.13402734581251,22.51888561692424,0 74.1387068458169,22.51748861692295,0 74.14339209582124,22.5167898669223,0 74.14885584582635,22.51609561692163,0 74.15236559582962,22.51961511692491,0 74.15351784583066,22.52523661693016,0 74.15311034583033,22.53085561693536,0 74.1542735958314,22.53296211693732,0 74.15856184583538,22.53577911693998,0 74.16362084584011,22.53999611694389,0 74.16829259584443,22.54351161694717,0 74.17452434585027,22.54703161695045,0 74.17998959585532,22.54843936695175,0 74.18740209586224,22.55196736695501,0 74.1908968458655,22.55547611695829,0 74.19128159586586,22.55899011696158,0 74.19088784586552,22.56109661696354,0 74.18579809586078,22.5660108669681,0 74.19516309586948,22.56882561697074,0 74.19906384587313,22.56672186696881,0 74.20531909587891,22.56532786696749,0 74.20960659588292,22.56602836696812,0 74.21231484588543,22.57656711697797,0 74.21426059588725,22.58008086698124,0 74.21855184589128,22.58008786698122,0 74.22205309589452,22.58359611698449,0 74.22321884589559,22.58921761698974,0 74.22594134589815,22.59554336699563,0 74.23021109590212,22.60537886700479,0 74.23253609590427,22.61240586701132,0 74.23956784591081,22.61240586701132,0 74.24345984591446,22.6159238670146,0 74.24579809591665,22.62154136701986,0 74.24970109592027,22.62154886701984,0 74.2536020959239,22.62295236702112,0 74.25438309592465,22.62505736702309,0 74.2524135959228,22.62927211702703,0 74.25240084592281,22.63418786703159,0 74.25513959592536,22.63489036703225,0 74.25825309592824,22.63700336703425,0 74.25942284592929,22.64122186703816,0 74.26137559593116,22.64332286704013,0 74.26527109593479,22.64192661703885,0 74.26762959593697,22.63981361703685,0 74.26957884593878,22.63911086703621,0 74.27074959593989,22.64121911703813,0 74.27425184594313,22.64613611704272,0 74.28598134595404,22.64192961703884,0 74.29067934595844,22.63982586703685,0 74.29497109596241,22.63912336703623,0 74.30043659596754,22.63842361703559,0 74.30552234597224,22.63772061703492,0 74.3094293459759,22.63701736703428,0 74.3133378459795,22.6349086170323,0 74.31841234598426,22.63491686703231,0 74.3215370959872,22.63702186703427,0 74.32270259598823,22.64053011703754,0 74.32425659598971,22.6426361170395,0 74.32699934599225,22.64193711703882,0 74.33052059599555,22.63982736703685,0 74.33325359599809,22.63912536703623,0 74.34028534600463,22.64053286703751,0 74.34848484601224,22.63771936703489,0 74.36021284602316,22.63490786703226,0 74.36919084603153,22.63490961703229,0 74.37739109603916,22.63701736703428,0 74.38051509604207,22.6419338670388,0 74.38090084604244,22.64895111704539,0 74.3804953460421,22.65878611705454,0 74.3812645960428,22.66791611706304,0 74.38633334604754,22.67635061707085,0 74.39062384605148,22.68407186707805,0 74.39335634605408,22.69039486708396,0 74.39334234605406,22.6988208670918,0 74.39725009605769,22.70513886709767,0 74.39763734605805,22.71075786710293,0 74.39723909605766,22.71848086711015,0 74.39956834605982,22.72901836711992,0 74.40503159606493,22.73534286712584,0 74.41089484607039,22.743066367133,0 74.41362209607291,22.74938886713892,0 74.41713234607619,22.7557053671448,0 74.42183109608055,22.75851111714741,0 74.42768084608605,22.76834136715656,0 74.43197659609001,22.77746911716503,0 74.43588609609367,22.78378611717096,0 74.43705959609474,22.79151861717816,0 74.43743859609509,22.79784436718404,0 74.43548234609329,22.80346286718925,0 74.43587409609364,22.80767661719318,0 74.44056809609805,22.80837136719385,0 74.44839284610532,22.80907461719448,0 74.45621034611258,22.81046811719579,0 74.46168709611771,22.81327561719843,0 74.46559884612134,22.82170436720622,0 74.46872109612423,22.83083211721475,0 74.47575809613079,22.85681286723895,0 74.47222884612751,22.86313936724485,0 74.47105084612639,22.86594836724749,0 74.47065634612602,22.87297386725401,0 74.46830959612385,22.87860161725922,0 74.46555784612127,22.88562886726578,0 74.46322059611913,22.89265986727236,0 74.46321609611914,22.8989786172782,0 74.46046834611656,22.90530336728409,0 74.45968509611583,22.91162611728999,0 74.45498234611142,22.91444461729265,0 74.45185384610852,22.91654911729461,0 74.44832434610527,22.92217711729984,0 74.44088784609835,22.92078336729849,0 74.43540034609322,22.91586011729396,0 74.43265909609067,22.91867386729655,0 74.42874409608703,22.92078586729855,0 74.42522034608373,22.91798211729594,0 74.42052534607933,22.91797786729592,0 74.41543984607461,22.91657936729461,0 74.40917709606879,22.91096561728938,0 74.40487834606478,22.90253711728155,0 74.39705534605753,22.89761836727694,0 74.38961384605057,22.90043561727958,0 74.38491634604617,22.90535336728414,0 74.37825509603999,22.90816411728679,0 74.37433484603633,22.91378536729201,0 74.37119409603343,22.92081286729854,0 74.36805059603051,22.92432486730183,0 74.36218334602501,22.92783936730513,0 74.35865109602173,22.9313598673084,0 74.35668159601988,22.94048786731691,0 74.35079759601444,22.94540461732145,0 74.34453084600858,22.95172811732732,0 74.34099884600528,22.95664886733192,0 74.3382465960027,22.96297386733784,0 74.34635934601027,22.96704711734162,0 74.35146684601506,22.97336936734751,0 74.3538138460172,22.97547936734946,0 74.35967759602266,22.97617836735014,0 74.36476684602741,22.97477511734883,0 74.36750559602996,22.97547561734945,0 74.36749859602998,22.97828811735206,0 74.36552084602812,22.98179261735532,0 74.36216959602501,22.98806136736118,0 74.35441909601781,22.99862011737099,0 74.35203709601558,23.00132861737353,0 74.34736859601122,23.01378211738512,0 74.34590684600988,23.02849286739882,0 74.34349884600761,23.03218861740226,0 74.3355578460002,23.03409311740404,0 74.32859359599377,23.0374576174072,0 74.32440084598983,23.04096211741046,0 74.32197359598757,23.04644911741554,0 74.31946659598526,23.0609571174291,0 74.31497259598103,23.06552361743331,0 74.31220284597845,23.07040111743788,0 74.30684884597349,23.07782211744478,0 74.30059534596768,23.0821726174488,0 74.28340334595163,23.09000611745614,0 74.2791713459477,23.09331661745921,0 74.27741259594609,23.09928436746475,0 74.27867509594728,23.10473211746984,0 74.28482284595299,23.11702386748129,0 74.28159409594997,23.12288336748674,0 74.27620109594494,23.12827236749177,0 74.27430909594318,23.13226986749549,0 74.27329409594222,23.13807186750092,0 74.26850884593779,23.15431161751604,0 74.26374934593338,23.16427661752527,0 74.25855009592851,23.16990486753053,0 74.25369259592401,23.17303461753346,0 74.24907809591969,23.1744871175348,0 74.24643884591723,23.17675111753692,0 74.24269209591375,23.18658336754606,0 74.2336443459053,23.18104111754093,0 74.22594459589811,23.18237361754217,0 74.2041140958778,23.19042386754967,0 74.20071184587465,23.18746511754688,0 74.19662084587083,23.1821278675419,0 74.19062809586524,23.17696886753714,0 74.18603434586095,23.17024111753085,0 74.18561184586059,23.15632086751787,0 74.18306434585821,23.15093361751286,0 74.1794300958548,23.15063811751258,0 74.16133909583795,23.15491736751659,0 74.15708009583403,23.1539868675157,0 74.15155184582886,23.15619161751777,0 74.1448335958226,23.17050836753111,0 74.14206359582005,23.17369636753409,0 74.13252934581112,23.1761818675364,0 74.12685759580586,23.17611986753633,0 74.1233515958026,23.17733011753745,0 74.1208023458002,23.186484617546,0 74.12087409580027,23.18892736754828,0 74.1188490957984,23.19005636754929,0 74.11986234579933,23.20017786755875,0 74.12106334580045,23.20504661756325,0 74.13031459580907,23.21364011757128,0 74.13151559581019,23.21851786757583,0 74.13590759581427,23.22527411758211,0 74.13509234581352,23.22937136758594,0 74.13524059581368,23.23481911759098,0 74.13297309581156,23.24325436759887,0 74.13256884581119,23.26316861761739,0 74.13025534580902,23.26790411762181,0 74.12635459580537,23.27117061762487,0 74.11501159579484,23.27383886762732,0 74.11032009579048,23.2758281176292,0 74.10750459578782,23.28419336763698,0 74.10301809578368,23.29260261764483,0 74.09808734577905,23.29423886764636,0 74.08612684576792,23.29649411764842,0 74.07288659575562,23.29671011764862,0 74.04500909572965,23.29360761764576,0 74.04074034572568,23.29465736764672,0 74.04597934573053,23.30564761765697,0 74.04398684572868,23.30950036766052,0 74.03766634572281,23.30556236765687,0 74.03385959571926,23.30431186765571,0 74.03222234571774,23.31118086766213,0 74.02633684571225,23.31852161766892,0 74.02896084571466,23.33092361768053,0 74.01987834570622,23.33147086768099,0 74.00004784568773,23.33481161768412,0 73.9869655956756,23.33626411768546,0 73.983145595672,23.33987611768885,0 73.98068159566969,23.34809211769647,0 73.97969134566881,23.35848161770616,0 73.97511034566452,23.36648486771361,0 73.96723334565718,23.37579111772226,0 73.95864584564919,23.38006186772629,0 73.95308909564403,23.37631861772281,0 73.943426095635,23.37221161771896,0 73.93983434563165,23.36503911771229,0 73.93992659563179,23.35229836770043,0 73.93871134563062,23.3446441176933,0 73.93496409562715,23.34012861768906,0 73.92386959561679,23.33660861768578,0 73.90997909560389,23.33472736768403,0 73.89717809559193,23.334683117684,0 73.89019859558545,23.33590836768514,0 73.89088259558611,23.35135761769953,0 73.88714284558262,23.35738536770515,0 73.87538634557166,23.36690236771403,0 73.87300759556945,23.37712511772355,0 73.86271334555988,23.39458061773979,0 73.85338384555115,23.40361086774816,0 73.8323753455316,23.42953136777231,0 73.83273109553193,23.43897936778115,0 73.82805609552759,23.44559936778728,0 73.82280159552266,23.44570461778738,0 73.7899895954921,23.43447836777693,0 73.77885384548176,23.4335478677761,0 73.77362709547691,23.44126136778329,0 73.76972059547325,23.44481436778659,0 73.76678609547054,23.45152886779283,0 73.76048859546466,23.45752786779843,0 73.75639909546084,23.45577511779675,0 73.75232109545703,23.44854336779002,0 73.74705084545212,23.4414398677834,0 73.72961359543592,23.42390286776708,0 73.72441584543105,23.41731086776093,0 73.72173859542858,23.41168636775569,0 73.7158803454231,23.41386936775774,0 73.71279484542021,23.41787861776146,0 73.70913709541685,23.43272436777534,0 73.70518934541315,23.4435416177854,0 73.69981134540814,23.4548368677959,0 73.68952809539854,23.45797686779884,0 73.67743659538729,23.45617461779716,0 73.66419634537498,23.45104211779238,0 73.65626884536761,23.44638286778803,0 73.64863384536045,23.43963586778176,0 73.63348259534638,23.44950811779092,0 73.62812884534138,23.45156586779285,0 73.63608959534878,23.47220436781208,0 73.63932184535179,23.49592911783418,0 73.64040559535283,23.49788236783599,0 73.64811684535999,23.50006536783803,0 73.65396334536547,23.50324436784098,0 73.65400784536547,23.51327486785033,0 73.65289634536447,23.51530711785222,0 73.64776034535964,23.5205341178571,0 73.6325250953455,23.53028786786615,0 73.63269634534561,23.54717936788188,0 73.63384109534672,23.56170561789543,0 73.63848259535104,23.568759117902,0 73.64541784535749,23.57447011790731,0 73.64685234535881,23.57999336791244,0 73.6443790953565,23.58980861792162,0 73.64370609535587,23.59777911792901,0 73.64567634535774,23.60681811793745,0 73.65647234536777,23.62199861795159,0 73.64612209535812,23.62600686795531,0 73.63796059535053,23.63040511795941,0 73.62863909534184,23.6376813679662,0 73.61467634532886,23.65059561797824,0 73.60418384531908,23.6535051179809,0 73.57282859528988,23.65461186798194,0 73.56628809528377,23.65276736798023,0 73.54843359526717,23.63064536795963,0 73.53683484525635,23.62196986795157,0 73.52760734524774,23.61286836794306,0 73.5220675952426,23.60996736794038,0 73.50880009523024,23.61617711794617,0 73.50556909522726,23.62006811794981,0 73.50101109522302,23.62822586795738,0 73.49641609521871,23.63321786796206,0 73.49668309521894,23.63482836796351,0 73.50379534522557,23.6387581179672,0 73.50697509522854,23.64444261797246,0 73.49587884521821,23.65011911797779,0 73.50258109522446,23.65710336798429,0 73.50318159522504,23.66199836798882,0 73.50635309522795,23.67275911799885,0 73.50665884522823,23.67944586800507,0 73.50580009522747,23.6963403680208,0 73.50397984522579,23.70269961802677,0 73.4973685952196,23.70603186802986,0 73.48100409520436,23.70441786802832,0 73.47465259519845,23.70839186803204,0 73.47199759519599,23.72045786804329,0 73.46827384519253,23.72521211804769,0 73.45813284518306,23.73375936805564,0 73.45029159517577,23.73918061806074,0 73.4466603451724,23.74831461806923,0 73.44619059517191,23.75205986807271,0 73.42753084515454,23.76158586808157,0 73.42299284515036,23.76594461808565,0 73.41582159514365,23.77885736809765,0 73.40881734513715,23.78062986809931,0 73.40394884513262,23.78314411810169,0 73.39530109512452,23.78354286810202,0 73.38918084511886,23.77804036809692,0 73.38509034511503,23.76884336808836,0 73.37109609510202,23.76628336808597,0 73.36654084509775,23.7774936180964,0 73.36288859509438,23.78328336810176,0 73.35784384508963,23.78706511810532,0 73.35630759508825,23.79128736810924,0 73.35804609508983,23.79738236811494,0 73.36569059509696,23.81400511813041,0 73.36794734509908,23.82154211813742,0 73.36720934509839,23.83169411814686,0 73.36481084509614,23.83817186815293,0 73.35515134508717,23.85426061816787,0 73.35739534508923,23.86150911817464,0 73.36140934509297,23.86870286818134,0 73.36660559509784,23.87547311818764,0 73.37235409510316,23.8884063681997,0 73.37779184510822,23.89459886820543,0 73.38196134511213,23.90536161821547,0 73.3916038451211,23.91637211822575,0 73.39776184512681,23.91777836822706,0 73.40327184513194,23.91566286822507,0 73.41569509514352,23.92291986823182,0 73.41904934514668,23.92711286823572,0 73.42027484514779,23.93057636823897,0 73.41599334514382,23.935983118244,0 73.41475209514266,23.95332886826014,0 73.4171310951449,23.9741923682796,0 73.41524434514309,23.98218611828702,0 73.40963009513791,23.9879688682924,0 73.40072259512959,23.99009736829442,0 73.4063033451348,23.99787336830166,0 73.406504595135,24.00209461830559,0 73.40495609513351,24.01539186831798,0 73.40720059513563,24.02471336832662,0 73.40713934513559,24.03438036833563,0 73.40953434513779,24.05060086835073,0 73.39995334512889,24.06475311836391,0 73.3923603451218,24.07209086837077,0 73.38101659511125,24.07917636837738,0 73.37553884510612,24.08374936838163,0 73.37049859510142,24.08668411838437,0 73.36534559509664,24.0876043683852,0 73.36538559509671,24.11210761840805,0 73.36927284510028,24.12775261842262,0 73.35654984508847,24.11373236840956,0 73.33848159507164,24.11550661841119,0 73.33084959506454,24.11480861841057,0 73.32753359506142,24.1037063684002,0 73.33013884506386,24.08226786838026,0 73.32810059506198,24.07336886837197,0 73.32212109505639,24.06221036836155,0 73.31399309504883,24.05650961835625,0 73.3069048450422,24.05434511835427,0 73.30231484503793,24.0511971183513,0 73.29335809502959,24.03653786833763,0 73.28643184502317,24.02717536832893,0 73.27813234501542,24.0286138683303,0 73.27067084500845,24.02782786832955,0 73.25922409499782,24.01993411832217,0 73.25166384499079,24.01302411831574,0 73.2478040949872,24.01097561831387,0 73.24107309498089,24.0105913683135,0 73.23782809497789,24.01267461831543,0 73.23556434497578,24.01820261832057,0 73.23037959497094,24.02000186832225,0 73.22462834496559,24.02393511832594,0 73.22457209496554,24.0280281183297,0 73.21850609495988,24.0323113683337,0 73.20332459494574,24.03943111834036,0 73.19583859493878,24.04520861834573,0 73.19413834493719,24.0514316183515,0 73.19630834493921,24.05735886835703,0 73.20435959494671,24.06657961836561,0 73.208942094951,24.07571536837412,0 73.20968909495167,24.08012961837824,0 73.21202634495387,24.08519036838294,0 73.21572084495727,24.08922086838669,0 73.21798009495939,24.09343236839067,0 73.21914909496047,24.09813936839504,0 73.21112984495301,24.10163786839826,0 73.20760459494971,24.10408361840058,0 73.19531309493829,24.10835786840454,0 73.19288909493605,24.11076461840679,0 73.18913934493253,24.10516386840158,0 73.18717659493069,24.10653311840287,0 73.18214159492601,24.10769211840392,0 73.16696659491191,24.11134736840734,0 73.162786844908,24.11631436841196,0 73.15636559490201,24.12012336841548,0 73.15068234489672,24.12193461841719,0 73.14233934488897,24.12262436841781,0 73.13363709488084,24.12817411842298,0 73.11853409486679,24.14044736843442,0 73.10928484485817,24.13874161843285,0 73.11167084486038,24.15301111844611,0 73.10819259485714,24.15794811845075,0 73.09757134484727,24.16539886845765,0 73.08607659483658,24.17548761846706,0 73.07780034482886,24.18521136847614,0 73.07643984482758,24.19208011848253,0 73.0771045948282,24.19687836848697,0 73.0823900948331,24.20102561849086,0 73.08693134483735,24.22109636850956,0 73.09644509484622,24.22345811851176,0 73.10125509485067,24.22632936851443,0 73.10647984485558,24.231272368519,0 73.10143884485086,24.23257636852026,0 73.09718284484688,24.23504011852253,0 73.09618259484597,24.23790586852522,0 73.10103834485051,24.24449186853133,0 73.10219034485158,24.24913436853564,0 73.10519434485434,24.25416211854031,0 73.11142484486015,24.26275211854835,0 73.13438984488153,24.28016861856457,0 73.13934659488615,24.29958061858263,0 73.14045284488719,24.30795636859046,0 73.14677534489311,24.31087736859314,0 73.16887709491368,24.30109711858404,0 73.17621984492052,24.30152036858442,0 73.18041709492439,24.30912286859154,0 73.18208759492597,24.32019661860181,0 73.18177334492566,24.32699936860814,0 73.18269834492656,24.33495661861559,0 73.1886440949321,24.3435811186236,0 73.19364034493674,24.33975336862005,0 73.19711909493998,24.33407686861477,0 73.206793844949,24.33418936861489,0 73.21222534495405,24.35041561863,0 73.22143184496264,24.35640361863557,0 73.22732409496808,24.36457936864315,0 73.20678484494897,24.37538886865326,0 73.19650884493939,24.3667741186452,0 73.18610859492969,24.35577236863497,0 73.1758743449202,24.35070236863027,0 73.16562009491065,24.35072136863027,0 73.15763609490318,24.35275361863216,0 73.15017659489627,24.35651186863566,0 73.14093834488767,24.36315411864183,0 73.13290584488016,24.36456311864317,0 73.12296459487089,24.36897411864726,0 73.11420659486276,24.37590361865369,0 73.1067655948558,24.38698461866403,0 73.10423134485347,24.38764986866465,0 73.09377609484375,24.38572636866286,0 73.08047334483132,24.39471511867123,0 73.07994034483085,24.39789461867417,0 73.08415584483475,24.40032661867644,0 73.08627484483674,24.40900886868457,0 73.08861409483893,24.41335211868858,0 73.09232209484236,24.4174226186924,0 73.10186109485124,24.42052411869526,0 73.10395709485323,24.42651086870086,0 73.10447184485366,24.43260186870651,0 73.10226734485161,24.44557661871858,0 73.10333259485265,24.45201486872457,0 73.10288559485224,24.45702336872926,0 73.09422384484412,24.47283311874401,0 73.09463209484454,24.49171161876154,0 73.09008334484031,24.49496411876458,0 73.07950584483046,24.4904673687604,0 73.07050884482209,24.48296211875339,0 73.06569509481756,24.48116211875174,0 73.06275509481486,24.4748741187459,0 73.0528578448056,24.47294086874411,0 73.04894034480196,24.46681811873839,0 73.04658684479978,24.46558936873725,0 73.02869934478309,24.46406761873584,0 73.0226845947775,24.46550036873714,0 73.01732859477255,24.46551061873715,0 73.0082690947641,24.48282386875331,0 73.00222484475847,24.4767113687476,0 72.99576259475242,24.47107511874236,0 72.99340259475025,24.46849261873995,0 72.98446984474191,24.45747036872967,0 72.97633584473436,24.45154036872417,0 72.97858109473646,24.4407833687141,0 72.98463334474206,24.43319386870706,0 72.98591909474328,24.42136061869604,0 72.97462984473276,24.40612761868186,0 72.9676760947263,24.40243561867839,0 72.95935734471851,24.39273011866936,0 72.95843084471767,24.3842618686615,0 72.96128234472036,24.38356261866084,0 72.96982059472828,24.38392586866121,0 72.97649234473448,24.38053411865804,0 72.98269309474028,24.37557411865339,0 72.98721859474449,24.36865236864696,0 72.98664659474395,24.36441111864304,0 72.97262809473091,24.35932711863825,0 72.96048934471958,24.35162711863109,0 72.95687609471622,24.34929286862894,0 72.94103434470145,24.3398331186201,0 72.92875284469005,24.33677486861728,0 72.92399559468561,24.333255368614,0 72.91886184468081,24.32692736860809,0 72.91601884467821,24.32785661860896,0 72.91049809467302,24.33343511861415,0 72.90496034466787,24.34114261862135,0 72.89548359465903,24.35211561863156,0 72.87918584464387,24.36155736864038,0 72.8629783446288,24.36655136864499,0 72.84850584461532,24.36677961864524,0 72.83382484460162,24.36559336864411,0 72.8240095945925,24.36581761864431,0 72.8100440945795,24.35906861863804,0 72.78789134455883,24.3610821186399,0 72.7674203445398,24.36171736864048,0 72.74321709451726,24.35856186863754,0 72.73377684450844,24.35990186863881,0 72.72701184450216,24.36234536864106,0 72.71194884448812,24.37665986865443,0 72.70110359447801,24.39247761866914,0 72.68793884446575,24.42046961869522,0 72.68716259446506,24.44262411871585,0 72.69208209446964,24.45381761872625,0 72.69182209446939,24.45839886873057,0 72.68758284446545,24.46135286873329,0 72.67913259445754,24.46041611873244,0 72.66891934444806,24.45820086873033,0 72.65310059443334,24.4577178687299,0 72.6337358444153,24.46279811873461,0 72.59846259438245,24.47053411874185,0 72.58279459436784,24.47396736874503,0 72.57665259436214,24.4789423687497,0 72.56851909435454,24.48965736875965,0 72.55338934434047,24.49618611876571,0 72.54606084433362,24.50190486877108,0 72.54196209432979,24.50717361877599,0 72.53881009432689,24.50844761877716,0 72.5363625943246,24.50646861877533,0 72.51286034430268,24.47464011874564,0 72.50793984429811,24.46622686873781,0 72.50575559429609,24.44905636872181,0 72.49456059428564,24.45199111872455,0 72.49838034428922,24.4325731187065,0 72.50394559429441,24.42000536869477,0 72.50162284429223,24.41159386868696,0 72.49489759428599,24.40902736868458,0 72.48130109427331,24.4071413686828,0 72.45847759425209,24.40890011868442,0 72.45758259425122,24.42273286869733,0 72.45509909424891,24.42864561870283,0 72.45144834424553,24.43466486870841,0 72.45006909424421,24.43994036871333,0 72.44000009423485,24.45011361872281,0 72.43050584422599,24.46238661873423,0 72.43250609422785,24.48093961875151,0 72.43948559423438,24.48960636875961,0 72.44208834423682,24.49517436876476,0 72.43954159423441,24.50148486877066,0 72.43642559423154,24.50611711877496,0 72.42992459422544,24.50725411877602,0 72.41989834421611,24.51024786877884,0 72.41499534421155,24.50999711877858,0 72.39150559418971,24.50227436877139,0 72.38430084418297,24.50086461877009,0 72.38009109417908,24.50253011877163,0 72.36466059416466,24.53083936879801,0 72.36864534416839,24.53201211879911,0 72.36903459416874,24.53369336880064,0 72.36800409416782,24.53560386880247,0 72.36772709416755,24.539425868806,0 72.36238334416254,24.53860286880524,0 72.35924709415963,24.54143236880788,0 72.35537659415604,24.54541911881159,0 72.35172709415264,24.55463111882017,0 72.34237009414392,24.55563886882111,0 72.33704134413898,24.55713236882252,0 72.33432684413646,24.55967561882488,0 72.32862534413113,24.56086686882599,0 72.32735559412993,24.5580281188233,0 72.33072934413309,24.5463248688124,0 72.32611559412879,24.54462436881085,0 72.29542709410021,24.54283736880916,0 72.28869659409395,24.54072511880719,0 72.28697259409233,24.54228686880867,0 72.28751934409286,24.54721036881324,0 72.28551534409098,24.55276911881845,0 72.28531509409078,24.55758386882292,0 72.28366309408926,24.56058986882573,0 72.27869209408465,24.55975961882496,0 72.26521434407209,24.55252011881822,0 72.24454884405282,24.58258836884619,0 72.27036659407685,24.60153761886386,0 72.27292959407924,24.60235311886458,0 72.2867490940921,24.59939711886187,0 72.29404709409891,24.6024411188647,0 72.29831684410289,24.59955461886199,0 72.30265634410694,24.59313961885601,0 72.30775934411167,24.58764586885093,0 72.31160809411529,24.58719511885051,0 72.31976709412288,24.58907536885227,0 72.33604384413803,24.59569311885843,0 72.33933209414107,24.6016101188639,0 72.34302459414454,24.60446311886659,0 72.34287184414438,24.61415061887561,0 72.34401359414545,24.6168258688781,0 72.34700409414825,24.61839686887953,0 72.34771059414891,24.6202506188813,0 72.34190009414351,24.62348861888427,0 72.33408809413623,24.6251836188859,0 72.3248448441276,24.61408986887556,0 72.31755834412081,24.61116786887283,0 72.30885634411271,24.61113661887276,0 72.30310084410735,24.61424436887569,0 72.29996834410446,24.6172503688785,0 72.29345084409834,24.61850111887964,0 72.28739909409273,24.61551486887686,0 72.26846834407507,24.62461111888535,0 72.26784884407454,24.62451536888523,0 72.25426309406186,24.62315736888399,0 72.2478533440559,24.62382136888459,0 72.24254809405096,24.62322686888405,0 72.23564684404454,24.62580886888645,0 72.22723259403671,24.63330936889344,0 72.22357159403327,24.63538361889539,0 72.20990334402057,24.62275186888359,0 72.20447009401551,24.6215663688825,0 72.20178484401299,24.61981686888089,0 72.20412134401516,24.61512886887652,0 72.20044409401174,24.61464511887607,0 72.19492284400661,24.61874286887985,0 72.17930909399206,24.61206086887364,0 72.16898309398243,24.61537861887672,0 72.15876609397293,24.61719161887845,0 72.15503434396948,24.61851136887963,0 72.15437034396882,24.62216136888304,0 72.14694209396191,24.63384136889391,0 72.14408559395923,24.63684211889671,0 72.13929084395477,24.63763261889744,0 72.12806084394435,24.6365886188965,0 72.11858234393549,24.63445786889451,0 72.11428709393152,24.63479111889484,0 72.10981409392735,24.63621261889613,0 72.09508734391363,24.6462298689055,0 72.08412959390341,24.65161461891051,0 72.07809959389783,24.65569611891431,0 72.0787178438984,24.66167086891983,0 72.07565209389554,24.67142811892893,0 72.08559234390481,24.67769311893477,0 72.07856884389827,24.69996961895555,0 72.07287634389291,24.70332361895862,0 72.04571484386764,24.70886011896379,0 72.03405309385676,24.69856186895419,0 72.02476984384816,24.69493486895083,0 72.00035659382542,24.6891806189455,0 71.99412109381961,24.68618936894268,0 71.98708009381306,24.68078611893765,0 71.98284709380908,24.67029311892787,0 71.98635034381238,24.65994236891822,0 71.98619509381223,24.65636086891493,0 71.98370234380991,24.65462911891331,0 71.97573259380249,24.6541193689128,0 71.97202534379903,24.65022386890916,0 71.96023384378805,24.64124711890082,0 71.95500234378318,24.64177611890131,0 71.94357384377253,24.63593136889585,0 71.94018584376937,24.63094961889123,0 71.93691634376631,24.63015586889048,0 71.93222634376195,24.63098461889126,0 71.92720534375729,24.63024886889059,0 71.92070109375123,24.63723211889709,0 71.9114773437426,24.64966286890865,0 71.90994834374118,24.65436161891307,0 71.91409059374507,24.65568586891431,0 71.9168050937476,24.65793086891637,0 71.91872684374937,24.66215611892028,0 71.91869434374934,24.66552261892343,0 71.91283409374387,24.67081486892835,0 71.90482634373643,24.67309611893052,0 71.89687259372903,24.67255561893001,0 71.88646659371932,24.66929661892698,0 71.88362834371668,24.67365211893099,0 71.8739785937077,24.67926636893623,0 71.86910059370314,24.67876236893579,0 71.86371434369812,24.67584036893305,0 71.85754084369239,24.6665458689244,0 71.85531009369032,24.65838661891678,0 71.85509134369011,24.65311836891186,0 71.86034259369501,24.63363811889377,0 71.86117534369578,24.62709311888767,0 71.85716109369201,24.62317361888398,0 71.85338959368852,24.6176921188789,0 71.85080259368613,24.60780986886971,0 71.84794184368343,24.60973561887147,0 71.83898634367512,24.61853161887967,0 71.83098909366765,24.62008086888113,0 71.81373434365162,24.62034261888136,0 71.80786609364611,24.62211236888299,0 71.80407209364262,24.62560861888625,0 71.80384534364237,24.62972336889009,0 71.80493834364341,24.63632011889626,0 71.80976184364789,24.64966286890865,0 71.80748984364578,24.65847836891686,0 71.8053360936438,24.66468536892268,0 71.80154984364026,24.6697406189274,0 71.79700159363603,24.6728921189303,0 71.79137634363076,24.67437461893167,0 71.78330309362326,24.67400411893135,0 71.77685509361726,24.67276311893016,0 71.75054384359277,24.66426861892228,0 71.73794334358104,24.65830636891673,0 71.72949684357314,24.65748411891593,0 71.70842384355353,24.65844911891685,0 71.67796809352518,24.64404661890342,0 71.66169459350999,24.64081211890045,0 71.65343009350232,24.63755161889737,0 71.64213184349177,24.64426161890361,0 71.64308484349266,24.64749286890663,0 71.64022159349003,24.65075211890968,0 71.63680709348682,24.65690036891539,0 71.63244059348273,24.66045611891872,0 71.62600309347675,24.66245111892056,0 71.6225823434736,24.66697561892477,0 71.61895159347017,24.66635361892423,0 71.61520909346672,24.6686838689264,0 71.61265159346431,24.67141761892895,0 71.610155343462,24.67281961893025,0 71.60841184346037,24.67513861893241,0 71.60183284345425,24.67302311893042,0 71.59663584344941,24.67003261892762,0 71.5895600934428,24.66838061892611,0 71.58418459343778,24.67013211892771,0 71.58138584343521,24.674724368932,0 71.57483809342909,24.68111286893798,0 71.56889984342359,24.68200311893878,0 71.56013059341541,24.67815861893519,0 71.54304684339951,24.67531936893255,0 71.53523259339221,24.67829561893536,0 71.52855834338601,24.6836516189403,0 71.51885409337694,24.68194386893873,0 71.51428309337268,24.68004561893696,0 71.51247059337101,24.68028261893721,0 71.50771859336658,24.68116661893799,0 71.49501159335477,24.67865761893569,0 71.47975009334056,24.67875936893574,0 71.46559009332736,24.66815486892591,0 71.4582005933205,24.66573911892363,0 71.45019784331305,24.66628886892414,0 71.44274809330608,24.66387586892194,0 71.43654559330031,24.65902761891738,0 71.42358584328827,24.65124111891015,0 71.42013609328501,24.6476591189068,0 71.41343609327879,24.64322036890269,0 71.40405109327003,24.64045986890011,0 71.39811084326453,24.63983761889949,0 71.39385134326056,24.63672161889661,0 71.39065234325756,24.63216161889238,0 71.38552909325279,24.63223236889246,0 71.38077734324838,24.63345611889355,0 71.37933134324703,24.62917361888958,0 71.3740123432421,24.62693186888748,0 71.37169584323993,24.62664286888724,0 71.36613834323475,24.6283351188888,0 71.36363934323242,24.63106136889132,0 71.35857784322769,24.63257811889275,0 71.3579583432271,24.63721536889711,0 71.35290659322243,24.64694886890612,0 71.34767059321752,24.65941136891774,0 71.34198134321224,24.65860961891701,0 71.3336533432045,24.6536468689124,0 71.31732609318931,24.64840536890751,0 71.31244209318476,24.64581461890509,0 71.30856109318114,24.64141711890102,0 71.30079509317386,24.62661186888721,0 71.29816784317143,24.62539561888605,0 71.28840134316232,24.61319311887473,0 71.27777809315245,24.61830586887947,0 71.25152159312802,24.62622461888685,0 71.24352034312057,24.62935811888974,0 71.23207684310989,24.63239186889257,0 71.22838909310644,24.63430336889439,0 71.19775409307795,24.64545086890473,0 71.18749459306838,24.64887411890794,0 71.16197834304461,24.65490436891355,0 71.13701959302136,24.66415886892218,0 71.10949234299574,24.67491011893219,0 71.10354584299017,24.67991011893685,0 71.09734084298441,24.68695911894337,0 71.08237334297047,24.67410536893141,0 71.07505209296363,24.66780486892554,0 71.06302184295242,24.66046036891873,0 71.05074734294101,24.6529093689117,0 71.03599059292725,24.64533036890464,0 71.02431034291641,24.64163536890118,0 71.01028034290334,24.63712436889699,0 71.00696634290023,24.62905686888951,0 71.00637184289968,24.62824711888873,0 71.00500234289842,24.62697711888756,0 70.99990509289364,24.62222561888314,0 70.99020084288463,24.60588686886791,0 70.98822359288278,24.59140461885443,0 70.99074809288516,24.58168336884534,0 70.99215309288644,24.57883661884273,0 70.99304684288728,24.57673461884075,0 70.9929550928872,24.57310586883739,0 70.98774159288234,24.54798136881396,0 70.99923484289303,24.53543386880227,0 71.00482659289827,24.52933986879662,0 71.00363459289713,24.50852161877719,0 71.00104734289471,24.49807661876747,0 70.99681759289081,24.47320761874431,0 70.99626809289026,24.45342261872588,0 70.99681109289077,24.44879086872157,0 70.99953809289332,24.44632586871927,0 71.00664559289993,24.44369486871688,0 71.01247434290536,24.44158186871488,0 71.02611009291809,24.43720061871078,0 71.02796609291977,24.43659386871025,0 71.03041684292208,24.43707361871065,0 71.08397784297193,24.43891936871239,0 71.10854059299481,24.43717336871078,0 71.11375034299971,24.43381211870763,0 71.12196634300733,24.42100461869569,0 71.12370259300894,24.41986186869462,0 71.12328984300859,24.41499236869009,0 71.12134609300676,24.40785486868344,0 71.1145333430004,24.39901511867521,0 71.1115953429977,24.39695161867331,0 71.11097084299712,24.39680461867317,0 71.08279434297083,24.38974261866662,0 71.0776550929661,24.38765911866466,0 71.07623909296473,24.38661736866367,0 71.0663915929556,24.37852836865614,0 71.06469959295401,24.37467736865256,0 71.05706409294692,24.36336486864201,0 71.05654059294642,24.36310611864178,0 71.0556500929456,24.36193336864067,0 71.0519015929421,24.36098386863983,0 71.03632534292757,24.35368436863303,0 71.02278084291498,24.35179311863123,0 71.01813609291065,24.35160686863111,0 71.01444234290722,24.35157536863107,0 71.00570134289904,24.35243611863183,0 71.00200309289562,24.35333336863271,0 70.99828084289214,24.35608611863524,0 70.99354284288773,24.35975486863867,0 70.99183434288614,24.36251486864126,0 70.99013259288455,24.36528436864382,0 70.98742884288203,24.36711161864553,0 70.9837438428786,24.36615511864466,0 70.9810608428761,24.36520411864376,0 70.97638009287175,24.36239411864113,0 70.97071009286645,24.35865186863765,0 70.96301259285929,24.35488686863414,0 70.95630834285305,24.3539063686332,0 70.94858734284588,24.3529256186323,0 70.94525709284278,24.35011836862969,0 70.94159634283938,24.34638961862623,0 70.936923092835,24.34356736862361,0 70.93325584283161,24.34076286862097,0 70.92657659282537,24.33608036861666,0 70.9215703428207,24.3329566186137,0 70.91769534281707,24.33003561861102,0 70.91550409281507,24.32622911860744,0 70.91411409281375,24.32523361860654,0 70.91349884281317,24.32396311860532,0 70.90983184280975,24.32256036860406,0 70.90984284280978,24.32165686860321,0 70.90614084280634,24.31896711860071,0 70.90396434280433,24.31635161859828,0 70.90026109280086,24.31418311859625,0 70.8989160927996,24.31362361859573,0 70.89837509279909,24.31262286859476,0 70.89523734279618,24.31111261859336,0 70.89392409279498,24.30989061859225,0 70.88822909278963,24.30799111859045,0 70.88153784278342,24.30516036858785,0 70.87887334278093,24.30329511858611,0 70.87621784277849,24.3004893685835,0 70.87355659277597,24.29769211858087,0 70.87312134277556,24.29367111857715,0 70.87262409277514,24.29084586857448,0 70.87265284277515,24.28788111857176,0 70.87375534277618,24.28289961856712,0 70.87551809277784,24.27928836856375,0 70.8774530927796,24.27577036856047,0 70.883207842785,24.27185636855683,0 70.8906263427919,24.2691413685543,0 70.89500684279596,24.2673251185526,0 70.89939009280005,24.26550686855091,0 70.90679059280694,24.26371486854924,0 70.90613309280633,24.26186761854751,0 70.90421184280456,24.2599291185457,0 70.8966405927975,24.2571551185431,0 70.8807530927827,24.24799536853459,0 70.87975109278176,24.24821936853482,0 70.87900684278105,24.24774861853433,0 70.87854109278061,24.24682811853353,0 70.86778084277063,24.2448756185317,0 70.86695709276984,24.24471361853153,0 70.86317834276633,24.24514136853191,0 70.8603728427637,24.24582311853254,0 70.85959734276298,24.24600761853276,0 70.85442934275818,24.24495011853173,0 70.84977759275387,24.24279036852977,0 70.847792592752,24.24133636852838,0 70.84637334275067,24.23893111852612,0 70.84494284274933,24.23732336852465,0 70.839218342744,24.23248811852017,0 70.83347284273867,24.22926386851714,0 70.81385834272038,24.22669961851477,0 70.79597934270373,24.2241471185124,0 70.78243209269112,24.22163136851003,0 70.76713184267686,24.22070436850919,0 70.7587698426691,24.21983411850835,0 70.74865984265966,24.2197391185083,0 70.74101709265256,24.22006486850859,0 70.73408734264609,24.22069136850917,0 70.72723059263973,24.21904286850764,0 70.72160334263447,24.21694711850569,0 70.7112463426248,24.2177646185064,0 70.71075134262435,24.21730311850598,0 70.68834059260348,24.22069436850916,0 70.66914159258562,24.22073911850919,0 70.64427234256243,24.22501261851318,0 70.61042459253093,24.23934986852652,0 70.60228909252334,24.24268361852966,0 70.59650884251795,24.245217868532,0 70.59268784251441,24.24613486853286,0 70.58156984250405,24.24888336853542,0 70.57563359249855,24.25264386853894,0 70.57386834249689,24.25548611854157,0 70.5751693424981,24.26219886854784,0 70.57651909249932,24.26508011855048,0 70.57787209250063,24.26795236855315,0 70.58128009250379,24.27276861855768,0 70.58155384250404,24.27849761856299,0 70.57972784250234,24.28613036857012,0 70.57685184249965,24.29469286857807,0 70.5770795924999,24.30425311858698,0 70.57426259249723,24.30804136859052,0 70.57350634249656,24.31280736859497,0 70.57274759249583,24.31853761860026,0 70.56887909249224,24.3232738686047,0 70.56708384249055,24.32802436860914,0 70.56421784248789,24.33563436861618,0 70.56023959248421,24.34897586862866,0 70.55949409248348,24.35279211863218,0 70.56189609248571,24.35472536863398,0 70.56430284248796,24.35666111863577,0 70.57266059249577,24.36028186863917,0 70.57390909249693,24.36129061864012,0 70.57836059250104,24.36529861864386,0 70.57960109250223,24.3667936186452,0 70.58135534250385,24.37029011864848,0 70.58416834250647,24.3757733686536,0 70.58699409250909,24.38026036865779,0 70.59034009251224,24.38624661866334,0 70.59156859251334,24.38873961866568,0 70.5938410925155,24.39421936867075,0 70.59611684251757,24.39969011867589,0 70.59839959251974,24.40417386868006,0 70.59960709252084,24.40865161868419,0 70.59923509252053,24.40963936868514,0 70.59453409251614,24.41157311868693,0 70.5876413425097,24.41546736869054,0 70.5807648425033,24.41837236869327,0 70.57605434249894,24.42080586869554,0 70.57315834249624,24.42209311869675,0 70.56705159249054,24.42070786869544,0 70.56077284248471,24.41915961869398,0 70.55450834247887,24.41611686869118,0 70.54824609247299,24.41307886868833,0 70.5419845924672,24.41003361868548,0 70.53408134245984,24.40845561868401,0 70.52134259244798,24.40535161868116,0 70.5086000924361,24.40223711867821,0 70.49905159242718,24.39964661867583,0 70.48186834241119,24.39490311867138,0 70.47521134240498,24.39273936866937,0 70.47412534240397,24.39253836866919,0 70.46884259239908,24.39019186866705,0 70.4625628423932,24.3878388686648,0 70.4567635923878,24.38685786866392,0 70.44849284238012,24.38493186866213,0 70.44368559237563,24.38396161866121,0 70.44137359237351,24.38348086866074,0 70.42960584236255,24.38197511865934,0 70.42480959235809,24.38055261865804,0 70.41853409235222,24.37819336865584,0 70.40830434234266,24.37349411865148,0 70.40155009233638,24.36975911864801,0 70.39277559232823,24.36410686864275,0 70.38741484232321,24.36070761863954,0 70.38641984232231,24.36037311863925,0 70.3846713423207,24.36000986863888,0 70.37718659231371,24.35686686863596,0 70.3720410923089,24.35410336863339,0 70.36565534230294,24.35445961863377,0 70.35458034229265,24.35366736863301,0 70.35234909229058,24.35406936863336,0 70.33111059227082,24.35168161863118,0 70.30365459224521,24.34852661862823,0 70.2710903422149,24.33551611861611,0 70.26865309221262,24.33454486861518,0 70.25836009220302,24.33192611861273,0 70.24562509219118,24.32497536860626,0 70.21944209216679,24.32261711860406,0 70.20076409214943,24.31535061859734,0 70.18717434213676,24.31085736859313,0 70.18289159213276,24.30946686859181,0 70.17130459212194,24.30655861858912,0 70.14965484210182,24.30239236858523,0 70.13958809209242,24.30157761858447,0 70.11997984207414,24.2982583685814,0 70.11061334206545,24.29573986857906,0 70.10890134206386,24.29498561857832,0 70.10773859206279,24.29402911857744,0 70.10374134205904,24.28289836856709,0 70.10157359205704,24.27903411856352,0 70.09991809205547,24.27629911856093,0 70.09548159205133,24.26762711855287,0 70.08830934204468,24.24720561853382,0 70.07597459203316,24.22443961851263,0 70.07243334202991,24.21781386850648,0 70.0673975920252,24.20279286849251,0 70.0652425920232,24.19849711848849,0 70.0644090920224,24.19759161848765,0 70.06346534202152,24.19713811848721,0 70.0512015920101,24.19060161848114,0 70.04322409200267,24.18330386847435,0 70.0419433420015,24.18213136847323,0 70.0381028419979,24.17857036846994,0 70.02471659198545,24.1720163684638,0 70.01711984197834,24.17049036846242,0 70.01612309197742,24.17033761846227,0 69.99755259196013,24.17049336846241,0 69.97984759194367,24.17135886846319,0 69.95262934191828,24.17163361846349,0 69.87820634184902,24.17114386846299,0 69.81138034178679,24.17241086846417,0 69.77184184174996,24.17180211846363,0 69.72977484171076,24.17226486846408,0 69.71471159169676,24.18452636847547,0 69.60393534159357,24.2816446185659,0 69.59513984158536,24.28831911857213,0 69.594721341585,24.2905411185742,0 69.58757034157833,24.29174561857531,0 69.56310209155555,24.28320036856735,0 69.53959909153366,24.27784411856237,0 69.53518259152952,24.27753136856211,0 69.5113023415073,24.27210136855706,0 69.48415784148199,24.2682163685534,0 69.480938591479,24.26866511855383,0 69.46711509146616,24.27069661855574,0 69.44944884144968,24.27943161856388,0 69.44277359144348,24.28043811856481,0 69.43707909143814,24.27992386856431,0 69.40109209140462,24.27267961855756,0 69.37479684138015,24.27082136855586,0 69.3645155913706,24.27212886855705,0 69.35265109135952,24.27360961855846,0 69.3515333413585,24.27439536855917,0 69.33237209134063,24.2767993685614,0 69.30836084131829,24.28112736856542,0 69.25026809126416,24.25970261854548,0 69.19251384121037,24.23835436852562,0 69.13975534116128,24.25743261854336,0 69.13449884115636,24.25872961854458,0 69.12950159115172,24.26056411854631,0 69.09780609112221,24.27253661855747,0 69.09177284111655,24.27275886855767,0 69.07275084109887,24.26279536854838,0 69.03975884106814,24.24547511853222,0 69.03502584106371,24.24256011852952,0 69.03461384106333,24.24201586852899,0 69.02882159105792,24.234508618522,0 69.02193234105152,24.22995636851778,0 69.00767634103823,24.22390386851214,0 69.00495859103575,24.22361911851186,0 68.98934709102116,24.22806086851603,0 68.98333759101558,24.23244336852008,0 68.98285434101513,24.23382636852142,0 68.98185384101419,24.23380761852139,0 68.97268459100565,24.26073136854643,0 68.96882559100209,24.27213011855707,0 68.95682384099086,24.28882836857264,0 68.94295084097797,24.30254411858539,0 68.93343159096912,24.29604361857934,0 68.91422159095123,24.28489186856893,0 68.90251634094034,24.27502411855977,0 68.8987285909368,24.26951786855466,0 68.8945760909329,24.26167361854732,0 68.8938185909322,24.2590648685449,0 68.89323234093166,24.25753761854349,0 68.88434084092341,24.2255941185137,0 68.87817784091766,24.21530811850414,0 68.87527334091493,24.21366336850264,0 68.87336434091316,24.21302836850202,0 68.87117559091115,24.21242386850145,0 68.86770209090787,24.21235636850139,0 68.8661225909064,24.21257186850158,0 68.85857409089937,24.21350611850249,0 68.85855459089936,24.21419961850313,0 68.85422684089536,24.21638111850513,0 68.85255159089377,24.217263868506,0 68.85081659089219,24.22149036850988,0 68.84181684088379,24.25722736854317,0 68.84184809088379,24.25794336854386,0 68.84272684088461,24.27814261856264,0 68.84217384088413,24.28118286856551,0 68.84193534088388,24.28172661856599,0 68.82732809087031,24.31725336859909,0 68.82412659086731,24.31718186859905,0 68.82289609086615,24.31643636859831,0 68.82228234086557,24.31598761859788,0 68.81700809086067,24.31192486859413,0 68.80561159085005,24.31325736859538,0 68.79407034083931,24.30790511859039,0 68.7758055908223,24.30029136858331,0 68.77041859081731,24.29858761858168,0 68.76289109081029,24.29479436857815,0 68.76147534080894,24.29250836857603,0 68.76151734080901,24.29092961857458,0 68.76894834081594,24.28522061856927,0 68.76939584081634,24.27303086855789,0 68.76848609081549,24.25632636854238,0 68.7654793408127,24.19592061848608,0 68.76269809081009,24.13552836842985,0 68.76240534080983,24.12953036842424,0 68.76221059080962,24.12835686842317,0 68.7617563408092,24.12767911842252,0 68.76137034080887,24.12043911841579,0 68.76054434080811,24.10531036840172,0 68.75971859080732,24.09020936838766,0 68.75955459080717,24.08692261838456,0 68.75880584080647,24.08691386838456,0 68.75871359080639,24.08479636838257,0 68.75913384080678,24.08204911838004,0 68.7591288408068,24.08127061837934,0 68.75405209080202,23.98661286829116,0 68.75316509080125,23.97006586827576,0 68.75245309080054,23.96961411827533,0 68.75235059080046,23.96781911827367,0 68.75112334079932,23.96800136827381,0 68.74816909079658,23.96841936827423,0 68.71303959076386,23.96811111827395,0 68.66982334072361,23.96798386827379,0 68.66779534072174,23.96821236827401,0 68.66730084072123,23.96797486827381,0 68.66684759072081,23.968213868274,0 68.65725959071187,23.96838536827421,0 68.6545705907094,23.96809586827391,0 68.65359984070847,23.96807486827391,0 68.65115184070623,23.96822111827402,0 68.64352634069911,23.9685376182743,0 68.64304284069868,23.96806061827385,0 68.6383745906943,23.96818736827402,0 68.63614734069222,23.96836386827414,0 68.63518184069136,23.96811186827392,0 68.63456134069077,23.96793886827379,0 68.63148959068792,23.96802936827384,0 68.63048934068695,23.96822986827403,0 68.55093084061286,23.96815161827396,0 68.54945734061153,23.96815911827395,0 68.54799834061015,23.96771736827356,0 68.46001684052823,23.96813886827397,0 68.45512934052363,23.96798261827382,0 68.43056184050079,23.96761661827344,0 68.40728959047908,23.96628886827222,0 68.39552959046813,23.96563061827163,0 68.39428084046699,23.96649211827241,0 68.3913103404642,23.9675211182734,0 68.38645209045967,23.96628386827223,0 68.38460909045796,23.96698936827289,0 68.38329609045672,23.96744636827332,0 68.37721834045107,23.96965011827536,0 68.37228059044651,23.96614036827208,0 68.37178084044604,23.96273011826889,0 68.37183959044609,23.96070886826704,0 68.3720593404463,23.9600256182664,0 68.37474884044877,23.95254061825944,0 68.3766925904506,23.94923286825633,0 68.37763534045149,23.94682811825413,0 68.37652909045045,23.94370436825119,0 68.37530409044933,23.94204061824962,0 68.37458184044863,23.94202261824961,0 68.37431384044839,23.94268361825028,0 68.36920334044362,23.9416623682493,0 68.36373109043853,23.94357211825109,0 68.36072109043573,23.95433336826107,0 68.3612090904362,23.9547748682615,0 68.36046759043552,23.96813861827394,0 68.36007684043511,23.97554211828082,0 68.35854559043372,23.97755286828271,0 68.34852084042438,23.97729561828248,0 68.3444705904206,23.97582536828111,0 68.34194134041826,23.97440611827977,0 68.33884684041533,23.97095261827656,0 68.33931959041581,23.96761136827347,0 68.34046559041684,23.95928611826571,0 68.34030359041674,23.95712561826371,0 68.33973509041618,23.95384611826062,0 68.33783684041441,23.95034511825736,0 68.33522759041199,23.94544786825282,0 68.33716409041381,23.93928261824709,0 68.34420209042037,23.93807036824597,0 68.35041184042615,23.93960611824735,0 68.35219359042776,23.93826811824613,0 68.35033959042607,23.93338461824157,0 68.34694134042292,23.92985261823827,0 68.34044509041684,23.92968786823815,0 68.33157134040857,23.93361461824179,0 68.32806984040531,23.93390186824206,0 68.32715659040446,23.93396861824214,0 68.32505509040249,23.93414061824228,0 68.3215988403993,23.93267561824092,0 68.32124259039898,23.92783236823641,0 68.32163559039935,23.92301136823193,0 68.31819209039611,23.92085186822993,0 68.30869784038725,23.92061136822969,0 68.30211959038115,23.9232153682321,0 68.29697709037634,23.92791536823648,0 68.29406609037363,23.93336336824155,0 68.29344059037305,23.93749436824544,0 68.29127859037106,23.94296511825053,0 68.28771834036775,23.94494936825236,0 68.28275809036313,23.94343986825095,0 68.27713309035789,23.93914886824695,0 68.27304959035411,23.93352036824172,0 68.26680209034828,23.92507636823387,0 68.26418434034582,23.92064136822973,0 68.26386534034555,23.9144143682239,0 68.26473684034636,23.91051961822029,0 68.26956434035083,23.90788236821782,0 68.27441684035534,23.90455386821475,0 68.27926634035987,23.90122511821165,0 68.28281159036317,23.8997021182102,0 68.28439759036462,23.8969776182077,0 68.28323159036358,23.89395936820489,0 68.27901684035965,23.89270061820372,0 68.2734800903545,23.89394386820486,0 68.26789784034929,23.89679111820749,0 68.2612758403431,23.90076436821118,0 68.25536509033759,23.90072386821118,0 68.24272934032587,23.89495261820576,0 68.23160584031547,23.8878711181992,0 68.21845859030321,23.88299361819463,0 68.2126535902978,23.87921036819114,0 68.2088425902943,23.87502611818724,0 68.20519484029086,23.86541886817826,0 68.20175509028769,23.84899661816297,0 68.1996600902857,23.83669986815153,0 68.19899934028513,23.82624636814182,0 68.19988634028596,23.81311461812959,0 68.2007065902867,23.80225361811944,0 68.20157609028752,23.79002386810805,0 68.19948234028556,23.77772486809664,0 68.19587509028219,23.76674786808639,0 68.19071709027742,23.75844361807867,0 68.18503784027212,23.75241611807303,0 68.18352559027068,23.75020611807099,0 68.18036134026778,23.74440311806558,0 68.1767810902644,23.73640061805816,0 68.17554984026327,23.73021111805235,0 68.176343340264,23.71968511804255,0 68.17749034026508,23.71311836803642,0 68.17918734026665,23.70437411802829,0 68.17994059026734,23.69516186801974,0 68.17784384026544,23.6858741180111,0 68.17288634026079,23.67651736800235,0 68.16498459025343,23.66972061799601,0 68.15570759024479,23.66156661798845,0 68.14772709023737,23.65740086798456,0 68.13832284022862,23.65320461798063,0 68.12892234021984,23.64900136797673,0 68.12302659021435,23.64571711797367,0 68.11682009020859,23.64199736797019,0 68.1073153401997,23.63683936796542,0 68.10599409019852,23.63615436796476,0</coordinates></LinearRing></outerBoundaryIs>
          <innerBoundaryIs><LinearRing><coordinates> 72.95260959471227,20.31596986487261,0 72.96057209471968,20.33427911488968,0 72.96987959472835,20.33570961489102,0 72.97607959473413,20.33500736489032,0 72.97827934473617,20.33340811488886,0 72.98163959473931,20.3210243648773,0 72.97946684473726,20.31708836487365,0 72.97462984473276,20.3128361148697,0 72.97245559473072,20.30875036486589,0 72.97156184472993,20.29964386485739,0 72.96933509472785,20.29908561485689,0 72.96672384472538,20.29989461485763,0 72.96005459471917,20.30400511486146,0 72.95610884471552,20.30803711486521,0 72.9536155947132,20.31236286486927,0 72.95260959471227,20.31596986487261,0</coordinates></LinearRing></innerBoundaryIs>
          <innerBoundaryIs><LinearRing><coordinates> 74.17692134585246,22.38901936680327,0 74.17263159584849,22.39112111680527,0 74.1691130958452,22.39392711680784,0 74.16637459584268,22.39673561681048,0 74.16518709584153,22.40165186681503,0 74.16517109584152,22.40656686681962,0 74.16165634583825,22.41077361682352,0 74.158139595835,22.41357961682615,0 74.16085759583751,22.41568386682809,0 74.16553334584188,22.4163963668288,0 74.16826459584445,22.41921036683141,0 74.17177559584769,22.41920736683142,0 74.17333384584913,22.41570136682816,0 74.17373434584954,22.41148986682418,0 74.17414609584989,22.40657836681964,0 74.1741645958499,22.40165636681508,0 74.17533909585103,22.39674686681047,0 74.17690559585247,22.39394136680789,0 74.17848234585392,22.39112711680526,0 74.17692134585246,22.38901936680327,0</coordinates></LinearRing></innerBoundaryIs>
        </Polygon>
      </MultiGeometry>
    </Placemark>
  </Folder>
  <Folder id="FeatureLayer21">
    <name>GJ_Blocks</name>
    <Snippet></Snippet>
    <Placemark id="ID_210000">
      <name>Block 1</name>
      <description><![CDATA[<html xmlns:fo="http://www.w3.org/1999/XSL/Format" xmlns:msxsl="urn:schemas-microsoft-com:xslt">
<head>
<META http-equiv="Content-Type" content="text/html">
<meta http-equiv="content-type" content="text/html; charset=UTF-8">
</head>
<body style="margin:0px 0px 0px 0px;overflow:auto;background:#FFFFFF;">
<table style="font-family:Arial,Verdana,Times;font-size:12px;text-align:left;width:100%;border-collapse:collapse;padding:3px 3px 3px 3px">
<tr style="text-align:center;font-weight:bold;background:#9CBCE2">
<td>Block 1</td>
</tr>
<tr>
<td>
<table style="font-family:Arial,Verdana,Times;font-size:12px;text-align:left;width:100%;border-spacing:0px; padding:3px 3px 3px 3px">
<tr>
<td>OID</td>
<td>1</td>
</tr>
<tr bgcolor="#D4E4F3">
<td>Name</td>
<td>Block 1</td>
</tr>
<tr>
<td>FolderPath</td>
<td>GJ_Blocks/GJ_Blocks</td>
</tr>
<tr bgcolor="#D4E4F3">
<td>SymbolID</td>
<td>0</td>
</tr>
<tr>
<td>AltMode</td>
<td>0</td>
</tr>
<tr bgcolor="#D4E4F3">
<td>Base</td>
<td>0</td>
</tr>
<tr>
<td>Clamped</td>
<td>-1</td>
</tr>
<tr bgcolor="#D4E4F3">
<td>Extruded</td>
<td>0</td>
</tr>
<tr>
<td>Snippet</td>
<td></td>
</tr>
<tr bgcolor="#D4E4F3">
<td>PopupInfo</td>
<td>&lt;html xmlns:fo="http://www.w3.org/1999/XSL/Format" xmlns:msxsl="urn:schemas-microsoft-com:xslt"&gt;
&lt;head&gt;
&lt;META http-equiv="Content-Type" content="text/html"&gt;
&lt;meta http-equiv="content-type" content="text/html; charset=UTF-8"&gt;
&lt;/head&gt;
&lt;body style="margin:0px 0px 0px 0px;overflow:auto;background:#FFFFFF;"&gt;
&lt;table style="font-family:Arial,Verdana,Times;font-size:12px;text-align:left;width:100%;border-collapse:collapse;padding:3px 3px 3px 3px"&gt;
&lt;tr style="text-align:center;font-weight:bold;background:#9CBCE2"&gt;
&lt;td&gt;Block 1&lt;/td&gt;
&lt;/tr&gt;
&lt;tr&gt;
&lt;td&gt;
&lt;table style="font-family:Arial,Verdana,Times;font-size:12px;text-align:left;width:100%;border-spacing:0px; padding:3px 3px 3px 3px"&gt;
&lt;tr&gt;
&lt;td&gt;FID&lt;/td&gt;
&lt;td&gt;0&lt;/td&gt;
&lt;/tr&gt;
&lt;tr bgcolor="#D4E4F3"&gt;
&lt;td&gt;Id&lt;/td&gt;
&lt;td&gt;0&lt;/td&gt;
&lt;/tr&gt;
&lt;tr&gt;
&lt;td&gt;Blocks&lt;/td&gt;
&lt;td&gt;Block 1&lt;/td&gt;
&lt;/tr&gt;
&lt;/table&gt;
&lt;/td&gt;
&lt;/tr&gt;
&lt;/table&gt;
&lt;/body&gt;
&lt;/html&gt;</td>
</tr>
</table>
</td>
</tr>
</table>
</body>
</html>
]]></description>
      <styleUrl>#PolyStyle10</styleUrl>
      <MultiGeometry>
        <Polygon>
          <extrude>0</extrude>          <altitudeMode>clampToGround</altitudeMode>
          <outerBoundaryIs><LinearRing><coordinates> 68.06740143000007,24.43002970200007,0 68.06026304700003,22.89527735300004,0 71.71511515200007,22.87386220400003,0 71.75080706700004,24.39433778700004,0 68.06740143000007,24.43002970200007,0</coordinates></LinearRing></outerBoundaryIs>
        </Polygon>
      </MultiGeometry>
    </Placemark>
    <Placemark id="ID_210001">
      <name>Block 2</name>
      <description><![CDATA[<html xmlns:fo="http://www.w3.org/1999/XSL/Format" xmlns:msxsl="urn:schemas-microsoft-com:xslt">
<head>
<META http-equiv="Content-Type" content="text/html">
<meta http-equiv="content-type" content="text/html; charset=UTF-8">
</head>
<body style="margin:0px 0px 0px 0px;overflow:auto;background:#FFFFFF;">
<table style="font-family:Arial,Verdana,Times;font-size:12px;text-align:left;width:100%;border-collapse:collapse;padding:3px 3px 3px 3px">
<tr style="text-align:center;font-weight:bold;background:#9CBCE2">
<td>Block 2</td>
</tr>
<tr>
<td>
<table style="font-family:Arial,Verdana,Times;font-size:12px;text-align:left;width:100%;border-spacing:0px; padding:3px 3px 3px 3px">
<tr>
<td>OID</td>
<td>2</td>
</tr>
<tr bgcolor="#D4E4F3">
<td>Name</td>
<td>Block 2</td>
</tr>
<tr>
<td>FolderPath</td>
<td>GJ_Blocks/GJ_Blocks</td>
</tr>
<tr bgcolor="#D4E4F3">
<td>SymbolID</td>
<td>0</td>
</tr>
<tr>
<td>AltMode</td>
<td>0</td>
</tr>
<tr bgcolor="#D4E4F3">
<td>Base</td>
<td>0</td>
</tr>
<tr>
<td>Clamped</td>
<td>-1</td>
</tr>
<tr bgcolor="#D4E4F3">
<td>Extruded</td>
<td>0</td>
</tr>
<tr>
<td>Snippet</td>
<td></td>
</tr>
<tr bgcolor="#D4E4F3">
<td>PopupInfo</td>
<td>&lt;html xmlns:fo="http://www.w3.org/1999/XSL/Format" xmlns:msxsl="urn:schemas-microsoft-com:xslt"&gt;
&lt;head&gt;
&lt;META http-equiv="Content-Type" content="text/html"&gt;
&lt;meta http-equiv="content-type" content="text/html; charset=UTF-8"&gt;
&lt;/head&gt;
&lt;body style="margin:0px 0px 0px 0px;overflow:auto;background:#FFFFFF;"&gt;
&lt;table style="font-family:Arial,Verdana,Times;font-size:12px;text-align:left;width:100%;border-collapse:collapse;padding:3px 3px 3px 3px"&gt;
&lt;tr style="text-align:center;font-weight:bold;background:#9CBCE2"&gt;
&lt;td&gt;Block 2&lt;/td&gt;
&lt;/tr&gt;
&lt;tr&gt;
&lt;td&gt;
&lt;table style="font-family:Arial,Verdana,Times;font-size:12px;text-align:left;width:100%;border-spacing:0px; padding:3px 3px 3px 3px"&gt;
&lt;tr&gt;
&lt;td&gt;FID&lt;/td&gt;
&lt;td&gt;1&lt;/td&gt;
&lt;/tr&gt;
&lt;tr bgcolor="#D4E4F3"&gt;
&lt;td&gt;Id&lt;/td&gt;
&lt;td&gt;0&lt;/td&gt;
&lt;/tr&gt;
&lt;tr&gt;
&lt;td&gt;Blocks&lt;/td&gt;
&lt;td&gt;Block 2&lt;/td&gt;
&lt;/tr&gt;
&lt;/table&gt;
&lt;/td&gt;
&lt;/tr&gt;
&lt;/table&gt;
&lt;/body&gt;
&lt;/html&gt;</td>
</tr>
</table>
</td>
</tr>
</table>
</body>
</html>
]]></description>
      <styleUrl>#PolyStyle10</styleUrl>
      <MultiGeometry>
        <Polygon>
          <extrude>0</extrude>          <altitudeMode>clampToGround</altitudeMode>
          <outerBoundaryIs><LinearRing><coordinates> 70.79426374300004,22.79533999100005,0 70.78485011400005,21.75984087700004,0 71.57007224600005,21.75270249400006,0 71.57948587400006,22.78820160800007,0 70.79426374300004,22.79533999100005,0</coordinates></LinearRing></outerBoundaryIs>
        </Polygon>
      </MultiGeometry>
    </Placemark>
    <Placemark id="ID_210002">
      <name>Block 5</name>
      <description><![CDATA[<html xmlns:fo="http://www.w3.org/1999/XSL/Format" xmlns:msxsl="urn:schemas-microsoft-com:xslt">
<head>
<META http-equiv="Content-Type" content="text/html">
<meta http-equiv="content-type" content="text/html; charset=UTF-8">
</head>
<body style="margin:0px 0px 0px 0px;overflow:auto;background:#FFFFFF;">
<table style="font-family:Arial,Verdana,Times;font-size:12px;text-align:left;width:100%;border-collapse:collapse;padding:3px 3px 3px 3px">
<tr style="text-align:center;font-weight:bold;background:#9CBCE2">
<td>Block 5</td>
</tr>
<tr>
<td>
<table style="font-family:Arial,Verdana,Times;font-size:12px;text-align:left;width:100%;border-spacing:0px; padding:3px 3px 3px 3px">
<tr>
<td>OID</td>
<td>3</td>
</tr>
<tr bgcolor="#D4E4F3">
<td>Name</td>
<td>Block 5</td>
</tr>
<tr>
<td>FolderPath</td>
<td>GJ_Blocks/GJ_Blocks</td>
</tr>
<tr bgcolor="#D4E4F3">
<td>SymbolID</td>
<td>0</td>
</tr>
<tr>
<td>AltMode</td>
<td>0</td>
</tr>
<tr bgcolor="#D4E4F3">
<td>Base</td>
<td>0</td>
</tr>
<tr>
<td>Clamped</td>
<td>-1</td>
</tr>
<tr bgcolor="#D4E4F3">
<td>Extruded</td>
<td>0</td>
</tr>
<tr>
<td>Snippet</td>
<td></td>
</tr>
<tr bgcolor="#D4E4F3">
<td>PopupInfo</td>
<td>&lt;html xmlns:fo="http://www.w3.org/1999/XSL/Format" xmlns:msxsl="urn:schemas-microsoft-com:xslt"&gt;
&lt;head&gt;
&lt;META http-equiv="Content-Type" content="text/html"&gt;
&lt;meta http-equiv="content-type" content="text/html; charset=UTF-8"&gt;
&lt;/head&gt;
&lt;body style="margin:0px 0px 0px 0px;overflow:auto;background:#FFFFFF;"&gt;
&lt;table style="font-family:Arial,Verdana,Times;font-size:12px;text-align:left;width:100%;border-collapse:collapse;padding:3px 3px 3px 3px"&gt;
&lt;tr style="text-align:center;font-weight:bold;background:#9CBCE2"&gt;
&lt;td&gt;Block 5&lt;/td&gt;
&lt;/tr&gt;
&lt;tr&gt;
&lt;td&gt;
&lt;table style="font-family:Arial,Verdana,Times;font-size:12px;text-align:left;width:100%;border-spacing:0px; padding:3px 3px 3px 3px"&gt;
&lt;tr&gt;
&lt;td&gt;FID&lt;/td&gt;
&lt;td&gt;2&lt;/td&gt;
&lt;/tr&gt;
&lt;tr bgcolor="#D4E4F3"&gt;
&lt;td&gt;Id&lt;/td&gt;
&lt;td&gt;0&lt;/td&gt;
&lt;/tr&gt;
&lt;tr&gt;
&lt;td&gt;Blocks&lt;/td&gt;
&lt;td&gt;Block 5&lt;/td&gt;
&lt;/tr&gt;
&lt;/table&gt;
&lt;/td&gt;
&lt;/tr&gt;
&lt;/table&gt;
&lt;/body&gt;
&lt;/html&gt;</td>
</tr>
</table>
</td>
</tr>
</table>
</body>
</html>
]]></description>
      <styleUrl>#PolyStyle10</styleUrl>
      <MultiGeometry>
        <Polygon>
          <extrude>0</extrude>          <altitudeMode>clampToGround</altitudeMode>
          <outerBoundaryIs><LinearRing><coordinates> 71.20831591300004,21.75599118800005,0 71.19280307900004,20.87047818700006,0 72.17073559600004,20.85334630400007,0 72.18624843100008,21.73885930500006,0 71.20831591300004,21.75599118800005,0</coordinates></LinearRing></outerBoundaryIs>
        </Polygon>
      </MultiGeometry>
    </Placemark>
    <Placemark id="ID_210003">
      <name>Block 3</name>
      <description><![CDATA[<html xmlns:fo="http://www.w3.org/1999/XSL/Format" xmlns:msxsl="urn:schemas-microsoft-com:xslt">
<head>
<META http-equiv="Content-Type" content="text/html">
<meta http-equiv="content-type" content="text/html; charset=UTF-8">
</head>
<body style="margin:0px 0px 0px 0px;overflow:auto;background:#FFFFFF;">
<table style="font-family:Arial,Verdana,Times;font-size:12px;text-align:left;width:100%;border-collapse:collapse;padding:3px 3px 3px 3px">
<tr style="text-align:center;font-weight:bold;background:#9CBCE2">
<td>Block 3</td>
</tr>
<tr>
<td>
<table style="font-family:Arial,Verdana,Times;font-size:12px;text-align:left;width:100%;border-spacing:0px; padding:3px 3px 3px 3px">
<tr>
<td>OID</td>
<td>4</td>
</tr>
<tr bgcolor="#D4E4F3">
<td>Name</td>
<td>Block 3</td>
</tr>
<tr>
<td>FolderPath</td>
<td>GJ_Blocks/GJ_Blocks</td>
</tr>
<tr bgcolor="#D4E4F3">
<td>SymbolID</td>
<td>0</td>
</tr>
<tr>
<td>AltMode</td>
<td>0</td>
</tr>
<tr bgcolor="#D4E4F3">
<td>Base</td>
<td>0</td>
</tr>
<tr>
<td>Clamped</td>
<td>-1</td>
</tr>
<tr bgcolor="#D4E4F3">
<td>Extruded</td>
<td>0</td>
</tr>
<tr>
<td>Snippet</td>
<td></td>
</tr>
<tr bgcolor="#D4E4F3">
<td>PopupInfo</td>
<td>&lt;html xmlns:fo="http://www.w3.org/1999/XSL/Format" xmlns:msxsl="urn:schemas-microsoft-com:xslt"&gt;
&lt;head&gt;
&lt;META http-equiv="Content-Type" content="text/html"&gt;
&lt;meta http-equiv="content-type" content="text/html; charset=UTF-8"&gt;
&lt;/head&gt;
&lt;body style="margin:0px 0px 0px 0px;overflow:auto;background:#FFFFFF;"&gt;
&lt;table style="font-family:Arial,Verdana,Times;font-size:12px;text-align:left;width:100%;border-collapse:collapse;padding:3px 3px 3px 3px"&gt;
&lt;tr style="text-align:center;font-weight:bold;background:#9CBCE2"&gt;
&lt;td&gt;Block 3&lt;/td&gt;
&lt;/tr&gt;
&lt;tr&gt;
&lt;td&gt;
&lt;table style="font-family:Arial,Verdana,Times;font-size:12px;text-align:left;width:100%;border-spacing:0px; padding:3px 3px 3px 3px"&gt;
&lt;tr&gt;
&lt;td&gt;FID&lt;/td&gt;
&lt;td&gt;3&lt;/td&gt;
&lt;/tr&gt;
&lt;tr bgcolor="#D4E4F3"&gt;
&lt;td&gt;Id&lt;/td&gt;
&lt;td&gt;0&lt;/td&gt;
&lt;/tr&gt;
&lt;tr&gt;
&lt;td&gt;Blocks&lt;/td&gt;
&lt;td&gt;Block 3&lt;/td&gt;
&lt;/tr&gt;
&lt;/table&gt;
&lt;/td&gt;
&lt;/tr&gt;
&lt;/table&gt;
&lt;/body&gt;
&lt;/html&gt;</td>
</tr>
</table>
</td>
</tr>
</table>
</body>
</html>
]]></description>
      <styleUrl>#PolyStyle10</styleUrl>
      <MultiGeometry>
        <Polygon>
          <extrude>0</extrude>          <altitudeMode>clampToGround</altitudeMode>
          <outerBoundaryIs><LinearRing><coordinates> 70.48017489000006,22.80247837400003,0 69.23855559000003,22.83935815500007,0 69.19572529200008,21.39740478600004,0 70.43734459200004,21.36052500500006,0 70.48017489000006,22.80247837400003,0</coordinates></LinearRing></outerBoundaryIs>
        </Polygon>
      </MultiGeometry>
    </Placemark>
    <Placemark id="ID_210004">
      <name>Block 4</name>
      <description><![CDATA[<html xmlns:fo="http://www.w3.org/1999/XSL/Format" xmlns:msxsl="urn:schemas-microsoft-com:xslt">
<head>
<META http-equiv="Content-Type" content="text/html">
<meta http-equiv="content-type" content="text/html; charset=UTF-8">
</head>
<body style="margin:0px 0px 0px 0px;overflow:auto;background:#FFFFFF;">
<table style="font-family:Arial,Verdana,Times;font-size:12px;text-align:left;width:100%;border-collapse:collapse;padding:3px 3px 3px 3px">
<tr style="text-align:center;font-weight:bold;background:#9CBCE2">
<td>Block 4</td>
</tr>
<tr>
<td>
<table style="font-family:Arial,Verdana,Times;font-size:12px;text-align:left;width:100%;border-spacing:0px; padding:3px 3px 3px 3px">
<tr>
<td>OID</td>
<td>5</td>
</tr>
<tr bgcolor="#D4E4F3">
<td>Name</td>
<td>Block 4</td>
</tr>
<tr>
<td>FolderPath</td>
<td>GJ_Blocks/GJ_Blocks</td>
</tr>
<tr bgcolor="#D4E4F3">
<td>SymbolID</td>
<td>0</td>
</tr>
<tr>
<td>AltMode</td>
<td>0</td>
</tr>
<tr bgcolor="#D4E4F3">
<td>Base</td>
<td>0</td>
</tr>
<tr>
<td>Clamped</td>
<td>-1</td>
</tr>
<tr bgcolor="#D4E4F3">
<td>Extruded</td>
<td>0</td>
</tr>
<tr>
<td>Snippet</td>
<td></td>
</tr>
<tr bgcolor="#D4E4F3">
<td>PopupInfo</td>
<td>&lt;html xmlns:fo="http://www.w3.org/1999/XSL/Format" xmlns:msxsl="urn:schemas-microsoft-com:xslt"&gt;
&lt;head&gt;
&lt;META http-equiv="Content-Type" content="text/html"&gt;
&lt;meta http-equiv="content-type" content="text/html; charset=UTF-8"&gt;
&lt;/head&gt;
&lt;body style="margin:0px 0px 0px 0px;overflow:auto;background:#FFFFFF;"&gt;
&lt;table style="font-family:Arial,Verdana,Times;font-size:12px;text-align:left;width:100%;border-collapse:collapse;padding:3px 3px 3px 3px"&gt;
&lt;tr style="text-align:center;font-weight:bold;background:#9CBCE2"&gt;
&lt;td&gt;Block 4&lt;/td&gt;
&lt;/tr&gt;
&lt;tr&gt;
&lt;td&gt;
&lt;table style="font-family:Arial,Verdana,Times;font-size:12px;text-align:left;width:100%;border-spacing:0px; padding:3px 3px 3px 3px"&gt;
&lt;tr&gt;
&lt;td&gt;FID&lt;/td&gt;
&lt;td&gt;4&lt;/td&gt;
&lt;/tr&gt;
&lt;tr bgcolor="#D4E4F3"&gt;
&lt;td&gt;Id&lt;/td&gt;
&lt;td&gt;0&lt;/td&gt;
&lt;/tr&gt;
&lt;tr&gt;
&lt;td&gt;Blocks&lt;/td&gt;
&lt;td&gt;Block 4&lt;/td&gt;
&lt;/tr&gt;
&lt;/table&gt;
&lt;/td&gt;
&lt;/tr&gt;
&lt;/table&gt;
&lt;/body&gt;
&lt;/html&gt;</td>
</tr>
</table>
</td>
</tr>
</table>
</body>
</html>
]]></description>
      <styleUrl>#PolyStyle10</styleUrl>
      <MultiGeometry>
        <Polygon>
          <extrude>0</extrude>          <altitudeMode>clampToGround</altitudeMode>
          <outerBoundaryIs><LinearRing><coordinates> 70.71686934300004,20.73823011500008,0 70.73237484300006,20.72751611500007,0 70.74705409300003,20.72228211500004,0 70.78126659300005,20.71414186500004,0 70.81883384300005,20.69452986500005,0 70.81835759300003,20.71534311500005,0 70.79464559300004,20.72307886500005,0 70.84645934300005,20.71061936500007,0 70.87106559300008,20.71099686500003,0 70.87666434300007,20.72572936500006,0 70.90085009300003,20.73457586500007,0 70.91892284300008,20.74210011500003,0 70.94216509300003,20.73474961500006,0 70.97997734300003,20.73333711500004,0 70.99958334300004,20.74775886500004,0 71.01377259300006,20.73566611500007,0 71.07611084300004,20.73721911500007,0 71.07639984300005,20.75036611500008,0 71.08530334300008,20.76908836500007,0 71.09714784300007,20.77606736500007,0 71.10255209300004,20.75799461500003,0 71.14074634300005,20.75636336500003,0 71.14404451000007,20.75566976800008,0 71.14404451000007,21.31531524600007,0 69.88598949700008,21.31531524600007,0 70.06338609200003,21.14135961600005,0 70.13389534200007,21.07148336600005,0 70.20923259200003,21.01525536600008,0 70.22640534200008,21.00588086600004,0 70.26168634200008,20.97327036500008,0 70.37440959200006,20.89970936500004,0 70.37424046800004,20.89592945300006,0 70.40214409200007,20.88710286500003,0 70.44147334200005,20.85287161500003,0 70.48589609200008,20.83256086500006,0 70.51199034200005,20.81655261500003,0 70.54253709200003,20.80457386500007,0 70.56459809200004,20.81483686500007,0 70.58743159300008,20.81232486500005,0 70.56789559200007,20.79248111500004,0 70.60221609300004,20.77854436500007,0 70.67540234300003,20.75683136500004,0 70.71686934300004,20.73823011500008,0</coordinates></LinearRing></outerBoundaryIs>
        </Polygon>
      </MultiGeometry>
    </Placemark>
    <Placemark id="ID_210005">
      <name>Block 6</name>
      <description><![CDATA[<html xmlns:fo="http://www.w3.org/1999/XSL/Format" xmlns:msxsl="urn:schemas-microsoft-com:xslt">
<head>
<META http-equiv="Content-Type" content="text/html">
<meta http-equiv="content-type" content="text/html; charset=UTF-8">
</head>
<body style="margin:0px 0px 0px 0px;overflow:auto;background:#FFFFFF;">
<table style="font-family:Arial,Verdana,Times;font-size:12px;text-align:left;width:100%;border-collapse:collapse;padding:3px 3px 3px 3px">
<tr style="text-align:center;font-weight:bold;background:#9CBCE2">
<td>Block 6</td>
</tr>
<tr>
<td>
<table style="font-family:Arial,Verdana,Times;font-size:12px;text-align:left;width:100%;border-spacing:0px; padding:3px 3px 3px 3px">
<tr>
<td>OID</td>
<td>6</td>
</tr>
<tr bgcolor="#D4E4F3">
<td>Name</td>
<td>Block 6</td>
</tr>
<tr>
<td>FolderPath</td>
<td>GJ_Blocks/GJ_Blocks</td>
</tr>
<tr bgcolor="#D4E4F3">
<td>SymbolID</td>
<td>0</td>
</tr>
<tr>
<td>AltMode</td>
<td>0</td>
</tr>
<tr bgcolor="#D4E4F3">
<td>Base</td>
<td>0</td>
</tr>
<tr>
<td>Clamped</td>
<td>-1</td>
</tr>
<tr bgcolor="#D4E4F3">
<td>Extruded</td>
<td>0</td>
</tr>
<tr>
<td>Snippet</td>
<td></td>
</tr>
<tr bgcolor="#D4E4F3">
<td>PopupInfo</td>
<td>&lt;html xmlns:fo="http://www.w3.org/1999/XSL/Format" xmlns:msxsl="urn:schemas-microsoft-com:xslt"&gt;
&lt;head&gt;
&lt;META http-equiv="Content-Type" content="text/html"&gt;
&lt;meta http-equiv="content-type" content="text/html; charset=UTF-8"&gt;
&lt;/head&gt;
&lt;body style="margin:0px 0px 0px 0px;overflow:auto;background:#FFFFFF;"&gt;
&lt;table style="font-family:Arial,Verdana,Times;font-size:12px;text-align:left;width:100%;border-collapse:collapse;padding:3px 3px 3px 3px"&gt;
&lt;tr style="text-align:center;font-weight:bold;background:#9CBCE2"&gt;
&lt;td&gt;Block 6&lt;/td&gt;
&lt;/tr&gt;
&lt;tr&gt;
&lt;td&gt;
&lt;table style="font-family:Arial,Verdana,Times;font-size:12px;text-align:left;width:100%;border-spacing:0px; padding:3px 3px 3px 3px"&gt;
&lt;tr&gt;
&lt;td&gt;FID&lt;/td&gt;
&lt;td&gt;5&lt;/td&gt;
&lt;/tr&gt;
&lt;tr bgcolor="#D4E4F3"&gt;
&lt;td&gt;Id&lt;/td&gt;
&lt;td&gt;0&lt;/td&gt;
&lt;/tr&gt;
&lt;tr&gt;
&lt;td&gt;Blocks&lt;/td&gt;
&lt;td&gt;Block 6&lt;/td&gt;
&lt;/tr&gt;
&lt;/table&gt;
&lt;/td&gt;
&lt;/tr&gt;
&lt;/table&gt;
&lt;/body&gt;
&lt;/html&gt;</td>
</tr>
</table>
</td>
</tr>
</table>
</body>
</html>
]]></description>
      <styleUrl>#PolyStyle10</styleUrl>
      <MultiGeometry>
        <Polygon>
          <extrude>0</extrude>          <altitudeMode>clampToGround</altitudeMode>
          <outerBoundaryIs><LinearRing><coordinates> 73.65009284200005,21.31119084600004,0 72.58002886300005,21.34091484600003,0 72.57051101900004,20.99827246100006,0 73.64057499800003,20.96854846200006,0 73.65009284200005,21.31119084600004,0</coordinates></LinearRing></outerBoundaryIs>
        </Polygon>
      </MultiGeometry>
    </Placemark>
  </Folder>
</Document>
</kml>